kind,id,subreddit,author,title,selftext,score,ups,downs,num_comments,upvote_ratio,link_flair_text,over_18,spoiler,stickied,locked,url,permalink,created_utc,created_at_utc,date,edited,is_self,__source_file
submission,1ndqscm,formula1,racingplaybook,"In 1997, Villeneuve and Schumacher were 1st and 2nd on the points ranking, but never stood on the podium together","At the end of the 1997 season, Jacques Villeneuve with Williams and Michael Schumacher with Ferrari, were first and second on the points ranking. However, despite their individual successes through the season's 17 races, they never stood on the same podium together. Villeneuve went on to be crowned World Champion, while Schumacher was ultimately disqualified from championship contention after the last race, although he had accumulated the second most points behind Villeneuve. This anomaly has only occurred one other time, in 1950, but with far fewer races on the calendar (x7), a higher number of participating drivers, and questionable car reliability, the probability of it happening was significantly higher.",1635,1635,0,59,0.99,:post-statistics: Statistics,False,False,False,False,https://i.redd.it/w6avdnvaneof1.png,https://www.reddit.com/r/formula1/comments/1ndqscm/in_1997_villeneuve_and_schumacher_were_1st_and/,1757539594,2025-09-10T21:26:34Z,2025-09-10,FALSE,False,posts.part001.csv
submission,1ndpn3s,formula1,AsianCupcakes,The Aston Martin Formula 1 car - What’s the coolest thing about this car in your opinion?,,238,238,0,143,0.87,:post-discussion: Discussion,False,False,False,False,https://www.reddit.com/gallery/1ndpn3s,https://www.reddit.com/r/formula1/comments/1ndpn3s/the_aston_martin_formula_1_car_whats_the_coolest/,1757536760,2025-09-10T20:39:20Z,2025-09-10,FALSE,False,posts.part001.csv
submission,1ndq57a,formula1,WhiskeyCasper,F1 can learn some lessons from WEC,"I recently dove into the world of WEC and watched several races from this season. I’m very impressed with how well it’s run, especially in terms of safety and the consistency of decision-making from the Race Director. Full Course Yellow (FCY): Instead of bunching the field behind a Safety Car, every driver slows to a controlled speed of 80 kph while maintaining their position. The pit lane is closed. This eliminates the need for a VSC and adhering to a delta time. It effectively freezes the race and prevents anyone from taking advantage of gaps under the VSC. Virtual Safety Car (VSC): This works the same as a Full Course Yellow, except the pit lane remains open. Again, instead of monitoring a delta, cars are held to 80 kph throughout the VSC. This ensures no one gains an advantage by manipulating the delta. Safety Car with Wave-By Procedures: This is an area F1 could easily adopt. While you could argue F1 already has a similar system, WEC’s implementation is far more consistent. Each phase of the Safety Car is predictable and standardized, which provides better forecasting for teams to make strategic decisions. Overall, the procedural decisions made during WEC races appear far more consistent than anything I’ve seen in F1 over the past 12 years.",24,24,0,50,0.59,:post-discussion: Discussion,False,False,False,False,https://www.reddit.com/r/formula1/comments/1ndq57a/f1_can_learn_some_lessons_from_wec/,https://www.reddit.com/r/formula1/comments/1ndq57a/f1_can_learn_some_lessons_from_wec/,1757537982,2025-09-10T20:59:42Z,2025-09-10,FALSE,True,posts.part001.csv
submission,1ndp8hi,formula1,Task_Force-191,"[Mundo Deportivo] Verstappen picks the best drivers on the F1 grid for qualifying, overtaking, defending, racing, and mentality: ""Wow, this one's tough!""",,1604,1604,0,226,0.96,:post-news: News,False,False,False,False,https://www.mundodeportivo.com/motor/f1/20250910/1004000746/verstappen-elige-mejores-pilotos-parrilla-f1-clasificacion-adelantamientos-defensa-carrera-mentalidad-uf-dificil.html,https://www.reddit.com/r/formula1/comments/1ndp8hi/mundo_deportivo_verstappen_picks_the_best_drivers/,1757535778,2025-09-10T20:22:58Z,2025-09-10,FALSE,False,posts.part001.csv
submission,1ndmn4v,formula1,Agent_Kozak,Verstappen: F1 should revert to cars it used around 2010,,3162,3162,0,361,0.96,:post-news: News,False,False,False,False,https://www.autosport.com/f1/news/verstappen-f1-should-revert-to-2010-cars/10758296/,https://www.reddit.com/r/formula1/comments/1ndmn4v/verstappen_f1_should_revert_to_cars_it_used/,1757529738,2025-09-10T18:42:18Z,2025-09-10,FALSE,False,posts.part001.csv
submission,1ndgiuo,formula1,RangerPitiful4186,Fernando Alonso has now raced more than 1000 laps in Monza in his entire carreer. More than anyone else!,[source](https://www.statsf1.com/en/circuit-monza/stats-tour-parcouru.aspx),1426,1426,0,33,0.98,:post-statistics: Statistics,False,False,False,False,https://i.redd.it/8wgjpb67qcof1.png,https://www.reddit.com/r/formula1/comments/1ndgiuo/fernando_alonso_has_now_raced_more_than_1000_laps/,1757516327,2025-09-10T14:58:47Z,2025-09-10,FALSE,False,posts.part001.csv
submission,1ndggse,formula1,RangerPitiful4186,[Stats] Red Bull equals Lotus as race wins in Monza: 5,5th place ex-aequo for the british and austrian teams after the triumph of MV33 in Italy!,288,288,0,6,0.97,:post-statistics: Statistics,False,False,False,False,https://i.redd.it/3lfo3zpppcof1.png,https://www.reddit.com/r/formula1/comments/1ndggse/stats_red_bull_equals_lotus_as_race_wins_in_monza/,1757516197,2025-09-10T14:56:37Z,2025-09-10,FALSE,False,posts.part001.csv
submission,1ndf575,formula1,AliceLunar,"Pitlane Championship Round 16 - Monza: Williams back on top with a 1-2, Norris reclaims third as we see a lot movement in the midfield!","Taking the total pitlane time, removing the pitstop time to isolate the time spend in the lane to isolate driver performance and see if they can make a difference.",30,30,0,5,0.79,:post-statistics: Statistics,False,False,False,False,https://www.reddit.com/gallery/1ndf575,https://www.reddit.com/r/formula1/comments/1ndf575/pitlane_championship_round_16_monza_williams_back/,1757513140,2025-09-10T14:05:40Z,2025-09-10,FALSE,False,posts.part001.csv
submission,1ndily9,formula1,enesracing,Verstappen to Contest NLS Round in Porsche GT4 Car,,393,393,0,53,0.94,:post-news: News,False,False,False,False,https://sportscar365.com/other-series/n24/verstappen-to-contest-nls-round-in-porsche-gt4-car/,https://www.reddit.com/r/formula1/comments/1ndily9/verstappen_to_contest_nls_round_in_porsche_gt4_car/,1757520897,2025-09-10T16:14:57Z,2025-09-10,FALSE,False,posts.part001.csv
submission,1ndi4j1,formula1,Any_Inflation_2543,How Prost shaped the way Wolff manages Mercedes F1 drivers,,74,74,0,5,0.91,:post-news: News,False,False,False,False,https://www.autosport.com/f1/news/how-prost-shaped-the-way-wolff-manages-mercedes-f1-drivers/10758227/,https://www.reddit.com/r/formula1/comments/1ndi4j1/how_prost_shaped_the_way_wolff_manages_mercedes/,1757519850,2025-09-10T15:57:30Z,2025-09-10,FALSE,False,posts.part001.csv
submission,1ndfjen,formula1,T-RexEmpathyLeague,Piastri's champion mindset: How close Oscar came to DNF'ing during his pass on Leclerc at Monza - from Jolyon Palmer's F1TV Analysis,,4114,4114,0,315,0.95,:post-discussion: Discussion,False,False,False,False,https://i.redd.it/j4bt14l2jcof1.png,https://www.reddit.com/r/formula1/comments/1ndfjen/piastris_champion_mindset_how_close_oscar_came_to/,1757514038,2025-09-10T14:20:38Z,2025-09-10,FALSE,False,posts.part001.csv
submission,1ndevcy,formula1,lycan2005,Italian GP 2025 | Highlights | Comedy on F1 racing,,156,156,0,19,0.9,:post-video: Video,False,False,False,False,https://youtu.be/vCVQQt0Kd9U?si=A1MntXppz53TNQcb,https://www.reddit.com/r/formula1/comments/1ndevcy/italian_gp_2025_highlights_comedy_on_f1_racing/,1757512505,2025-09-10T13:55:05Z,2025-09-10,FALSE,False,posts.part001.csv
submission,1ndejnp,formula1,OldActiveYeast,"Bortoleto on how Alonso helped him get to F1 - F1 Beyond The Grid Podcast: ""I don't think I would be here without him""",,144,144,0,22,0.95,:post-video: Video,False,False,False,False,https://www.youtube.com/watch?v=WU7aUUdYfSU&pp=ygUYZ3JpbGwgdGhlIGdyaWQgQm9ydG9sZXRv,https://www.reddit.com/r/formula1/comments/1ndejnp/bortoleto_on_how_alonso_helped_him_get_to_f1_f1/,1757511714,2025-09-10T13:41:54Z,2025-09-10,FALSE,False,posts.part001.csv
submission,1nde61a,formula1,443610,Can Colton Herta's Cadillac bid be a game changer in F1's US conquest?,,103,103,0,81,0.84,:post-news: News,False,False,False,False,https://www.motorsport.com/f1/news/can-hertas-cadillac-bid-be-a-gamechanger-for-f1s-american-conquest/10758240/,https://www.reddit.com/r/formula1/comments/1nde61a/can_colton_hertas_cadillac_bid_be_a_game_changer/,1757510769,2025-09-10T13:26:09Z,2025-09-10,FALSE,False,posts.part001.csv
submission,1nd8xsc,formula1,dragbug0,Custom F1 LEGO minifigs,,53,53,0,4,0.89,:post-discussion: Discussion,False,False,False,False,https://www.reddit.com/gallery/1nd8xmf,https://www.reddit.com/r/formula1/comments/1nd8xsc/custom_f1_lego_minifigs/,1757494222,2025-09-10T08:50:22Z,2025-09-10,FALSE,False,posts.part001.csv
submission,1ndcqhg,formula1,RobbieJ4444,Whatever happened to Pascal Wehrlein?,"I remember in 2016, everybody was hyping up Wehrlein as the next best thing. He scored a point in a Manor, a car that should've been pointless in every season. He convincingly defeated Haryanto, and was mostly ahead of Ocon too (though it was much closer). Yet it was Ocon who got the seat in the far superior Force India car, whilst Wehrlein was booted to Sauber. In 2016, the Sauber was no better than the Manor. According to the points chart, Wehrlein's head to head racing record against Ericsson wasn't overly convincing, but he still scored two points finishes in a car that was effectively no better than a Manor. But then he was booted out of the team in favour of Charles Leclerc, and we never heard from him again. What happened to him? How did he go from a driver people were hyping up as the next Lewis Hamilton to this?",0,0,0,39,0.41,:post-discussion: Discussion,False,False,False,False,https://www.reddit.com/r/formula1/comments/1ndcqhg/whatever_happened_to_pascal_wehrlein/,https://www.reddit.com/r/formula1/comments/1ndcqhg/whatever_happened_to_pascal_wehrlein/,1757507039,2025-09-10T12:23:59Z,2025-09-10,FALSE,True,posts.part001.csv
submission,1ndceeq,formula1,seoinguk_sarangeayo,These are the drivers departing Monza with the momentum in their favour!,,1375,1375,0,193,0.95,:post-social-media: Social Media,False,False,False,False,https://i.redd.it/mcm9mhszvbof1.jpeg,https://www.reddit.com/r/formula1/comments/1ndceeq/these_are_the_drivers_departing_monza_with_the/,1757506112,2025-09-10T12:08:32Z,2025-09-10,FALSE,False,posts.part001.csv
submission,1ndan49,formula1,This-Narwhal-6541,Monaco GP 88-91 ( please share your stories if you´ve been there),"I am a Monaco GP fan (there, i said it) It´s maybe out of fashion to say it these days, but for someone who was born in 88, and grew up watching F1 in the 90´s, Monaco was the real deal. If someone was a great driver, he had to prove it in Monaco. This goes back to the days where actually the driver could make the difference, and that was more noticiable in tough tracks like Monte Carlo. I was trying to learn more about Senna´s pole lap in 88, one of the greatest laps ever in F1, never to be recorded, there is only a couple of seconds of it during the official tv broadcast of that day. But as i was watching it, i was absolutely in awe of everything. The weather was perfect, the cars (all of them) looked and sounded perfect, and i wondered how amazing it would be to be there, living and breething the whole experience, in the presence of true greatness. If you were there and have some cool story to tell about it, please do! Thanks",9,9,0,2,0.72,:post-discussion: Discussion,False,False,False,False,https://www.reddit.com/r/formula1/comments/1ndan49/monaco_gp_8891_please_share_your_stories_if_youve/,https://www.reddit.com/r/formula1/comments/1ndan49/monaco_gp_8891_please_share_your_stories_if_youve/,1757500580,2025-09-10T10:36:20Z,2025-09-10,FALSE,True,posts.part001.csv
submission,1ndbaq7,formula1,heidenreich137,"Ferrari sheds Zimmermann and Schmidt, but will it be a disaster?",,252,252,0,77,0.96,:post-news: News,False,False,False,False,https://it.motorsport.com/f1/news/f1-ferrari-cambia-pelle-perde-zimmermann-e-schmidt-ma-sara-un-danno/10758225/?s=09,https://www.reddit.com/r/formula1/comments/1ndbaq7/ferrari_sheds_zimmermann_and_schmidt_but_will_it/,1757502765,2025-09-10T11:12:45Z,2025-09-10,FALSE,False,posts.part001.csv
submission,1ndb5fa,formula1,RangerPitiful4186,"Lando Norris, Oscar Piastri insist title-deciding F1 races won't change approach to obeying McLaren team orders | Sky Sports F1 News",,667,667,0,320,0.93,:post-news: News,False,False,False,False,https://www.skysports.com/f1/news/12433/13427106/lando-norris-oscar-piastri-insist-title-deciding-f1-races-wont-change-approach-to-obeying-mclaren-team-orders,https://www.reddit.com/r/formula1/comments/1ndb5fa/lando_norris_oscar_piastri_insist_titledeciding/,1757502293,2025-09-10T11:04:53Z,2025-09-10,FALSE,False,posts.part001.csv
submission,1ndat8q,formula1,OldActiveYeast,Fernando Alonso on how he played mind games with Mark Webber in South Korea 2010.,"Transcription: **Fernando Alonso:** I remember once South Korea in 2010. It was a red flag in the middle of the race. It was very wet, aquaplaning everywhere. We stopped on the grid and it was Mark Webber first. I was second. I came to the, um, to the grid and I spoke with him. You know, the track is really bad. You know, his aquaplaning, it will be a disaster if we restart the race now. And I knew that the race was about to restart soon. He(Webber) said that I entered in his mind that the track was worse than what actually it was. And and he crashed after the restart. **Interviewer:** You wily old devil. **Fernando Alonso:** I was trying to use every single thing that was in my pocket. You know, in that day to to really win the race or keep the championship alive a little bit longer.",1479,1479,0,115,0.99,:post-video: Video,False,False,False,False,https://dubz.link/c/2f3362,https://www.reddit.com/r/formula1/comments/1ndat8q/fernando_alonso_on_how_he_played_mind_games_with/,1757501171,2025-09-10T10:46:11Z,2025-09-10,FALSE,False,posts.part001.csv
submission,1ndasw8,formula1,sppy1,Alonso rues ‘very frustrating’ retirement at Monza,,60,60,0,11,0.88,:post-news: News,False,False,False,False,https://www.formula1.com/en/latest/article/the-luck-is-not-with-us-this-year-alonso-rues-very-frustrating-retirement-at.5KdR2iGajAmfMGo8QpeR72,https://www.reddit.com/r/formula1/comments/1ndasw8/alonso_rues_very_frustrating_retirement_at_monza/,1757501139,2025-09-10T10:45:39Z,2025-09-10,FALSE,False,posts.part001.csv
submission,1ndaj1y,formula1,Latter-Sun3386,The new plan for the return of V8 engines,,170,170,0,76,0.92,:post-news: News,False,False,False,False,https://www.the-race.com/formula-1/whats-really-going-on-with-delayed-f1-v8s-return-plan/,https://www.reddit.com/r/formula1/comments/1ndaj1y/the_new_plan_for_the_return_of_v8_engines/,1757500195,2025-09-10T10:29:55Z,2025-09-10,FALSE,False,posts.part001.csv
submission,1nd19lu,formula1,imperatrixderoma,Sojourn to Maranello,,115,115,0,11,0.96,:post-photo: Photo,False,False,False,False,https://www.reddit.com/gallery/1nd19lu,https://www.reddit.com/r/formula1/comments/1nd19lu/sojourn_to_maranello/,1757467936,2025-09-10T01:32:16Z,2025-09-10,FALSE,False,posts.part001.csv
submission,1nd9689,formula1,InternationalBig2849,Has 2026 Australian GP volunteer registration really closed already?,"Hey everyone, I’m a bit confused about the volunteer (marshal/official) registration for the 2026 Formula 1 Australian Grand Prix in Melbourne. On the Motorsport Australia official website it clearly says: *“Registrations to be a volunteer Race Official at the Formula 1 Australian Grand Prix 2026 are now closed.”* But here’s the strange part: I can’t find **any announcement anywhere online** (news, forums, social media) that the 2026 registration was ever open in the first place. For the 2024 event, it opened in November 2023, and for the 2025 event it opened in June 2024 — so the timing has been different each year. Has anyone here seen when the 2026 registrations actually opened? Or is it possible that the wording on the website is misleading, and they just haven’t opened applications yet? Would love to hear if anyone has more info — thanks!",19,19,0,9,0.78,:post-discussion: Discussion,False,False,False,False,https://www.reddit.com/r/formula1/comments/1nd9689/has_2026_australian_gp_volunteer_registration/,https://www.reddit.com/r/formula1/comments/1nd9689/has_2026_australian_gp_volunteer_registration/,1757495161,2025-09-10T09:06:01Z,2025-09-10,FALSE,True,posts.part001.csv
submission,1nd8x98,formula1,zantkiller,FIA president Mohammed Ben Sulayem has today launched his re-election campaign with 'FIA For Members' and announced his presidential list,Mohammed Ben Sulayem - Candidate for FIA President Carmelo Sanz de Barros - Candidate for Head of FiA Senate Tim Shearman - Candidate for Deputy President Mobility Malcolm Wilson - Candidate for Deputy President Motorsport Fabiana Ecclestone - Candidate for VP Sport for South America Region Anna Nordkvist - Candidate for VP Sport for Europe Region Lung-Nien Lee - Candidate for VP Sport for Asia-Pacific Region Rodrigo Ferreira Rocha - Candidate for VP Sport for Africa Region Shaikh Abdulla bin Isa Al Khalifa - Candidate for VP Sport for MENA Region Daniel Coen - Candidate for VP Sport for North America Region Manuel Aviñó Roger - Candidate for VP Sport for Europe Region,676,676,0,49,0.93,:post-news: News,False,False,False,False,https://fiaformembers.com/,https://www.reddit.com/r/formula1/comments/1nd8x98/fia_president_mohammed_ben_sulayem_has_today/,1757494156,2025-09-10T08:49:16Z,2025-09-10,FALSE,False,posts.part001.csv
submission,1nd8spl,formula1,guihmds,Stats: Red Bull now five wins away from matching Mercedes' victory total,,2023,2023,0,88,0.98,:post-news: News,False,False,False,False,https://www.racefans.net/2025/09/10/stats-red-bull-now-five-wins-away-from-matching-mercedes-victory-total/,https://www.reddit.com/r/formula1/comments/1nd8spl/stats_red_bull_now_five_wins_away_from_matching/,1757493664,2025-09-10T08:41:04Z,2025-09-10,FALSE,False,posts.part001.csv
submission,1nd8bzs,formula1,ICumCoffee,Four rings and three stripes: adidas becomes official partner of the future Audi Formula 1 Team,,6754,6754,0,268,0.98,:post-news: News,False,False,False,False,https://www.audi-mediacenter.com/en/press-releases/four-rings-and-three-stripes-adidas-becomes-official-partner-of-the-future-audi-formula-1-team-16854,https://www.reddit.com/r/formula1/comments/1nd8bzs/four_rings_and_three_stripes_adidas_becomes/,1757491798,2025-09-10T08:09:58Z,2025-09-10,FALSE,False,posts.part001.csv
submission,1nd6dkp,formula1,Shroft,Renault CEO : Alpine staying in F1 ' For a long time ',,91,91,0,46,0.91,:post-quotes: Quotes,False,False,False,False,https://www.reuters.com/sports/formula1/renault-ceo-alpine-staying-f1-for-long-time-2025-09-10/,https://www.reddit.com/r/formula1/comments/1nd6dkp/renault_ceo_alpine_staying_in_f1_for_a_long_time/,1757484171,2025-09-10T06:02:51Z,2025-09-10,FALSE,False,posts.part001.csv
submission,1nd36kq,formula1,Replacement-Flashy,My Completely Unrealistic 2026 Season Wishlist,"This is my list of things I don't see as realistic, but would love to happen, to really kick off the new regulations with a bang. This my first post here y'all so please be gentle lol 1. Both the Aston and the Ferrari are beasts, so I can potentially see one last head-to-head dog fight between Lewis and Fernando. The two drivers that turned me from a casual fan to an F1 diehard, getting the chance at a truly storybook send-off at the top of the sport would be dope 2. Two and Three are connected, but I actually do hope Hadjar gets the ""promotion"" and absolutely kills it. It would be so much fun to watch someone go at it with Max in equal machinery. Max is genuinely one of the most fun and exciting drivers I have seen, and I always felt cheated that Daniel kinda ran from the challenge against him. I think Hadjar is a dog and ROTY, it would be cinema. 3. Because this is a new regulation cycle and all the PUs are brand new, technically, this would be the first year VCARB might actually live up to its ""sister team"" moniker and be on equal footing. If Yuki and Lawson are their drivers, there is a real fun thought experiment that Red Bull can do, the main car can be an aggressive, unhinged monster, while the VCARB can be a more balanced affair on equal PU with no hand-me-downs. Watching them this year has made me excited for the two teams to actually duke it out next year. 4. This is where it goes off the deep end. Both Bottas and/or Checo get podiums at COTA. I think it's cool to have an American works team in the biggest motorsport in the world, and call it bias, but I do think it would be a wonder for the sport for casual American fans to feel they might have a competitive team. I know Haas is also American, but they are, without a doubt, the poorest team in F1, and having Cadillac build an aura similar to the Tifosi would be cool. 5. In my hypothetical 99.99% won't happen dream season, Ferrari and Aston would be fighting out for the WCC. And I pray Williams just comes out of nowhere to beat both McLaren and Mercedes. We have had the same four teams at the top of the pecking order for so long. It would be so refreshing to see a true customer team (I say this just because Williams doesn't make a road car) in the mix. Also, their colors, kits, and drivers just scream Formula 1 to me; they feel Nostalgic! 6. This is a tiny one, but an Ollie/Gabi Podium or win would be dope just coz these two have been so refreshing this season. Ollie has been so impressive; I feel like Ferrari has their driver of the future, and Gabi just has this aggression and feel for the sport that is cool. (This one is definitely just for the vibes) 7. I did the worst math on earth, and the 2026 cars look like they'll be the smallest they have been since 2016/2017, so I'm on my hands and knees begging the universe for more fights. This season has made me feel like all the drivers have been in handcuffs, and I get the feeling they just want to let out. Zandvoort was a pretty good race because a lot of the drivers came back from the break with elbows out That's it that's the wishlist. I would love to hear everyone's thoughts. I don't think any of these will happen but new season, new regs if this isn't the time for wishful thinking when is. P.S.: Yes, I am a Ferrari fan, Williams is my midfield team of choice, and watching the king Hulkenberg bring a podium to my favorite backmarker team (I hate kick, Stake and the pickle rick green btw I liled them as Alfa Romeo and Charles is my guy of the current era) brought a tear to my eye.",0,0,0,18,0.44,:post-discussion: Discussion,False,False,False,False,https://www.reddit.com/r/formula1/comments/1nd36kq/my_completely_unrealistic_2026_season_wishlist/,https://www.reddit.com/r/formula1/comments/1nd36kq/my_completely_unrealistic_2026_season_wishlist/,1757473470,2025-09-10T03:04:30Z,2025-09-10,1757473934,True,posts.part001.csv
submission,1nd2r3f,formula1,formulapain,Who keeps the driver trophies? Drivers get replicas?,"This question is about the 1st, 2nd and 3rd place trophies the drivers get at the conclusion of each race. From what I understand, at some (most?) F1 teams, it is the team that keep those trophies, not the drivers. I read that in such cases, the driver gets a replica of the trophy (sometimes? most of the time? always?). Here is my question: who makes those replicas and when? I would think the teams themselves are not capable of making replicas of the trophy, especially those that are porcelain, very ornate/elaborate, etc. Is it the trophy manufacturers who provide the replica to the driver? Who requests/pays for the replicas: the teams, the drivers, the FIA? Do the trophy manufacturers make the replicas beforehand in anticipation that some teams keep the trophy so that the replica can be given to the driver?",25,25,0,32,0.71,:post-discussion: Discussion,False,False,False,False,https://www.reddit.com/r/formula1/comments/1nd2r3f/who_keeps_the_driver_trophies_drivers_get_replicas/,https://www.reddit.com/r/formula1/comments/1nd2r3f/who_keeps_the_driver_trophies_drivers_get_replicas/,1757472225,2025-09-10T02:43:45Z,2025-09-10,FALSE,True,posts.part001.csv
submission,1nd6c5t,formula1,AutoModerator,Ask r/Formula1 Anything - Daily Discussion Thread,"# Welcome to the [r/formula1](https://www.reddit.com/r/formula1/) Daily Discussion / Q&A thread. This thread is a hub for general discussion and questions about Formula 1, that don't need threads of their own. Are you new to Formula 1? This is the place for you. Ever wondered why it's called a lollipop man? Why the cars don't refuel during pitstops? Or when Mika will be back from his sabbatical? Ask any question you might have here, and the community will answer. Also make sure you check out our [guide for new fans](https://www.reddit.com/r/formula1/wiki/newtof1), and our [FAQ for new fans](https://www.reddit.com/r/formula1/wiki/faq). Are you a veteran fan, longing for the days of lollipop men, refueling during pitstops, and Mika Häkkinen? This is the place to introduce new fans to your passion and knowledge of the sport. Remember to keep it civil and welcoming! Gatekeeping within the Daily Discussion will subject users to disciplinary action. Have a meta question about the subreddit? Please [direct these to the moderators](https://www.reddit.com/message/compose/?to=/r/formula1) instead.",11,11,0,103,0.83,:post-daily-discussion: Daily Discussion,False,False,False,False,https://www.reddit.com/r/formula1/comments/1nd6c5t/ask_rformula1_anything_daily_discussion_thread/,https://www.reddit.com/r/formula1/comments/1nd6c5t/ask_rformula1_anything_daily_discussion_thread/,1757484039,2025-09-10T06:00:39Z,2025-09-10,FALSE,True,posts.part001.csv
submission,1nd5ifs,formula1,anthn885,"On This Day 2000, Michael Schumacher equals Ayrton Senna’s 41 F1 wins – Italian GP 2000",,331,331,0,21,0.97,:post-throwback: Throwback,False,False,False,False,https://streamain.com/AvY6Cbkv6vsyG7S/watch,https://www.reddit.com/r/formula1/comments/1nd5ifs/on_this_day_2000_michael_schumacher_equals_ayrton/,1757481019,2025-09-10T05:10:19Z,2025-09-10,FALSE,False,posts.part001.csv
submission,1ncwdjs,formula1,RLLukeYT,Gaps Between Teammates At The End Of The 2025 Italian GP,,1093,1093,0,94,0.97,:post-statistics: Statistics,False,False,False,False,https://i.redd.it/uc2w76ytn7of1.jpeg,https://www.reddit.com/r/formula1/comments/1ncwdjs/gaps_between_teammates_at_the_end_of_the_2025/,1757454937,2025-09-09T21:55:37Z,2025-09-09,FALSE,False,posts.part001.csv
submission,1ncwe66,formula1,sl4z3r,Oracle Red Bull Racing CEO Laurent Mekies on partnership with Carlyle Group,,45,45,0,18,0.77,:post-video: Video,False,False,False,False,https://www.youtube.com/watch?v=Nehd5IbHaHc,https://www.reddit.com/r/formula1/comments/1ncwe66/oracle_red_bull_racing_ceo_laurent_mekies_on/,1757454979,2025-09-09T21:56:19Z,2025-09-09,FALSE,False,posts.part001.csv
submission,1ncvmx9,formula1,TorchwoodRC,[OT] Times and Dates for Max Verstappens upcoming NLS races.,"**Max Verstappen will be racing three** [NLS ](https://www.nuerburgring-langstrecken-serie.de/de/startseite/)**races, two races this weekend and one on the 27th. Max is doing these races to get his DMSB Nordschleife Class A Permit, this allows Max to do 24hr races. Max will be racing a Cayman GT4 CS run by the Lionspeed team and a Ferrari 296 GT3 of Swiss squad Emil Frey Racing, if he gets his A permit.** *“Participation in an NLS event requires official licensing documents from the German Motor Sport Federation (DMSB). To obtain the so-called DMSB Permit Nordschleife (DPN), Verstappen must hit the classroom on Friday… Should he pass and thus secure the entry-level B Permit, he will be allowed to race in a category B car. To obtain the A Permit, Verstappen must, according to DMSB regulations, record ""at least two classified race results"" covering ""a minimum of 14 race laps in total. That would in theory mean competing again on Sunday in the Cayman GT4 CS to qualify for the top NLS class. However, one Saturday race could be enough for him to line up on Sunday in the Ferrari 296 GT3 of Swiss squad Emil Frey Racing, which is the real goal. That's because an ""individual case assessment by the DPN decision panel"" is possible under DMSB licensing rules.”* \- [Motorsport.com](https://au.motorsport.com/f1/news/verstappen-to-make-long-awaited-nordschleife-race-debut-this-weekend-/10757960/) **How to watch:** All races are streamed on the VLN YouTube (German and English commentary) [https://www.youtube.com/@VLNOFFICIAL](https://www.youtube.com/@VLNOFFICIAL) **NLS7 -** 65th ADAC ACAS Cup **- September 13, 2025 -**[ Event Website](https://www.nuerburgring-langstrecken-serie.de/de/2025-65-adac-acas-cup/) **NLS8 -** 64th ADAC Reinoldus Endurance Race **- September 14, 2025 -** [Event Website](https://www.nuerburgring-langstrecken-serie.de/de/2025-64-adac-reinoldus-langstreckenrennen/) **NLS9 -** 57th ADAC Barbarossa Prize - **September 27, 2025 -** [Event Website](https://www.nuerburgring-langstrecken-serie.de/de/2025-57-adac-barbarossapreis/) All races have the same start time. **Qualifying Start (1hr30min)** 8:30 am CEST 2:30 am EST 4:30 pm AEST **Race Start (4hr Race)** 12 pm CEST 6 am EST 8 pm AEST Other articles [Motor Sport DE](https://www.auto-motor-und-sport.de/formel-1/max-verstappen-faehrt-nordschleifen-rennen-nuerburgring-nls/) [Dive Bomb](https://www.dive-bomb.com/article/max-verstappen-set-to-compete-in-nls-7-8-and-9)",327,327,0,36,0.93,:post-off-topic: Off-Topic,False,False,False,False,https://www.reddit.com/r/formula1/comments/1ncvmx9/ot_times_and_dates_for_max_verstappens_upcoming/,https://www.reddit.com/r/formula1/comments/1ncvmx9/ot_times_and_dates_for_max_verstappens_upcoming/,1757453132,2025-09-09T21:25:32Z,2025-09-09,FALSE,True,posts.part001.csv
submission,1ncusai,formula1,MrCatkus,My first (of many) Monza Grand Prix,,626,626,0,13,0.97,:post-photo: Photo,False,False,False,False,https://www.reddit.com/gallery/1ncusai,https://www.reddit.com/r/formula1/comments/1ncusai/my_first_of_many_monza_grand_prix/,1757451123,2025-09-09T20:52:03Z,2025-09-09,FALSE,False,posts.part001.csv
submission,1ncubzv,formula1,withheld_mcfakename,F1 2025 Elimination Championship: Round 16 (Italian Grand Prix),,15,15,0,2,0.73,:post-misc: Misc,False,False,False,False,/r/u_withheld_mcfakename/comments/1ncubll/f1_2025_elimination_championship_round_16_italian/,https://www.reddit.com/r/formula1/comments/1ncubzv/f1_2025_elimination_championship_round_16_italian/,1757450109,2025-09-09T20:35:09Z,2025-09-09,FALSE,False,posts.part001.csv
submission,1ncu8nm,formula1,retchedBreak,Charles Leclerc is actually a decent pianist!,"I stumbled onto his Spotify account and his piano compositions aren't half bad! He claims that he's still learning and he uses piano as a way to de-stress. Since his fans pushed him to release more, he made an account and now uploads his music. I wouldn't say they're out of this world but it's really nice to see drivers put effort into other hobbies not related to sports",506,506,0,65,0.89,:post-misc: Misc,False,False,False,False,https://www.reddit.com/r/formula1/comments/1ncu8nm/charles_leclerc_is_actually_a_decent_pianist/,https://www.reddit.com/r/formula1/comments/1ncu8nm/charles_leclerc_is_actually_a_decent_pianist/,1757449904,2025-09-09T20:31:44Z,2025-09-09,FALSE,True,posts.part001.csv
submission,1nct98r,formula1,dmg924,The Red Bull car arrived today for F1 Arcade’s grand opening in Denver,,768,768,0,28,0.98,:post-photo: Photo,False,False,False,False,https://i.redd.it/co5q71ud27of1.jpeg,https://www.reddit.com/r/formula1/comments/1nct98r/the_red_bull_car_arrived_today_for_f1_arcades/,1757447730,2025-09-09T19:55:30Z,2025-09-09,FALSE,False,posts.part001.csv
submission,1ncupp1,formula1,OldActiveYeast,[OT] Ferrari chair John Elkann agrees to community service and pay 183 million euros to end tax fraud case.,,2357,2357,0,132,0.99,:post-off-topic: Off-Topic,False,False,False,False,https://www.reuters.com/business/autos-transportation/ferrari-chair-john-elkann-agrees-community-service-end-tax-fraud-case-2025-09-08/,https://www.reddit.com/r/formula1/comments/1ncupp1/ot_ferrari_chair_john_elkann_agrees_to_community/,1757450957,2025-09-09T20:49:17Z,2025-09-09,FALSE,False,posts.part001.csv
submission,1nc0kxo,formula1,urinasian,Built an open source play-by-play app — Timestamped for F1,"There are a lot of cool projects involving telemetry and other stats, but I haven't seen anything so far that actually documents everything that happens during the F1 weekend, apart from Wikipedia or certain blogs (which aren't all that comprehensive). Over the past few months, I've been working on and overengineering an app inspired by NHL/NBA's play-by-play features, where you can view an F1 session's events in chronological order. Each event has a description and certain tags like driver number, tyre compound, position, etc. Right now the app is pretty barebones and unpolished (frontend is not my passion), but at some point in the future I'd like to add features including: * searching for events by tagshead -20 out/posts.part001.csv * context for events (a circuit view of driver locations at the time of the event, driver positions) and more depending on what the community might find useful (if it can be done). There are a few issues/limitations right now with the data such as the occasional duplicate pit stop and drivers being marked as instigators when they are not, but they mostly stem from the raw data and the fact that there are tons of edge cases (for example, race control messages are always formatted so that the driver responsible for an incident is listed first, but there are cases where no driver is really responsible such as failing to follow the minimum delta time). Big shoutout to OpenF1 and Multiviewer, as it would have taken months just to figure out how to retrieve data from the F1 livetiming API. Anyway, the link to the app is [timestampedforf1.jeffreyjpz.com](https://timestampedforf1.jeffreyjpz.com), where data for the 2025 season should be up already. Ideas, fixes, and contributions are welcome either here or in the [repo](https://github.com/JeffreyJPZ/timestamped-for-f1), but since school has started I probably won't have time to go through them for a while. Hopefully someone finds this useful! https://preview.redd.it/7e6cnqpaz2of1.png?width=1895&format=png&auto=webp&s=41c53573e4a89dd49cb23b16d637a14a818c38da",9,9,0,3,0.77,:post-technical: Technical,False,False,False,False,https://www.reddit.com/r/formula1/comments/1nc0kxo/built_an_open_source_playbyplay_app_timestamped/,https://www.reddit.com/r/formula1/comments/1nc0kxo/built_an_open_source_playbyplay_app_timestamped/,1757367230,2025-09-08T21:33:50Z,2025-09-08,1757398364,True,posts.part001.csv
submission,1ncn81j,formula1,HangryQuince,Did this in my Chem Lab today,"So basically I had Chem lab today and the experiment was ""cyanotype blue printing"". Everyone was printing plant leaves and flowers so i thought i would do something different.",994,994,0,14,0.96,:post-photo: Photo,False,False,False,False,https://www.reddit.com/gallery/1ncn81j,https://www.reddit.com/r/formula1/comments/1ncn81j/did_this_in_my_chem_lab_today/,1757434422,2025-09-09T16:13:42Z,2025-09-09,FALSE,False,posts.part001.csv
submission,1ncp04l,formula1,Aratho,Italian Grand Prix Power Rankings,,4360,4360,0,275,0.94,:post-social-media: Social Media,False,False,False,False,https://i.redd.it/twl85tzpa6of1.jpeg,https://www.reddit.com/r/formula1/comments/1ncp04l/italian_grand_prix_power_rankings/,1757438421,2025-09-09T17:20:21Z,2025-09-09,FALSE,False,posts.part001.csv
submission,1ncn7v7,formula1,kcollantine,FIA summons Williams to 'Right of Review' hearing on Friday over Sainz's Dutch GP penalty,,490,490,0,18,0.98,:post-news: News,False,False,False,False,https://www.racefans.net/2025/09/09/fia-summons-williams-to-right-of-review-hearing-on-friday-over-sainzs-dutch-gp-penalty/,https://www.reddit.com/r/formula1/comments/1ncn7v7/fia_summons_williams_to_right_of_review_hearing/,1757434412,2025-09-09T16:13:32Z,2025-09-09,FALSE,False,posts.part001.csv
submission,1ncnc1y,formula1,Mercedes-AMGF1,Italian GP Race Debrief - Mercedes-AMG F1,,31,31,0,2,0.83,:post-video: Video,False,False,False,False,https://www.youtube.com/watch?v=MuNfuPQBPJs,https://www.reddit.com/r/formula1/comments/1ncnc1y/italian_gp_race_debrief_mercedesamg_f1/,1757434674,2025-09-09T16:17:54Z,2025-09-09,FALSE,False,posts.part001.csv
submission,1ncmcwd,formula1,Agent_Kozak,Renault CEO confirms long-term commitment to F1 with Alpine,,434,434,0,158,0.97,:post-news: News,False,False,False,False,https://www.autosport.com/f1/news/renault-ceo-confirms-long-term-commitment-to-f1-with-alpine/10758055/,https://www.reddit.com/r/formula1/comments/1ncmcwd/renault_ceo_confirms_longterm_commitment_to_f1/,1757432498,2025-09-09T15:41:38Z,2025-09-09,FALSE,False,posts.part001.csv
submission,1nclk54,formula1,NorthKoreanMissile7,"Red Bull, Aston and Racing Bulls have been testing at Monza today",,1030,1030,0,25,0.99,:post-photo: Photo,False,False,False,False,https://i.redd.it/iywuku0bn5of1.jpeg,https://www.reddit.com/r/formula1/comments/1nclk54/red_bull_aston_and_racing_bulls_have_been_testing/,1757430673,2025-09-09T15:11:13Z,2025-09-09,FALSE,False,posts.part001.csv
submission,1ncjnf9,formula1,enesracing,"'Perfection' from Verstappen, but how much as Red Bull gained?",,86,86,0,31,0.8,:post-news: News,False,False,False,False,https://racer.com/2025/09/09/-perfection-from-verstappen-but-how-much-as-red-bull-gained-,https://www.reddit.com/r/formula1/comments/1ncjnf9/perfection_from_verstappen_but_how_much_as_red/,1757426263,2025-09-09T13:57:43Z,2025-09-09,FALSE,False,posts.part001.csv
submission,1nciz3g,formula1,RangerPitiful4186,Max Verstappen's Nordschleife race debut set for weekend,,1671,1671,0,111,0.98,:post-news: News,False,False,False,False,https://www.motorsport.com/f1/news/verstappen-to-make-long-awaited-nordschleife-race-debut-this-weekend-/10757959/,https://www.reddit.com/r/formula1/comments/1nciz3g/max_verstappens_nordschleife_race_debut_set_for/,1757424603,2025-09-09T13:30:03Z,2025-09-09,FALSE,False,posts.part001.csv
submission,1ncjeww,formula1,abobblehatgirl,Current F1 Grid's Penalty Points,,761,761,0,85,0.99,:post-statistics: Statistics,False,False,False,False,https://i.redd.it/3lzqx1tc85of1.jpeg,https://www.reddit.com/r/formula1/comments/1ncjeww/current_f1_grids_penalty_points/,1757425687,2025-09-09T13:48:07Z,2025-09-09,FALSE,False,posts.part001.csv
submission,1nci3d0,formula1,the_simmszulation,Which Team would have the best inter team battle?,"(Ignoring realism of them having a dominant car) which team with a dominant car in 2026 would have the most entertaining driver battle? I think the top teams besides McLaren seem to have drivers that are the clear favorite. Russel at Mercedes, Max at Red Bull, Charles in Ferrari. I think you could maybe argue Kimi next year and Hamilton might improve but that’s an interesting if. Towards the midfield the Williams pair I think are a clear favorite. Albon and Sainz in a battle would be intense. I think it’s clear to say Albon has proved he is good enough to match and beat Carlos, now if in a title battle Albon might fall to pressure more than Carlos? I think that’s a question that still means a fight would go long between the two. Honorable mentions, Haas I think would have some really interesting veteran versus fast young kid. We will see if 2026 has an underdog story or a top team nailing it or if we’re lucky a close front two teams and a title battle! :)",0,0,0,28,0.5,:post-discussion: Discussion,False,False,False,False,https://www.reddit.com/r/formula1/comments/1nci3d0/which_team_would_have_the_best_inter_team_battle/,https://www.reddit.com/r/formula1/comments/1nci3d0/which_team_would_have_the_best_inter_team_battle/,1757422374,2025-09-09T12:52:54Z,2025-09-09,FALSE,True,posts.part001.csv
submission,1ncf4a9,formula1,Lemonandlimeelf,"Shocked seeing a Ferrari cap with number 1, which year from",,0,0,0,21,0.32,:post-discussion: Discussion,False,False,False,False,https://i.redd.it/d1yiolc684of1.jpeg,https://www.reddit.com/r/formula1/comments/1ncf4a9/shocked_seeing_a_ferrari_cap_with_number_1_which/,1757413351,2025-09-09T10:22:31Z,2025-09-09,FALSE,False,posts.part001.csv
submission,1nc4aq4,formula1,FavaWire,Pierre Wache on the Monza Podium,"In the fallout from the removal of Christian Horner, Wache suffered criticism from multiple corners (including mine) over his ability to lead Red Bull's design and technical team after Red Bull's loss of form that began in 2024, a decline that has and continued into this season. Monza was particularly bad last year, and Red Bull had a number of approaches this year to get on top of its issues and to try and excel at this particular race, bringing a number of rear wings with varying levels of cornering risk. According to sources, the solution hinged on a decision, made together with Max Verstappen, to allow the car to be configured for the best possible straightline speed while relying on Max's talent to solve the resulting corner stability losses. Wache, who had been criticized prior for overruling driver feedback (more pointedly by former driver Sergio Perez on a Mexican podcast), maintained he was skeptical of Max's suggestion, but on this occasion he gave in. The result was a dominant performance, and it was decided that Wache would receive the team's trophy, sharing the podium with Max Verstappen after the victory. Additional reading: [https://www.msn.com/en-gb/news/other/wach%C3%A9-on-verstappens-magic-bullet-initially-i-was-skeptical/ar-AA1M3UGU](https://www.msn.com/en-gb/news/other/wach%C3%A9-on-verstappens-magic-bullet-initially-i-was-skeptical/ar-AA1M3UGU)",27,27,0,1,0.73,:post-photo: Photo,False,False,False,False,https://i.redd.it/cw3cacl151of1.jpeg,https://www.reddit.com/r/formula1/comments/1nc4aq4/pierre_wache_on_the_monza_podium/,1757376668,2025-09-09T00:11:08Z,2025-09-09,FALSE,False,posts.part001.csv
submission,1nc1fd3,formula1,wikipediabrown007,James Hunt wallops a Marshall in the 1977 Canadian GP,,38,38,0,16,0.92,:post-throwback: Throwback,False,False,False,False,https://www.reddit.com/gallery/1nbxtfd,https://www.reddit.com/r/formula1/comments/1nc1fd3/james_hunt_wallops_a_marshall_in_the_1977/,1757369271,2025-09-08T22:07:51Z,2025-09-08,FALSE,False,posts.part001.csv
submission,1ncinbh,formula1,XtremePhotoDesign,Could the F1 streaming rights deal be Apple’s wild card for [today’s] event?,,131,131,0,35,0.89,:post-news: News,False,False,False,False,https://9to5mac.com/2025/09/08/could-the-f1-streaming-rights-deal-be-apples-wild-card-for-tomorrows-event/,https://www.reddit.com/r/formula1/comments/1ncinbh/could_the_f1_streaming_rights_deal_be_apples_wild/,1757423780,2025-09-09T13:16:20Z,2025-09-09,FALSE,False,posts.part001.csv
submission,1ncinrr,formula1,anthn885,Commentary team reactions as Max defends from Lando and Oscar retakes the place from Charles - ItalianGP,,121,121,0,18,0.91,:post-video: Video,False,False,False,False,https://streamain.com/en/6gGyfxZFjSlCOpj/watch,https://www.reddit.com/r/formula1/comments/1ncinrr/commentary_team_reactions_as_max_defends_from/,1757423813,2025-09-09T13:16:53Z,2025-09-09,FALSE,False,posts.part001.csv
submission,1ncgr46,formula1,Joseki100,Herta needs to earn F1 seat - Towriss | RACER,,81,81,0,64,0.83,:post-news: News,False,False,False,False,https://racer.com/2025/09/09/herta-needs-to-earn-f1-seat---towriss,https://www.reddit.com/r/formula1/comments/1ncgr46/herta_needs_to_earn_f1_seat_towriss_racer/,1757418693,2025-09-09T11:51:33Z,2025-09-09,FALSE,False,posts.part001.csv
submission,1ncg950,formula1,Lukeno94,Stroll's 16-second pit stop caused by slow tyre change and traffic light failure,,1192,1192,0,58,0.99,:post-news: News,False,False,False,False,https://www.racefans.net/2025/09/08/strolls-16-second-pit-stop-caused-by-slow-tyre-change-and-traffic-light-failure/,https://www.reddit.com/r/formula1/comments/1ncg950/strolls_16second_pit_stop_caused_by_slow_tyre/,1757417164,2025-09-09T11:26:04Z,2025-09-09,FALSE,False,posts.part001.csv
submission,1ncejb0,formula1,randomseocb,Lando Norris' recent slow pitstops [from lapfuel on IG],[https://www.instagram.com/p/DOWF1aniJwS/](https://www.instagram.com/p/DOWF1aniJwS/),5476,5476,0,610,0.96,:post-photo: Photo,False,False,False,False,https://i.redd.it/og89q00j14of1.jpeg,https://www.reddit.com/r/formula1/comments/1ncejb0/lando_norris_recent_slow_pitstops_from_lapfuel_on/,1757411211,2025-09-09T09:46:51Z,2025-09-09,FALSE,False,posts.part001.csv
submission,1nc1kh0,formula1,akruse11,Ferrari can become the first team in F1 history to finish top-2 in the constructors standings without a driver in the top-4.,"Leclerc and Hamilton are currently 5^(th) and 6th in the drivers standings, while Ferrari is 2^(nd) in the constructors. Mostly, I think this just really speaks to the dominance that Verstappen and Russell have had over their teammates. There only three seasons I can find that sort of had this happen in the past are below, but all have big asterisks (feel free to correct me in the comments if I have missed something): 2007: Mclaren was disqualified from the Constructors Championship, promoting Sauber BMW to 2^(nd) place without a driver in the top-4. However on pure points from their drivers, Sauber BMW was 3^(rd). 1971: Ferrari finished 2^(nd) in the constructors, with their best placed driver Jo Siffert tied for 4^(th) place 1966: Ferrari finished 2^(nd) in the constructors. John Surtees finished 2^(nd) in the drivers championship, but only raced the first three races for Ferrari before finishing the season with Cooper Maserati.",330,330,0,27,0.97,:post-statistics: Statistics,False,False,False,False,https://www.reddit.com/r/formula1/comments/1nc1kh0/ferrari_can_become_the_first_team_in_f1_history/,https://www.reddit.com/r/formula1/comments/1nc1kh0/ferrari_can_become_the_first_team_in_f1_history/,1757369613,2025-09-08T22:13:33Z,2025-09-08,1757415519,True,posts.part001.csv
submission,1nccy5x,formula1,punchinglines,"South African government approves bid for SA to host F1 Grand Prix at Kyalami for 3 years, starting in 2027",,610,610,0,64,0.97,:post-news: News,False,False,False,False,https://www.citizen.co.za/motoring/cabinet-approves-bid-sa-host-f1-grand-prix-kyalami/,https://www.reddit.com/r/formula1/comments/1nccy5x/south_african_government_approves_bid_for_sa_to/,1757404819,2025-09-09T08:00:19Z,2025-09-09,FALSE,False,posts.part001.csv
submission,1nccufj,formula1,DataOperator,"I checked which decade each F1 champion was born in. Ignoring the ""00s"" decade (1900-1909), in which only Farina was born (he won the championship at 44 years old), there were only 2 drivers born in the 70s (Räikkönen and Villeneuve). A decade of losers?",,387,387,0,80,0.9,:post-statistics: Statistics,False,False,False,False,https://i.redd.it/f7q8hwmog3of1.png,https://www.reddit.com/r/formula1/comments/1nccufj/i_checked_which_decade_each_f1_champion_was_born/,1757404379,2025-09-09T07:52:59Z,2025-09-09,FALSE,False,posts.part001.csv
submission,1nccsod,formula1,anthn885,"Moment Lewis, Charles and Carlos appear together in front of Ferrari fans at the Italian GP",,749,749,0,76,0.96,:post-video: Video,False,False,False,False,https://streamain.com/en/tb8wgtA4cb1xjb7/watch,https://www.reddit.com/r/formula1/comments/1nccsod/moment_lewis_charles_and_carlos_appear_together/,1757404169,2025-09-09T07:49:29Z,2025-09-09,FALSE,False,posts.part001.csv
submission,1ncc111,formula1,randomseocb,[F1 on Instagram] There was barely anything to separate Max and Lando at the start!,,568,568,0,272,0.92,:post-social-media: Social Media,False,False,False,False,https://streamain.com/LigBnYYlM9Fu8Uq/watch,https://www.reddit.com/r/formula1/comments/1ncc111/f1_on_instagram_there_was_barely_anything_to/,1757401170,2025-09-09T06:59:30Z,2025-09-09,FALSE,False,posts.part001.csv
submission,1nc8odu,formula1,marshmallow_metro,non-existent coverage of midfield battles in the TV direction,"So many good overtakes are just not shown in the last few races that it's criminal. I want to see more than just the top cars going around an empty track In monza itself the direction never showed: - Antonelli and Albon fighting, Antonelli's defence was great but was never shown and Albon managed to climb to P7 after overtaking multiple cars - Hamilton's overtakes at the start of the session were just mentioned by commentators but not one was shown - Tsunoda vs Lawson incident , there are a lot more like that I can't bring up from memory but they just don't show the midfield battles anymore, the whole race feels boring even when so many positions are changing",306,306,0,37,0.93,:post-discussion: Discussion,False,False,False,False,https://www.reddit.com/r/formula1/comments/1nc8odu/nonexistent_coverage_of_midfield_battles_in_the/,https://www.reddit.com/r/formula1/comments/1nc8odu/nonexistent_coverage_of_midfield_battles_in_the/,1757389324,2025-09-09T03:42:04Z,2025-09-09,1757410477,True,posts.part001.csv
submission,1nc7zhc,formula1,CanonNi,Radio Rewind | 2025 Italian Grand Prix,,26,26,0,6,0.8,:post-video: Video,False,False,False,False,https://youtu.be/KV3XFTPL2_8?si=x0RYwf8Hhyle-HL8,https://www.reddit.com/r/formula1/comments/1nc7zhc/radio_rewind_2025_italian_grand_prix/,1757387170,2025-09-09T03:06:10Z,2025-09-09,FALSE,False,posts.part001.csv
submission,1ncb4d8,formula1,AutoModerator,Ask r/Formula1 Anything - Daily Discussion Thread,"# Welcome to the [r/formula1](https://www.reddit.com/r/formula1/) Daily Discussion / Q&A thread. This thread is a hub for general discussion and questions about Formula 1, that don't need threads of their own. Are you new to Formula 1? This is the place for you. Ever wondered why it's called a lollipop man? Why the cars don't refuel during pitstops? Or when Mika will be back from his sabbatical? Ask any question you might have here, and the community will answer. Also make sure you check out our [guide for new fans](https://www.reddit.com/r/formula1/wiki/newtof1), and our [FAQ for new fans](https://www.reddit.com/r/formula1/wiki/faq). Are you a veteran fan, longing for the days of lollipop men, refueling during pitstops, and Mika Häkkinen? This is the place to introduce new fans to your passion and knowledge of the sport. Remember to keep it civil and welcoming! Gatekeeping within the Daily Discussion will subject users to disciplinary action. Have a meta question about the subreddit? Please [direct these to the moderators](https://www.reddit.com/message/compose/?to=/r/formula1) instead.",12,12,0,144,0.83,:post-daily-discussion: Daily Discussion,False,False,False,False,https://www.reddit.com/r/formula1/comments/1ncb4d8/ask_rformula1_anything_daily_discussion_thread/,https://www.reddit.com/r/formula1/comments/1ncb4d8/ask_rformula1_anything_daily_discussion_thread/,1757397648,2025-09-09T06:00:48Z,2025-09-09,FALSE,True,posts.part001.csv
submission,1nc06f1,formula1,RangerPitiful4186,Oliver Bearman close to F1 race ban after Italian GP collision,,1736,1736,0,176,0.98,:post-news: News,False,False,False,False,https://www.motorsport.com/f1/news/oliver-bearman-close-to-f1-race-ban-after-italian-gp-collision/10757641/,https://www.reddit.com/r/formula1/comments/1nc06f1/oliver_bearman_close_to_f1_race_ban_after_italian/,1757366267,2025-09-08T21:17:47Z,2025-09-08,FALSE,False,posts.part001.csv
submission,1nbznai,formula1,Flyinghippos94,Silverstone Festival 2025 - The Perfect Shot,,33,33,0,1,0.86,:post-photo: Photo,False,False,False,False,https://www.reddit.com/r/pics/comments/1nbz7u6/the_perfect_shot/?utm_source=share&utm_medium=web3x&utm_name=web3xcss&utm_term=1&utm_content=share_button,https://www.reddit.com/r/formula1/comments/1nbznai/silverstone_festival_2025_the_perfect_shot/,1757365023,2025-09-08T20:57:03Z,2025-09-08,FALSE,False,posts.part001.csv
submission,1nbxopg,formula1,Expensive_Ladder_486,[Alex Brundle] Clarifying a misunderstanding re Piastri-Norris,,4241,4241,0,1105,0.92,:post-social-media: Social Media,False,False,False,False,https://i.redd.it/z0bndxb5vznf1.png,https://www.reddit.com/r/formula1/comments/1nbxopg/alex_brundle_clarifying_a_misunderstanding_re/,1757360542,2025-09-08T19:42:22Z,2025-09-08,FALSE,False,posts.part001.csv
submission,1nbxfnt,formula1,Lele_,"Max posing for a picture with staff from PizzAut, a pizzeria run by autistic people that provided catering for the Monza GP this year.",,18572,18572,0,240,0.98,:post-photo: Photo,False,False,False,False,https://i.redd.it/fmfcsm82tznf1.jpeg,https://www.reddit.com/r/formula1/comments/1nbxfnt/max_posing_for_a_picture_with_staff_from_pizzaut/,1757359973,2025-09-08T19:32:53Z,2025-09-08,FALSE,False,posts.part001.csv
submission,1nbv4nh,formula1,RVXZENITH,"Laps led, 2025 season so far","**Laps** **led**, **2025** **season**: Piastri - 392 Norris - 241 Verstappen - 230 Leclerc - 48 Russell - 43 Antonelli - 11 Hamilton - 2 Albon - 1 Piastri is far and away the most consistent driver this season, the fact that despite such a showing he has not received the full support of Mclaren to do everything they can do to make him the clear cut winner is crazy to me. They have what might be the best / most talented driver since Verstappen.",148,148,0,142,0.69,:post-statistics: Statistics,False,False,False,False,https://www.reddit.com/r/formula1/comments/1nbv4nh/laps_led_2025_season_so_far/,https://www.reddit.com/r/formula1/comments/1nbv4nh/laps_led_2025_season_so_far/,1757354820,2025-09-08T18:07:00Z,2025-09-08,FALSE,True,posts.part001.csv
submission,1nbugnz,formula1,racingplaybook,[OC] Sebastian Vettel has never won a race starting from outside the top 3,,3852,3852,0,290,0.96,:post-statistics: Statistics,False,False,False,False,https://i.redd.it/b6yrm9j29znf1.png,https://www.reddit.com/r/formula1/comments/1nbugnz/oc_sebastian_vettel_has_never_won_a_race_starting/,1757353371,2025-09-08T17:42:51Z,2025-09-08,FALSE,False,posts.part001.csv
submission,1nbrne5,formula1,brownerboy96,Silverstone has just released prices for 2026…,"Absolutely insane, prices for grandstands up £60/70 approx from this year too. How do people afford this. A GA+ (not even grandstand and still bring your own chair) is now more than what Stowe cost me in 2021 for 3 days. This is without camping and or parking too! Cheapest 3 day GA ticket is £269. This is all before the inevitable rise due to dynamic pricing too by the way.",752,752,0,274,0.95,:post-discussion: Discussion,False,False,False,False,https://i.redd.it/qwrkshlhrynf1.jpeg,https://www.reddit.com/r/formula1/comments/1nbrne5/silverstone_has_just_released_prices_for_2026/,1757347204,2025-09-08T16:00:04Z,2025-09-08,FALSE,False,posts.part001.csv
submission,1nbryi7,formula1,PGRacer,Mclaren Pit Stop Drama. Lets explore the probable scenarios.,"Scenario 1) Lando pits first, Oscar pits second, both pit stops go as expected. Probable Result: Lando P2, Oscar P3. Oscar does an extra lap, Lando gets a 1 lap undercut on Piastri. Oscar \~4 seconds behind Lando after the stops. Scenario 2) Lando pits first, Oscar pits second, Oscar gets the slow stop. Was it an operator issue, or was it a gun issue. If a gun issue then stop 2 would've been slower i.e. Oscar's stop. Probable result: Lando P2, Oscar P4 behind Leclerc and Lando after the stops or \~8 seconds behind Lando (would've been close). Scenario 3) Oscar pits first, Lando pits second, both pit stops go as expected. Probable Result: Lando P2, Oscar P3. Lando does an extra lap, Oscar gets a 1 lap undercut on Lando. Oscar \~3 seconds behind Lando after the stops. Secnario 4) Oscar pits first, Lando pits second, Lando gets the slow stop. Actual result: Oscar P2, Lando P3. Team asks Oscar to let Lando by and they are free to race. Oscar is < 1 second behind Lando after letting him by. In terms of fighting for P2, Oscar was still given an advantage over Lando than all other scenarios with what Mclaren did by asking them to swap. Lando and Oscar did the right thing by the team. Which consists of hundreds of people at the fatcory not just themselves. Including the poor wheel gunner who either had bad equipment or a bad day at the office, we don't know. Oscar ended up closer to Lando in this scenario than any other. And it is possible that Oscar would've finished behind Leclerc if the stops were the other way around. I think given the awkward position they were all in, it actually was fair for Oscar to give up the position.",0,0,0,34,0.24,:post-discussion: Discussion,False,False,False,False,https://www.reddit.com/r/formula1/comments/1nbryi7/mclaren_pit_stop_drama_lets_explore_the_probable/,https://www.reddit.com/r/formula1/comments/1nbryi7/mclaren_pit_stop_drama_lets_explore_the_probable/,1757347870,2025-09-08T16:11:10Z,2025-09-08,1757348052,True,posts.part001.csv
submission,1nbta2n,formula1,FewCollar227,[Jonathan Wheatley] Off track this weekend we said farewell to the team motorhome which has travelled Europe for the past 20 years. The end of an era as we approach our next chapter as a team!,,1088,1088,0,66,0.99,:post-social-media: Social Media,False,False,False,False,https://www.reddit.com/gallery/1nbta2n,https://www.reddit.com/r/formula1/comments/1nbta2n/jonathan_wheatley_off_track_this_weekend_we_said/,1757350819,2025-09-08T17:00:19Z,2025-09-08,FALSE,False,posts.part001.csv
submission,1nbsp5k,formula1,DetectiveWonderful42,We need more 1 to 1 conversations like this. Schumacher and Senna,,83,83,0,31,0.67,:post-discussion: Discussion,False,False,False,False,https://www.reddit.com/gallery/1nbsp5k,https://www.reddit.com/r/formula1/comments/1nbsp5k/we_need_more_1_to_1_conversations_like_this/,1757349525,2025-09-08T16:38:45Z,2025-09-08,FALSE,False,posts.part001.csv
submission,1nbrpp1,formula1,anthn885,Albon and Antonelli’s moment on the track - ItalianGP,,134,134,0,10,0.98,:post-video: Video,False,False,False,False,https://streamain.com/YCOFOrrr2stpvsL/watch,https://www.reddit.com/r/formula1/comments/1nbrpp1/albon_and_antonellis_moment_on_the_track_italiangp/,1757347334,2025-09-08T16:02:14Z,2025-09-08,FALSE,False,posts.part001.csv
submission,1nbr592,formula1,tnwthrow,(OC) Ferrari Challenge crash at Silverstone (Sun 7th Sept),"Chaotic start to yesterday’s race - the red/yellow car got a tap, which sent him into a spin into the wall, who then became a passenger as his car rolled backwards back into the track. His car clipped the white/blue car which ended his race, and collected the black car who had a nasty shunt into the wall. All drivers were ok 👌🏻 TV replay at 31:32 here 👇🏻 https://www.youtube.com/live/YN8xjWy28us?si=vTFnF1W3dtZdqWNI&t=1892",32,32,0,7,0.85,:post-off-topic: Off-Topic,False,True,False,False,https://dubz.link/v/662a71,https://www.reddit.com/r/formula1/comments/1nbr592/oc_ferrari_challenge_crash_at_silverstone_sun_7th/,1757346060,2025-09-08T15:41:00Z,2025-09-08,FALSE,False,posts.part001.csv
submission,1nbpxkw,formula1,sdq22,"McLaren on Instagram: ""History made... and there's more to write""",[https://www.instagram.com/mclaren/p/DOVyn2uDDAR/](https://www.instagram.com/mclaren/p/DOVyn2uDDAR/),2169,2169,0,225,0.94,:post-social-media: Social Media,False,False,False,False,https://i.redd.it/5temwkfbfynf1.jpeg,https://www.reddit.com/r/formula1/comments/1nbpxkw/mclaren_on_instagram_history_made_and_theres_more/,1757343321,2025-09-08T14:55:21Z,2025-09-08,FALSE,False,posts.part001.csv
submission,1nbofot,formula1,Stumpy493,Some Interesting Team Order Moments,"Obviously we have a Team Orders furore over McLaren's situation in Monza, I thought it wouldbe interesting to highlight a few other interesting team order situations to see how this stuff has impacted things in times gone by (to a far larger and more egregious way). This is not an exhaustive list and focusses on some races from a bit further back than the last decade. So if your favourite driver isn't represented or I missed something you think is important feel free to add it down below. # 1956 Italian Grand Prix Final race of the season. Title was between three Ferraris', Fangio, Behra and Collins. Fangio lead the Championship on 30 points, Collins and Behra tied on 22. Complicating the matter, each driver only counted their best 5 results. So Fangio could only increase his points tally if he won (giving an extra 2 points), as he didn't compete in the Indy 500 and already discarded a 4th place finish, his next worst result was a 2nd. Behra could improve his total by finishing better than 3rd, giving him 2 or 4 points meaning he could not beat Fangio to the title. Collins could improve his points if he finished the race as he already had discarded 2 DNFs, meaning a win would give him the 8 points that would win the title as Fnagio therefore couldn't win. Fangio's steering broke, so they asked Collins to give his car up... and he did. Collins gave up his only hope of winning the title so that Fangio would be guaranteed it, no threat from any other team or driver, a straight battle between the 2 of them. # 1982 San Marino Grand Prix Ferrari were having a pretty shocking start to the season but arrived at a hime race at Imola with a quick car. They were running 1-2 with a decent gap as cars behind retired. Villeneuve ahead of Pironi. Ferrari issued an order to both cars to slow down to protect the cars and the result. Villeneuve believed this meant for the drivers also to hold station... Pironi did not. Pironi passed on the last lap and Villeneuve vowed to never talk to him again in his life, he died 2 weeks later making that statement most likely true. # 1989 San Marino Grand Prix Second race of the season where McLaren were clearly the fastest car but hadn't won the first race. Senna qualified on pole with Prost second. Pre -race agreement between the drivers (not the team apparently), Whoever lead into turn 1 would stay there and be unchallenged for the race. From the start Senna got away in the lead comfortably, but a major lap 4 crash bought out the red flags meaning a restart was required and the race would be run to aggregate time. From the second start Prost got ahead comfortably, but into Tosa on Lap 1 senna overtook to lead the race. Senna claimed the agreement only applied to the first start, Prost was furious. # 1998 Australian Grand Prix Season opener and McLaren were looking very quick and the car to beat, qualifying 1-2. Pre race agreement was whoever lead into turn 1 would win the race to stop the drivers fighting it out. Hakkinen lead into turn 1 and lead the race as planned. However a phantom pit call from the team lead Hakkinen to make an extra unnecesary stop, handing the lead to Coulthard and an easy win. He slowed down on the last lap letting Hakkinen take the victory. Hakkinen went on to become the team leader and win the championship that season. # 1998 Belgian Grand Prix Chaotic wet race, through retirements and decent pace the Jordan team find themselves in a 1-2 with Damon Hill ahead of Ralf Schumacher going for the team's first ever win. Damon Hill (an experienced Grand Prix winner and World Champion) gets on the radio and suggests the team should protect the result and stop the team mates from fighting. The Team agreed and ordered the drivers to hold station, denying Ralf Schumacher an opportunity at a maiden victory. Ralf's brother Michael was furious with the decision and was very outspoken against it. # 2002 Austrian Grand Prix A dominant Ferrari team with a dominant Schumacher far ahead in the championship having won 4 of the first 5 races (and a third place) and coming off the back of 2 world titles in the previous 2 seasons. Ferrari find themselves 1-2 with Barrichello ahead of Schumacher. Ferrari order Barrichello to let Schumacher through for multiple laps approaching the end of the race, but Barrichello appears to be ignoring them and taking a second ever grand prix win. Out of the last corner he dramatically slows allowing Schumacher to cross the line ahead, Schumacher clearly embarassed amid the boos on the podium ushers Barrichello to take the top step and collect the trophy (which earned the team a fine for breaking podium protocol). # 2008 Singapore Grand Prix Possibly the most infamous team orders controversy. Renault and Alonso found themselves with an uncompetitive car with season best results of 4th place. In Singapore Alonso qualified 15th and was expecting another tough race. Alonso took an unusually early pit stop on lap 12 of the race. The on lap 14 his team mate crashed heavily bringing out the safety car, which due to rules for that season where drivers couldn't pit, promoted Alonso to the front of the field (once penalties for pitting under Sc were sorted out) which he held for the rest of the race. A year later Piquet claimed he was ordered by the team to crash in a way that gave them a chance at victory, team boss and engineering director were found guilty and given life time bans from F1 (which were later reduced). # 2010 German Grand Prix Coming into the race Alonso in Ferrari is a semi-distant 5th palce in the standings 47 points off the lead. In the race Ferrari team mates Massa and Alonso found themselves at the front with Massa leading. Through a couple of pit stop phases the gap yoyo'd with Alonso generally looking slightly quicker but unable to pass Massa who looked to have enough to win. They had effectively seen off the threat of the cars behind and with Team orders being banned in F1 it loooked as though Massa would take a popular and deserved win. On lap 48 of the race Massa received a message from his engineer Rob Smedley ""OK, so, Fernando is faster than you. Can you confirm you understood that message?"", on lap 49 Massa was 'mysteriously' slow off the exit of the hairpin losing the lead. His engineer then apologised over the radio and Massa went on to finish 4 seconds behind his team mate. # 2013 Malaysian Grand Prix Second race of the season with the Red Bull cars looking quick but not having great success in the opening round of the season. In a mixed condition race Webber ended up ahead of Vettel on a dry track, after spending much of the race in close quarters and things getting increasingly frought Red Bull issued the command ""Multi Map 21"" to both drivers which was a coded message for car 2 (Webber) to stay in front of car 1 (Vettel). Ignoring this message and trying to avenge issues from a title deciding race at the end of the previous season Vettel launched risky attacks on his team mate which were rebuffed with equal venom and the multi corner fight by the team mates was intense, Vettel came out ahead. Team Boss Christian Horner came on the radio saying ""This is silly, Seb. Come on."" on lap 46. On lap 47 Webber tried to repass Vettel, but was forced wide and blocked from overtaking. Vettel went on to win the race and faced fierce criticism from Webber in the media after the race but Vettel was unapologetic and supported by the team.",187,187,0,53,0.94,:post-discussion: Discussion,False,False,False,False,https://www.reddit.com/r/formula1/comments/1nbofot/some_interesting_team_order_moments/,https://www.reddit.com/r/formula1/comments/1nbofot/some_interesting_team_order_moments/,1757339823,2025-09-08T13:57:03Z,2025-09-08,1757346479,True,posts.part001.csv
submission,1nblzrt,formula1,enesracing,Stella explains McLaren pit stop timing at Monza,,0,0,0,92,0.46,:post-news: News,False,False,False,False,https://racer.com/2025/09/08/stella-explains-mclaren-pit-stop-timing-at-monza,https://www.reddit.com/r/formula1/comments/1nblzrt/stella_explains_mclaren_pit_stop_timing_at_monza/,1757333414,2025-09-08T12:10:14Z,2025-09-08,FALSE,False,posts.part001.csv
submission,1nblzl5,formula1,GodofThunder87,Some Data Visualisations for the Italian Grand Prix 2025,,172,172,0,23,0.95,:post-statistics: Statistics,False,False,False,False,https://www.reddit.com/gallery/1nblzl5,https://www.reddit.com/r/formula1/comments/1nblzl5/some_data_visualisations_for_the_italian_grand/,1757333401,2025-09-08T12:10:01Z,2025-09-08,FALSE,False,posts.part001.csv
submission,1nblopq,formula1,NorthKoreanMissile7,Decision made for Nordschleife race. Verstappen is driving... but what and when ?,,998,998,0,168,0.96,:post-news: News,False,False,False,False,https://www.auto-motor-und-sport.de/formel-1/max-verstappen-faehrt-nordschleifen-rennen-nuerburgring-nls/,https://www.reddit.com/r/formula1/comments/1nblopq/decision_made_for_nordschleife_race_verstappen_is/,1757332538,2025-09-08T11:55:38Z,2025-09-08,FALSE,False,posts.part001.csv
submission,1nbl2hu,formula1,agresko16,"Overtaking, rules, opinions and what it should look like ?","Heyo, so I started watching F1 in 2024 so now I'm enjoying my 2nd full season. So I'm not fan of anyone, no biases, just pure interest in racing and what racing right now is in F1 and what it maybe should be ? Considering what we have seen lately with these penalties to now Bearman vs Sainz and last race Sainz vs Lawson. I feel like as racing we are entering kind of weird area, I dont know the exact ruling, but whatever it is it needs change or adjustment ? The thing is if we aren't allowing drivers to go into corners wheel to wheel, then overtakes are not going to happen as often, see in my opinion when Bearman had half of his car alongside Sainz, then Sainz should give that room to allow this fight to happen, same goes to Liam though it was more of like racing incident imo, but still Liam shouldve propably leave bit more space before closing. Another thing I wanted to discuss is the turn 1 in Monza, like Norris and Verstappen are alongside one another and Norris kind of doesn't turn (turns late/has too much speed) and instead goes more forward which pushes VER out of the track as he just cannot turn otherwise they crash and its like so who is first at that apex ? If we go by centimeters we might find the answer but is that racing ? The thing I heard on broadcast is Lando is on the racing line and he is entitled to it but is he ? Was he on racing line ? He barely made the turn imo, he was carrying too much speed and it shows on the line he had to take in that case. Going over the curb having only his right wheels slightly over the track limits line. Thats not racing line is it or rather not the optimal racing line (its shit line that would lose time every lap) but then it begs the question whats stops you from turning late in every turn and leaving the car on the outside not able to turn, with this current scenario it seems you can do that everytime and imo it just promotes unhealthy racing. Like everytime it seems you want to be on the inside, slightly ahead and then just turn late so the car on outside cannot do shit and has to either crash you or leave track and thus overtake outside of track. What's your thoughts on these scenarios, what would be the ideal way to ""fix"" or let me know why you think its good the way it is now. Whatever feels right to you. Just bring no biases into this discussion pretty please, let's keep it healthy for F1 and racing in general so we can all enjoy the best of both worlds.",3,3,0,31,0.54,:post-discussion: Discussion,False,False,False,False,https://www.reddit.com/r/formula1/comments/1nbl2hu/overtaking_rules_opinions_and_what_it_should_look/,https://www.reddit.com/r/formula1/comments/1nbl2hu/overtaking_rules_opinions_and_what_it_should_look/,1757330610,2025-09-08T11:23:30Z,2025-09-08,FALSE,True,posts.part001.csv
submission,1nbkh0r,formula1,bwaxxlo,Rosberg on Sainz v Bearman crash,,264,264,0,106,0.91,:post-video: Video,False,False,False,False,https://www.youtube.com/shorts/FaXN0k5GeS0,https://www.reddit.com/r/formula1/comments/1nbkh0r/rosberg_on_sainz_v_bearman_crash/,1757328673,2025-09-08T10:51:13Z,2025-09-08,FALSE,False,posts.part001.csv
submission,1nbl7dx,formula1,AutoModerator,2025 Italian GP - Day After Debrief,"Welcome to the Day after Debrief discussion thread! Now that the dust has settled in Monza it's time to calmly discuss the events of the last race weekend. Hopefully, this will foster more detailed and thoughtful discussion than the immediate post race thread now that people have had some time to digest and analyse the results. Low effort comments, such as memes, jokes, and complaints about broadcasters will not be deleted since I do not have that power, but I will be very disappointed with you. We also discourage superficial comments that contain no analysis or reasoning in this thread (e.g., 'Great race from X!', 'Another terrible weekend for Y!'). Thanks!",73,73,0,371,0.92,:post-post-session: Day after Debrief,False,False,True,False,https://www.reddit.com/r/formula1/comments/1nbl7dx/2025_italian_gp_day_after_debrief/,https://www.reddit.com/r/formula1/comments/1nbl7dx/2025_italian_gp_day_after_debrief/,1757331048,2025-09-08T11:30:48Z,2025-09-08,FALSE,True,posts.part001.csv
submission,1nbkbe4,formula1,The_Chozen_1_,"Former Red Bull Mechanic, Calum Nicholas, responds to a Twitter user who calls for the mechanic who made an error on Lando Norris’ pitstop to be “located”.",,22269,22269,0,1054,0.97,:post-social-media: Social Media,False,False,False,False,https://i.redd.it/z3kze4up6xnf1.jpeg,https://www.reddit.com/r/formula1/comments/1nbkbe4/former_red_bull_mechanic_calum_nicholas_responds/,1757328114,2025-09-08T10:41:54Z,2025-09-08,FALSE,False,posts.part001.csv
submission,1nbjs05,formula1,RangerPitiful4186,Oscar Piastri: Fair call to switch positions with Lando | Post Race Interview | Italian GP 2025,"🎙️ Post Race Interview | Italian Grand Prix 2025 Oscar Piastri opened up after a challenging race at Monza, where McLaren opted to swap positions between teammates. While not thrilled, Piastri called the decision ""fair,"" acknowledging Lando Norris had been ahead all race. He reflected on handling struggles in the first stint and accepted that the car lacked the pace to challenge Red Bull. The young Aussie is focused on learning and improving from here.",50,50,0,46,0.7,:post-video: Video,False,False,False,False,https://youtu.be/oxq8G9bDoM0,https://www.reddit.com/r/formula1/comments/1nbjs05/oscar_piastri_fair_call_to_switch_positions_with/,1757326156,2025-09-08T10:09:16Z,2025-09-08,FALSE,False,posts.part001.csv
submission,1nbjq85,formula1,RobbieJ4444,A reminder that Albon making it to F1 at all was nothing short of a minor miracle,"For me at least, Albon has been the best driver of 2025. More than any other, he's been the one to constantly get the results, even when the car wasn't at its best. But I think it's important to remember that there was a time where Albon making it to F1 at all was incredible. In case you didn't know, Albon was good in the junior series, but not in a way that indicated that he was an F1 prospect (granted that's mainly down to him not having the budget to race for the biggest teams). For me at least, Albon wasn't even on my radar in any way until the 2016 GP3 series, where he finished runner up to Charles Leclerc, but I never expected him to be in the running for an F1 seat. F2 in 2018 was a massively competitive and hyped up driver lineup, with Lando Norris and George Russell in particular getting most of the hype, with Nick De Vries being the most hyped up veteran. Alex Albon had very little hype, most likely down to him not even being signed up until the last minute (and even then it was on a race by race basis). F2 2018 starts off, and Russell and Norris were two of the main title contenders. With them being both rookies and British, Sky F1 hyped them up a lot, but with all that said, Alex Albon never let them disappear. It was always fairly close between Russell, Norris and Albon, yet the former two always had a lot more hype than Albon did. In fairness to Sky F1, a bunch of their pundits did eventually realise that Albon did deserve to be in the same conversation as Russell and Norris. I remember Martin Brundle tweeting to the effect of *""We hyped up Russell and Norris a lot, but why not Albon? He's right up with them two in the standings, why aren't we talking about him more?""* Eventually that did indeed happen, and on the F2 broadcast at least, Albon was discussed a lot more, especially by the end of the season. But despite all this, F1 seemed all but impossible for him. So much that he signed up for Formula E for the 2018-19 season. But fortunately for Alex, all the right dominos fell into place. Ricciardo moved to Renault for 2019, which saw Red Bull promote Gasly into Red Bull. Even then though, Gasly was replaced with Kvyat, and it was obvious that Red Bull wanted to replace Hartley with Ticktum, however Ticktum lost to Schumacher in European F3, which meant he couldn't earn his superlicense for 2019. All of this had to happen in order for Alex Albon to get the 2019 Toro Rosso seat, and even then a bunch of Hartley fans were unhappy at the announcement. There were still rumblings online about how well Albon would do at Toro Rosso. I remember some predictions placing him dead last for 2019, but seeing him now, in his sixth year in F1, and performing to a better and higher standard than ever, it's amazing to think that there was a time where nobody thought he'd even be close to an F1 seat.",3026,3026,0,167,0.95,:post-discussion: Discussion,False,False,False,False,https://www.reddit.com/r/formula1/comments/1nbjq85/a_reminder_that_albon_making_it_to_f1_at_all_was/,https://www.reddit.com/r/formula1/comments/1nbjq85/a_reminder_that_albon_making_it_to_f1_at_all_was/,1757325982,2025-09-08T10:06:22Z,2025-09-08,FALSE,True,posts.part001.csv
submission,1nbjvc8,formula1,randomseocb,DHL Fastest Lap Award: 2025 Italian GP (Lando Norris / McLaren),,38,38,0,12,0.69,:post-video: Video,False,False,False,False,https://www.youtube.com/watch?v=Vr7jl5R5gWk,https://www.reddit.com/r/formula1/comments/1nbjvc8/dhl_fastest_lap_award_2025_italian_gp_lando/,1757326478,2025-09-08T10:14:38Z,2025-09-08,FALSE,False,posts.part001.csv
submission,1nbi253,formula1,CStech_HUST_VN0412,Why Lewis Hamilton pitted so late?,"Watching Monza yesterday, I couldn't help but wonder why Hamilton pitted so late. George Russell pitted for hard at lap 28, when he came out, he was 24 seconds behind Hamilton. The practice and quali showed that Russell was really fast with hard tires. I thought Ferrari could have pitted Hamilton right away for a better race pace, but nope. He kept on driving till lap 39, when Russell was just 17.955s behind. When Hamilton came out, he was 11.286s behind Russell. Moreover, i thought Hamilton would have changed to soft tyre cause he pitted so late, but he used hard tyre? I don't really understand why. I'm new to the sport and I don't know much about the strategy, so if anyone has an explanation, please let me know. Thanks.",0,0,0,22,0.43,:post-discussion: Discussion,False,False,False,False,https://www.reddit.com/r/formula1/comments/1nbi253/why_lewis_hamilton_pitted_so_late/,https://www.reddit.com/r/formula1/comments/1nbi253/why_lewis_hamilton_pitted_so_late/,1757319572,2025-09-08T08:19:32Z,2025-09-08,FALSE,True,posts.part001.csv
submission,1nbanpl,formula1,eurusdcny,Which F1-related movie best captures the spirit of real world F1 that makes you a fan,"Which F1-related movie best captures the spirit of real world F1 that makes you a fan? The superhero-ish action, the team work, the cunning calculations and strategies, the frenemy, or the winner-take-all brutalism? And which movie captures this spirit the best? The most recent F1 THE MOVIE in my opinion captures the actions very well but not necessarily make a fair portrait of the complex relationship between teammates and rivals. I like RUSH much better because it not only tells a reasonably accurate histtory but also a good frenemy relationship. Would like to hear your favorite and reason.",0,0,0,20,0.41,:post-off-topic: Off-Topic,False,False,False,False,https://www.reddit.com/r/formula1/comments/1nbanpl/which_f1related_movie_best_captures_the_spirit_of/,https://www.reddit.com/r/formula1/comments/1nbanpl/which_f1related_movie_best_captures_the_spirit_of/,1757294612,2025-09-08T01:23:32Z,2025-09-08,1757294811,True,posts.part001.csv
submission,1nb59ei,formula1,M444YOR,Help me out! Finding a stranger at Monza!,"I was at Monza today, I was up against the Ferrari pit walls where Leclerc, Vasseur and Lewis came out to see the crowd after the race. After Leclerc and Vasseur came out I saw a guy next to me with a signature on his cap and asked with excitement “whose signature did you get?!” He said Leclerc and I responded “awesome man!” We fist bumped and honestly I was just super happy for him and we shared pleasantries. After the carnage of Lewis coming out, I got my cap signed (somehow) by Lewis and a few minutes later he spotted me and was like “no way you got yours too?” I was absolutely beaming and was replied “yes!!!” He then said we should get a selfie and I said sure of course like why not? He took the picture on his phone and within 20 seconds I lost him in the crowd, amongst all the craziness and adrenaline, without ever getting the picture or number or even a name to obtain the photo! I spent a few minutes trying to search for him but after a long wait of hoping Lewis would greet the crowd people were moving all directions and leaving the track. I really just want the picture of us, it’s such a core memory and I don’t have anywhere captured the pure emotion that my face must have had. There was so much happening I don’t even fully recall his face or which Ferrari top he had on (blue or red). I think he had glasses and was Caucasian. I am South-Asian (Brown skin), had sunglasses on and long black overgrown hair. Please help me find him! Or help by sharing in the hope that he sees this!",54,54,0,4,0.81,:post-misc: Misc,False,False,False,False,https://www.reddit.com/r/formula1/comments/1nb59ei/help_me_out_finding_a_stranger_at_monza/,https://www.reddit.com/r/formula1/comments/1nb59ei/help_me_out_finding_a_stranger_at_monza/,1757280143,2025-09-07T21:22:23Z,2025-09-07,FALSE,True,posts.part001.csv
submission,1nbg34m,formula1,SharlRaikkonen5,"Robin (Ace) Raikkonen with Toto Wolff, Max, & other karting photos","Kimi's wife Minttu posted on her IG story, she, Ace, and Rianna went to Monza. Looks like Max took photos with the kids; the photo of Ace with Toto and the last three are from over summer break",2333,2333,0,75,0.99,:post-social-media: Social Media,False,False,False,False,https://www.reddit.com/gallery/1nbg34m,https://www.reddit.com/r/formula1/comments/1nbg34m/robin_ace_raikkonen_with_toto_wolff_max_other/,1757311986,2025-09-08T06:13:06Z,2025-09-08,FALSE,False,posts.part001.csv
submission,1nbe2u8,formula1,Long_Resident8755,What’s it like under these flags?,How are you supposed to see underneath this thing? How long does this flag stay blocking your view?,2058,2058,0,157,0.98,:post-discussion: Discussion,False,False,False,False,https://i.redd.it/3s5kz4il9vnf1.jpeg,https://www.reddit.com/r/formula1/comments/1nbe2u8/whats_it_like_under_these_flags/,1757304928,2025-09-08T04:15:28Z,2025-09-08,FALSE,False,posts.part001.csv
submission,1nbhlzu,formula1,NightFury0595,Checo and his wife at the US Open Men's Final,,2810,2810,0,184,0.95,:post-social-media: Social Media,False,False,False,False,https://i.redd.it/9tgzr41zbwnf1.jpeg,https://www.reddit.com/r/formula1/comments/1nbhlzu/checo_and_his_wife_at_the_us_open_mens_final/,1757317778,2025-09-08T07:49:38Z,2025-09-08,FALSE,False,posts.part001.csv
submission,1nbhk0s,formula1,kcollantine,"Verstappen praises Mekies' ""common sense"" approach after dominant win",,2966,2966,0,131,0.98,:post-news: News,False,False,False,False,https://www.racefans.net/2025/09/08/verstappen-credits-mekies-common-sense-approach-after-dominant-win/,https://www.reddit.com/r/formula1/comments/1nbhk0s/verstappen_praises_mekies_common_sense_approach/,1757317558,2025-09-08T07:45:58Z,2025-09-08,FALSE,False,posts.part001.csv
submission,1nbhcnz,formula1,Aratho,Transcript: How McLaren swapped Norris and Piastri – and what they said after,,130,130,0,393,0.76,:post-news: News,False,False,False,False,https://www.racefans.net/2025/09/07/transcript-how-mclaren-swapped-norris-and-piastri-and-what-they-said-after/,https://www.reddit.com/r/formula1/comments/1nbhcnz/transcript_how_mclaren_swapped_norris_and_piastri/,1757316720,2025-09-08T07:32:00Z,2025-09-08,FALSE,False,posts.part001.csv
submission,1nbh9nl,formula1,anthn885,Lewis Hamilton with fans after the race!! - ItalianGP,,124,124,0,6,0.89,:post-video: Video,False,False,False,False,https://streamain.com/pWU9ktsH0u3Aenb/watch,https://www.reddit.com/r/formula1/comments/1nbh9nl/lewis_hamilton_with_fans_after_the_race_italiangp/,1757316379,2025-09-08T07:26:19Z,2025-09-08,FALSE,False,posts.part001.csv
submission,1nbedzk,formula1,_Fallenwolf,[Highlights] Race Highlights of 2025 Italian GP- Monza,,18,18,0,4,0.8,:post-video: Video,False,False,False,False,https://youtu.be/kGMp1Byuwto?si=qpeJ3ruxGctRarh1,https://www.reddit.com/r/formula1/comments/1nbedzk/highlights_race_highlights_of_2025_italian_gp/,1757305941,2025-09-08T04:32:21Z,2025-09-08,FALSE,False,posts.part001.csv
submission,1nbe6v6,formula1,dodofuzz,Oscar Piastri's spectacular overtake on Charles Leclerc at Lesmo 1 - Monza 2025,,5771,5771,0,201,0.99,:post-video: Video,False,False,False,False,https://imgur.com/a/uV7DdnW,https://www.reddit.com/r/formula1/comments/1nbe6v6/oscar_piastris_spectacular_overtake_on_charles/,1757305285,2025-09-08T04:21:25Z,2025-09-08,FALSE,False,posts.part001.csv
submission,1nbfw59,formula1,AutoModerator,Ask r/Formula1 Anything - Daily Discussion Thread,"# Welcome to the [r/formula1](https://www.reddit.com/r/formula1/) Daily Discussion / Q&A thread. This thread is a hub for general discussion and questions about Formula 1, that don't need threads of their own. Are you new to Formula 1? This is the place for you. Ever wondered why it's called a lollipop man? Why the cars don't refuel during pitstops? Or when Mika will be back from his sabbatical? Ask any question you might have here, and the community will answer. Also make sure you check out our [guide for new fans](https://www.reddit.com/r/formula1/wiki/newtof1), and our [FAQ for new fans](https://www.reddit.com/r/formula1/wiki/faq). Are you a veteran fan, longing for the days of lollipop men, refueling during pitstops, and Mika Häkkinen? This is the place to introduce new fans to your passion and knowledge of the sport. Remember to keep it civil and welcoming! Gatekeeping within the Daily Discussion will subject users to disciplinary action. Have a meta question about the subreddit? Please [direct these to the moderators](https://www.reddit.com/message/compose/?to=/r/formula1) instead.",11,11,0,148,0.92,:post-daily-discussion: Daily Discussion,False,False,False,False,https://www.reddit.com/r/formula1/comments/1nbfw59/ask_rformula1_anything_daily_discussion_thread/,https://www.reddit.com/r/formula1/comments/1nbfw59/ask_rformula1_anything_daily_discussion_thread/,1757311280,2025-09-08T06:01:20Z,2025-09-08,FALSE,True,posts.part001.csv
submission,1nbfvt5,formula1,AutoModerator,MONDAY TRASH TALK THREAD,"TRASH TALK 101 FOR ANYONE NEW HERE - BEACAUSE. TRASH. TALK. IS. A. GENERATIONAL. THREAD. &#x200B; STEP ONE: LURK ON THE SUB VERY REGULARLY, MAKING SURE TO SORT BY “NEW”. &#x200B; STEP TWO: GET INSPIRED BY WHATEVER MAD NARRATIVE OR TREND GRIPS THE SUB THAT PARTICULAR DAY / WEEK. OFF SEASON IS QUITE SLOW BUT RACE WEEKS / WEEKENDS SHOULD YIELD A LOT OF SUBJECT MATTER. THE MORE INSANE AND UNREALISTIC, THE BETTER QUALITY SUBJECT MATTER IT IS. WATCH PEOPLES' OBSESSIVE BEHAVIOUR VERY CLOSELY - IT WILL YIELD SOME FASCINATING INSIGHT. &#x200B; STEP THREE: AT THIS STAGE YOU MAY BE FEELING SICK WITH THE AMOUNT OF NONSENSE YOU HAVE FORCED YOURSELF TO VIEW. FEEL FREE TO STEP OVER INTO r/f1circlejerk AND MAKE YOURSELF FEEL BETTER BY POSTING A MOCKING IMITATION OF THE NONSENSE. &#x200B; HOWEVER AS YOU BUILD YOUR TOLERANCE, YOU WILL FIND YOURSELF ABLE TO WAIT FOR MONDAY, THE HOLIEST OF DAYS. PEOPLE WILL TELL YOU RACE DAY SUNDAY IS THE BEST DAY, BUT THOSE PEOPLE ARE UNENLIGHTENED SAVAGES. &#x200B; STEP FOUR: &#x200B; (A) AS SOON AS THE TRASH TALK THREAD IS POSTED, UPVOTE IT. THIS IS IMPORTANT. &#x200B; (B) \[REDACTED\] &#x200B; (C) THEN - UNLOAD YOUR MOCKERY AND SCORN OF ALL THE VILE RUBBISH YOU HAVE WITNESSED FROM SUB USERS AND ""RESPECTED"" ""JOURNALISTS"". &#x200B; (D) SIT BACK AND WATCH THE UPVOTES GATHER. CLEVER PHOTOSHOPS AND META REFERENCES WILL YIELD MORE UPVOTES. &#x200B; STEP FIVE: REALISE THAT TRUTH AND SENSE ONLY EXIST IN THIS THREAD AND MAKE IT YOUR WEEKLY MISSION TO POST HERE. &#x200B; AND REMEMBER: FLAIR UP AND SMASH THAT CAPS LOCK! AAAAAAAAAAAAA! &#x200B; GOOD LUCK AND MAY THE TRASH TALK BE EVER IN YOUR FAVOUR. &#x200B; \---- &#x200B; /r/FORMULA1 \[POSTING GUIDELINES\](/r/formula1/wiki/userguide#wiki\_posting\_guidelines) STILL APPLY.",40,40,0,95,0.9,:post-discussion: Discussion,False,False,False,False,https://www.reddit.com/r/formula1/comments/1nbfvt5/monday_trash_talk_thread/,https://www.reddit.com/r/formula1/comments/1nbfvt5/monday_trash_talk_thread/,1757311250,2025-09-08T06:00:50Z,2025-09-08,FALSE,True,posts.part001.csv
submission,1nbejpf,formula1,PlatinumRaptor95,"Last year, all 10 team principals voted Max Verstappen as the best driver on the grid. He has been top 2 in the voting since 2016 and top 1 since 2021. Do you think there's a chance he drops to 3rd this year?","Link to the voting results from the previous years: [https://www.reddit.com/r/formula1/comments/1hjb0qm/updated\_team\_principals\_top\_10\_driver\_ratings/](https://www.reddit.com/r/formula1/comments/1hjb0qm/updated_team_principals_top_10_driver_ratings/) I think most of us would still agree that Max is still the best driver on the grid. Last year, all 10 TPs agreed that he is the best. This might change this year since Max is only 3rd in the WDC and some TPs might rank Piastri/Norris higher than Max just because of WDC standings. Do you guys think there's a chance that he drops to second or third this year? Or will he keep the first place spot. I assume Stella would vote for Piastri and Norris as the top 2 spots. Some TPs might do the same if McLaren becomes more dominant in the next races.",0,0,0,76,0.43,:post-discussion: Discussion,False,False,False,False,https://www.reddit.com/r/formula1/comments/1nbejpf/last_year_all_10_team_principals_voted_max/,https://www.reddit.com/r/formula1/comments/1nbejpf/last_year_all_10_team_principals_voted_max/,1757306488,2025-09-08T04:41:28Z,2025-09-08,FALSE,True,posts.part001.csv
submission,1nb8u6x,formula1,Seb90123,Robin Räikkönen (Kimi's son) photographed with Verstappen at Monza,,10005,10005,0,121,0.99,:post-social-media: Social Media,False,False,False,False,https://i.redd.it/txjjs2lmztnf1.jpeg,https://www.reddit.com/r/formula1/comments/1nb8u6x/robin_räikkönen_kimis_son_photographed_with/,1757289409,2025-09-07T23:56:49Z,2025-09-07,FALSE,False,posts.part001.csv
submission,1nb91hg,formula1,anthn885,Max and GP celebrate over the radio - ItalianGP,,118,118,0,10,0.86,:post-video: Video,False,False,False,False,https://streamain.com/en/6iczyIPyQV3CsM2/watch,https://www.reddit.com/r/formula1/comments/1nb91hg/max_and_gp_celebrate_over_the_radio_italiangp/,1757289951,2025-09-08T00:05:51Z,2025-09-08,FALSE,False,posts.part001.csv
submission,1nb90k2,formula1,Rinaldootje,[OT]Winner of the 2025 WEC Lone Star Le Mans,,92,92,0,10,0.89,:post-off-topic: Off-Topic,False,True,False,False,https://i.redd.it/6belhhrv0unf1.jpeg,https://www.reddit.com/r/formula1/comments/1nb90k2/otwinner_of_the_2025_wec_lone_star_le_mans/,1757289881,2025-09-08T00:04:41Z,2025-09-08,FALSE,False,posts.part001.csv
submission,1nb6r7x,formula1,PK7098,Which Car is 2nd Fastest,"It is obvious that McLaren has the fastest car this season, but which car is the 2nd fastest. I know that the Red Bull is the hardest to drive so it looks slower, but it isn't a slow car as Max cannot physically outdrive the car. So out of the Ferrari, Mercedes, and Red Bull which is the 2nd fastest throughout the season? I am leaning the Mercedes but I am not confident.",0,0,0,70,0.41,:post-discussion: Discussion,False,False,False,False,https://www.reddit.com/r/formula1/comments/1nb6r7x/which_car_is_2nd_fastest/,https://www.reddit.com/r/formula1/comments/1nb6r7x/which_car_is_2nd_fastest/,1757283833,2025-09-07T22:23:53Z,2025-09-07,FALSE,True,posts.part001.csv
submission,1nb6yd4,formula1,Dr_VidyaGeam,Mark Hughes: Red Bull's Monza sweet spot had rivals in disbelief,,152,152,0,76,0.91,:post-news: News,False,False,False,False,https://www.the-race.com/formula-1/mark-hughes-red-bulls-monza-sweet-spot-had-rivals-in-disbelief/,https://www.reddit.com/r/formula1/comments/1nb6yd4/mark_hughes_red_bulls_monza_sweet_spot_had_rivals/,1757284337,2025-09-07T22:32:17Z,2025-09-07,FALSE,False,posts.part001.csv
submission,1nb70zp,formula1,G_onex,I’m searching for a tv service done Monza(open the post for the full description),"hi,basically this weekend i came at the Monza italian gp. during sunday i was in the fanzone and to man came to me asking if i wanna be on to or something like that,it turned out they were from an austian television. they have done a couple of video and the main one( also the one i’m searching) showed at first the man saying something in german and and waving and italian flag and the he came inside a group of people(two diagonal row of about 6 people each) and then i has done a little funny interview. i was one of the people shown in the “interview” and i have tried many way to find this but i couldn’t find it. can you help me in any way to identify and found this video? as only “hint” i just have two photos a friend of mine have take.",80,80,0,14,0.88,:post-video: Video,False,False,False,False,https://www.reddit.com/gallery/1nb70zp,https://www.reddit.com/r/formula1/comments/1nb70zp/im_searching_for_a_tv_service_done_monzaopen_the/,1757284527,2025-09-07T22:35:27Z,2025-09-07,FALSE,False,posts.part001.csv
submission,1nb5nw0,formula1,akshatK2003,% Race Pace to Teammate,,466,466,0,221,0.93,:post-discussion: Discussion,False,False,False,False,https://i.redd.it/331td5hyatnf1.jpeg,https://www.reddit.com/r/formula1/comments/1nb5nw0/race_pace_to_teammate/,1757281112,2025-09-07T21:38:32Z,2025-09-07,FALSE,False,posts.part001.csv
submission,1nb1fep,formula1,YEETBOIX46,Finally got my Williams Renault flag today!!!!!,,81,81,0,7,0.92,:post-photo: Photo,False,False,False,False,https://i.redd.it/gzr5uem6hsnf1.jpeg,https://www.reddit.com/r/formula1/comments/1nb1fep/finally_got_my_williams_renault_flag_today/,1757271098,2025-09-07T18:51:38Z,2025-09-07,FALSE,False,posts.part001.csv
submission,1nb4xzn,formula1,crl1985,European Championship standings after Monza,"https://preview.redd.it/tpfquznn4tnf1.png?width=1370&format=png&auto=webp&s=d2f62377ca14358f3c5f764f2f3b3aaf95b8f303 https://preview.redd.it/ftdfm7er4tnf1.png?width=1358&format=png&auto=webp&s=80c7ec188b8bc3f6954cdada888c06fdaf669512 So, with just Baku to go, Oscar and Lando are separated by a mere three points. Max and Charles are assured of Top 5 finishes, while George still needs to keep and eye out for Lewis if he wants to finish in the Top 5. Meanwhile, Ferrari clinched second in the Constructors' table today, Red Bull is pretty much assured of a third place finish, while Mercedes will likely finish fourth, while fifth place is still up for grabs for everyone including Alpine. Gonna be fun to see how this shakes out in two weeks.",41,41,0,10,0.81,:post-discussion: Discussion,False,False,False,False,https://www.reddit.com/r/formula1/comments/1nb4xzn/european_championship_standings_after_monza/,https://www.reddit.com/r/formula1/comments/1nb4xzn/european_championship_standings_after_monza/,1757279377,2025-09-07T21:09:37Z,2025-09-07,FALSE,True,posts.part001.csv
submission,1nb4qe7,formula1,l3w1s1234,"Italian Grand Prix: Kimi Antonelli 'underwhelming' at Monza, says Mercedes boss Toto Wolff",,358,358,0,197,0.96,:post-news: News,False,False,False,False,https://www.bbc.co.uk/sport/formula1/articles/c5yqg2y0p96o,https://www.reddit.com/r/formula1/comments/1nb4qe7/italian_grand_prix_kimi_antonelli_underwhelming/,1757278867,2025-09-07T21:01:07Z,2025-09-07,FALSE,False,posts.part001.csv
submission,1nb4956,formula1,InWilliamsWeTrust,Where the hell did the pace on the Hard tires come from? It almost matched Norris pace on softs!,,210,210,0,61,0.94,:post-technical: Technical,False,False,False,False,https://i.redd.it/nhtuvt0s0tnf1.png,https://www.reddit.com/r/formula1/comments/1nb4956/where_the_hell_did_the_pace_on_the_hard_tires/,1757277720,2025-09-07T20:42:00Z,2025-09-07,FALSE,False,posts.part001.csv
submission,1nb3sex,formula1,DarkAlman,The legendary phantom racer has been caught after driving a GP2 car on the Czech highway,,310,310,0,41,0.95,:post-off-topic: Off-Topic,False,False,False,False,https://www.bbc.com/news/articles/c4g7xl4p53ko,https://www.reddit.com/r/formula1/comments/1nb3sex/the_legendary_phantom_racer_has_been_caught_after/,1757276608,2025-09-07T20:23:28Z,2025-09-07,FALSE,False,posts.part001.csv
submission,1nb3e8j,formula1,PrimeyXE,2025 Italian Grand Prix - McLaren Race Report,"In regards to the team orders: ""In terms of the call to swap, ultimately it was fair. We have things to discuss, as we always do with these sorts of racing situations. It's now time to refocus ahead of Baku.” - Piastri “We also saw the values and principles we have in our team culture, with Oscar giving the position back to Lando before they were allowed to race again until the Chequered Flag."" - Stella",4,4,0,140,0.52,:post-news: News,False,False,False,False,https://www.mclaren.com/racing/formula-1/2025/italian-grand-prix/race-report/?utm_source=mclaren-social-f1&utm_medium=referral&utm_campaign=2025-articles,https://www.reddit.com/r/formula1/comments/1nb3e8j/2025_italian_grand_prix_mclaren_race_report/,1757275681,2025-09-07T20:08:01Z,2025-09-07,FALSE,False,posts.part001.csv
submission,1nb31n6,formula1,The_Skynet,Italian GP Fastest Pit Stops and Team Standings after Round 16,,225,225,0,31,0.96,:post-statistics: Statistics,False,False,False,False,https://www.reddit.com/gallery/1nb31n6,https://www.reddit.com/r/formula1/comments/1nb31n6/italian_gp_fastest_pit_stops_and_team_standings/,1757274874,2025-09-07T19:54:34Z,2025-09-07,FALSE,False,posts.part001.csv
submission,1nb2hn6,formula1,toastyshmoasty,Monza Bus Missed Connection!,Hello if you’re the 6’6” (198 cm) flowy blond haired British guy with blue eyes in a red shirt that was talking to the girl with a black shirt and long brown braids I was too chickenshit to ask for your number and I jumped off the bus going back to Milan PLEASE lmk if you’re single LOL🙏🏽🙏🏽🙏🏽🙏🏽🙏🏽🙏🏽,4325,4325,0,230,0.93,:post-discussion: Discussion,False,False,False,False,https://www.reddit.com/r/formula1/comments/1nb2hn6/monza_bus_missed_connection/,https://www.reddit.com/r/formula1/comments/1nb2hn6/monza_bus_missed_connection/,1757273566,2025-09-07T19:32:46Z,2025-09-07,FALSE,True,posts.part001.csv
submission,1nb2iyx,formula1,memloh,"Wolff: McLaren set ""very difficult"" precedent with F1 Italian GP swap",,1068,1068,0,495,0.95,:post-news: News,False,False,False,False,https://www.autosport.com/f1/news/wolff-mclaren-set-very-difficult-precedent-with-f1-italian-gp-swap/10757659/,https://www.reddit.com/r/formula1/comments/1nb2iyx/wolff_mclaren_set_very_difficult_precedent_with/,1757273650,2025-09-07T19:34:10Z,2025-09-07,FALSE,False,posts.part001.csv
submission,1nb24ik,formula1,Borregaard07,Max Verstappen now has both the highest and lowest average speed race wins,,2016,2016,0,43,0.98,:post-statistics: Statistics,False,False,False,False,https://i.redd.it/266dvfbslsnf1.png,https://www.reddit.com/r/formula1/comments/1nb24ik/max_verstappen_now_has_both_the_highest_and/,1757272714,2025-09-07T19:18:34Z,2025-09-07,FALSE,False,posts.part001.csv
submission,1nb1q08,formula1,ConstantAd1,Bearman moves closer to a race ban,,143,143,0,59,0.93,:post-news: News,False,False,False,False,https://www.reuters.com/sports/formula1/bearman-moves-closer-race-ban-2025-09-07/,https://www.reddit.com/r/formula1/comments/1nb1q08/bearman_moves_closer_to_a_race_ban/,1757271779,2025-09-07T19:02:59Z,2025-09-07,FALSE,False,posts.part001.csv
submission,1nb1i2r,formula1,Schlapfel9,Williams now have scored more points in this year than from 2018-2024 combined!,,16698,16698,0,251,0.99,:post-statistics: Statistics,False,False,False,False,https://i.redd.it/7q2qlnmohsnf1.png,https://www.reddit.com/r/formula1/comments/1nb1i2r/williams_now_have_scored_more_points_in_this_year/,1757271267,2025-09-07T18:54:27Z,2025-09-07,FALSE,False,posts.part001.csv
submission,1nb1as5,formula1,Task_Force-191,[Kimi Antonelli via Insta] Not an easy race after the bad start but starting to feel better in the car. I’ll be working hard over the next two weeks and be back fighting in Baku. È sempre bello correre a casa,,166,166,0,5,0.95,:post-social-media: Social Media,False,False,False,False,https://www.reddit.com/gallery/1nb1as5,https://www.reddit.com/r/formula1/comments/1nb1as5/kimi_antonelli_via_insta_not_an_easy_race_after/,1757270796,2025-09-07T18:46:36Z,2025-09-07,FALSE,False,posts.part001.csv
submission,1nb15fb,formula1,bene14082004,Piastri's thoughts on giving the positions back.,I think he did the right thing but mclaren shouldn't have asked oscar to give the place back.,203,203,0,319,0.9,:post-quotes: Quotes,False,False,False,False,https://dubz.link/c/75a05f,https://www.reddit.com/r/formula1/comments/1nb15fb/piastris_thoughts_on_giving_the_positions_back/,1757270447,2025-09-07T18:40:47Z,2025-09-07,FALSE,False,posts.part001.csv
submission,1nb0z6b,formula1,Maxidonius,Toto Wolff: Verstappen “made everyone else look silly” as Mercedes floundered at Italian GP,,2902,2902,0,240,0.98,:post-news: News,False,False,False,False,https://www.motorsport.com/f1/news/toto-wolff-verstappen-made-everyone-else-look-silly-as-mercedes-floundered-at-italian-gp/10757553/,https://www.reddit.com/r/formula1/comments/1nb0z6b/toto_wolff_verstappen_made_everyone_else_look/,1757270059,2025-09-07T18:34:19Z,2025-09-07,FALSE,False,posts.part001.csv
submission,1nb0rvy,formula1,bi-nerds,Championship Standings and Eliminations- Italian GP,"**WDC:** 2 more drivers (Antonelli and Albon) were mathematically eliminated from contention - even if they win every remaining race they cannot score more points than Piastri currently has. * The soonest Piastri can clinch is now Mexico, which could happen if he wins every race, and Norris scores no more than 22 points and Verstappen no more than 85 over the next 4 races. * If Piastri were to win every GP (and score 0 in sprints), and Norris were to come 2nd in every GP and win every sprint, Piastri would fall one point short of clinching in Vegas. * If the top 3 in Monza finish in the same order (Verstappen 1st, Norris 2nd, Piastri 3rd) in every remaining race (including sprints), then they would finish the championship in their current order, with Piastri winning on 462 points, Norris on 458, and Verstappen on 454. **WCC:** still no more eliminations in the constructors, but it is still very much possible for McLaren to clinch next race Baku, provided McLaren: * Outscore Ferrari by at least 10 points * Are not outscored by Mercedes by 11 or more points * Are not outscored by Red Bull by 32 or more points They are guaranteed to achieve this with either a 1-2 or a 1-3, no matter what the other teams do. Other finishing positions would be possible, but are not guaranteed (depending on the results of other teams). It is also still possible for McLaren to break the 1000 point mark, but the margins are getting tighter, as their maximum tally is now only 6 points above 1000. This means they would have to win every race (including sprints), and have all 1-2 finishes except for either two 1-3's or one 1-4 or worse.",220,220,0,38,0.97,:post-statistics: Statistics,False,False,False,False,https://www.reddit.com/gallery/1nb0rvy,https://www.reddit.com/r/formula1/comments/1nb0rvy/championship_standings_and_eliminations_italian_gp/,1757269603,2025-09-07T18:26:43Z,2025-09-07,FALSE,False,posts.part001.csv
submission,1nb0rbt,formula1,creatorop,the 5.9 second pitstop for Lando Norris,,113,113,0,39,0.91,:post-video: Video,False,False,False,False,https://dubz.link/c/469186,https://www.reddit.com/r/formula1/comments/1nb0rbt/the_59_second_pitstop_for_lando_norris/,1757269571,2025-09-07T18:26:11Z,2025-09-07,FALSE,False,posts.part001.csv
submission,1nb07cs,formula1,diego_02,Max Verstappen has won 50% of the groundeffect era races; 46 of the 92 possible races,After today’s win it marks his 46th win in this era for reference that’s almost as dominant as Lewis Hamilton was in the hybrid era (81 of 160 races) so if max wins one more race he’ll be more dominant then Lewis And before that vettel was the most dominant one with 38 races won of 141,1838,1838,0,91,0.96,:post-statistics: Statistics,False,False,False,False,https://www.reddit.com/r/formula1/comments/1nb07cs/max_verstappen_has_won_50_of_the_groundeffect_era/,https://www.reddit.com/r/formula1/comments/1nb07cs/max_verstappen_has_won_50_of_the_groundeffect_era/,1757268295,2025-09-07T18:04:55Z,2025-09-07,FALSE,True,posts.part001.csv
submission,1nazzce,formula1,Artistic_Everglow,F1 journal - Italian GP :),,190,190,0,22,0.84,:post-statistics: Statistics,False,False,False,False,https://i.redd.it/ae84oyyc7snf1.jpeg,https://www.reddit.com/r/formula1/comments/1nazzce/f1_journal_italian_gp/,1757267804,2025-09-07T17:56:44Z,2025-09-07,FALSE,False,posts.part001.csv
submission,1nazghr,formula1,MaltesersAreTasty,"Marko credits Mekies for ""new approach"" after dominant Red Bull victory",,395,395,0,55,0.94,:post-news: News,False,False,False,False,https://www.racefans.net/2025/09/07/marko-credits-mekies-for-new-approach-after-dominant-red-bull-victory/,https://www.reddit.com/r/formula1/comments/1nazghr/marko_credits_mekies_for_new_approach_after/,1757266591,2025-09-07T17:36:31Z,2025-09-07,FALSE,False,posts.part001.csv
submission,1nazfqr,formula1,Barrilete_Cosmico,Updated relative standing of rookies this season,,80,80,0,31,0.8,:post-statistics: Statistics,False,False,False,False,https://i.redd.it/1r6n2p7n3snf1.jpeg,https://www.reddit.com/r/formula1/comments/1nazfqr/updated_relative_standing_of_rookies_this_season/,1757266544,2025-09-07T17:35:44Z,2025-09-07,FALSE,False,posts.part001.csv
submission,1naz2zv,formula1,de_rats_2004_crzy,Why would Lando offer Oscar the first pit stop?,"Even without the slow stop and even with the promise of no undercut, surely by allowing this it would put Oscar closer to him and potentially within DRS and thus increasing the odds of him losing the position on track. I truly don’t understand why someone would offer this to their championship rival. I saw on some other threads that some people were saying it was the team’s idea and not Lando’s. I went into Lando’s POV which sometimes included extra radio messages which didn’t make it into the main feed but nope, the main feed didn’t miss any context. It was Lando’s idea. Here is the transcript: Team: Lando we will box this lap after the soft tire <more words I don’t understand> Lando: do you want to pit the other car first? Team: yep we’ll do that. We’ll swap it around so stay out Lando: well only if he doesn’t undercut otherwise I’ll pit first Team: There will be no undercut So the team said “box this lap” then based on what Lando said they switched to “stay out”. What was Lando trying to do? Did he just not want to risk a SC in the lap between the two stops?",113,113,0,229,0.73,:post-discussion: Discussion,False,False,False,False,https://www.reddit.com/r/formula1/comments/1naz2zv/why_would_lando_offer_oscar_the_first_pit_stop/,https://www.reddit.com/r/formula1/comments/1naz2zv/why_would_lando_offer_oscar_the_first_pit_stop/,1757265726,2025-09-07T17:22:06Z,2025-09-07,FALSE,True,posts.part001.csv
submission,1naysfe,formula1,Dellarbill,The Frecce Tricolori at the 2025 Italian Grand Prix,,364,364,0,8,0.97,:post-photo: Photo,False,False,False,False,https://i.redd.it/5b7o91z5zrnf1.jpeg,https://www.reddit.com/r/formula1/comments/1naysfe/the_frecce_tricolori_at_the_2025_italian_grand/,1757265039,2025-09-07T17:10:39Z,2025-09-07,FALSE,False,posts.part001.csv
submission,1nayli2,formula1,Tennist4ts,Both Piastri & Norris scored more overall points in 16 races this year than Senna in the 16 races of 1988 (in the point systems of either of those seasons),,108,108,0,21,0.8,:post-statistics: Statistics,False,False,False,False,https://i.redd.it/0673ro3uxrnf1.png,https://www.reddit.com/r/formula1/comments/1nayli2/both_piastri_norris_scored_more_overall_points_in/,1757264591,2025-09-07T17:03:11Z,2025-09-07,FALSE,False,posts.part001.csv
submission,1nayj9s,formula1,FCBStar-of-the-South,Italian Grand Prix - Race Strategy & Performance Recap,,66,66,0,25,0.94,:post-statistics: Statistics,False,False,False,False,https://www.reddit.com/gallery/1nayj9s,https://www.reddit.com/r/formula1/comments/1nayj9s/italian_grand_prix_race_strategy_performance_recap/,1757264454,2025-09-07T17:00:54Z,2025-09-07,FALSE,False,posts.part001.csv
submission,1nay2wu,formula1,MoonKnight99,The Trucks of Formula 1,"I tried to compile a list of all F1 truck brands by team / organisation based on what I saw in Monza - F1: Mercedes - Pirelli: Mercedes - DHL: Volvo - Alpine: Renault - Aston Martin: Volvo - Ferrari: Iveco - Haas: Scania - McLaren: Mercedes - Mercedes: Mercedes - Racing Bulls: Renault + DAF (Energy Station) - Red Bull: Renault + DAF (Energy Station) - Sauber: Scania - Williams: Scania Notably missing are MAN, Ford and Hyundai. When Sauber still had Iveco trucks from their Alfa Romeo days, I expected them to switch to MAN. But they ended up going with fellow TRATON / Volkswagen brand Scania instead. The MotoGP team of Audi‘s subsidiary Ducati also use MAN trucks. Edit: Did some googling and Haas also seem to have MAN trucks in addition to their Scanias. [According to a post on this subreddit both Racing Bulls and Red Bull plan to switch to Ford trucks next year but I couldn’t find any other sources confirming this.](https://www.reddit.com/r/RedBullRacing/comments/18y83lf/ford_trucks_will_replace_renault_trucks_as_red/) As for Hyundai, it's not surprising they're absent since they only sell hydrogen fuel cell trucks in Europe, which probably aren't a practical option for F1 teams right now.",75,75,0,15,0.91,:post-misc: Misc,False,False,False,False,https://www.reddit.com/r/formula1/comments/1nay2wu/the_trucks_of_formula_1/,https://www.reddit.com/r/formula1/comments/1nay2wu/the_trucks_of_formula_1/,1757263407,2025-09-07T16:43:27Z,2025-09-07,1757273205,True,posts.part001.csv
submission,1nay3sf,formula1,FewCollar227,"[@autodromonazionale_monza] Just in case anyone is still wondering why it is called The Temple Of Speed... Formula 1 Pirelli Grand Prix of Italy 2025 was the fastest race in F1 history: Max Verstappen and RB21 finished it in 1:13:24.325, beat a record that stood since the 2003 season",,1213,1213,0,82,0.97,:post-statistics: Statistics,False,False,False,False,https://i.redd.it/620akwygurnf1.jpeg,https://www.reddit.com/r/formula1/comments/1nay3sf/autodromonazionale_monza_just_in_case_anyone_is/,1757263461,2025-09-07T16:44:21Z,2025-09-07,FALSE,False,posts.part001.csv
submission,1naxu8c,formula1,Kanoncyn,The Stewards Celebrated After the Race with a Group Photo,,1554,1554,0,18,0.95,:post-moderator-comment: *Marshals,False,False,False,False,https://i.redd.it/yuzncldisrnf1.jpeg,https://www.reddit.com/r/formula1/comments/1naxu8c/the_stewards_celebrated_after_the_race_with_a/,1757262837,2025-09-07T16:33:57Z,2025-09-07,FALSE,False,posts.part001.csv
submission,1naxpe4,formula1,randomseocb,"Oscar: ""Today the decision to swap back was fair, Lando was ahead of me the whole race. I don't have any issues with that but we'll definitely discuss it""",,4224,4224,0,766,0.98,:post-video: Video,False,False,False,False,https://streamain.com/ZAVnPHu00bhvBaP/watch,https://www.reddit.com/r/formula1/comments/1naxpe4/oscar_today_the_decision_to_swap_back_was_fair/,1757262526,2025-09-07T16:28:46Z,2025-09-07,FALSE,False,posts.part001.csv
submission,1nax94k,formula1,Spacetrucking,Flashback to McLaren's team orders at 1998 Australian GP,Today's team order was just as silly as the time Mika misheard something on the radio and lost the lead by driving through the pitlane. The team ordered David to let Mika past. I was hoping Alex would bring it up during the race with DC. Maybe they discussed it in the post-race show.,51,51,0,4,0.84,:post-video: Video,False,False,False,False,https://youtu.be/N4T-8lScCG4,https://www.reddit.com/r/formula1/comments/1nax94k/flashback_to_mclarens_team_orders_at_1998/,1757261466,2025-09-07T16:11:06Z,2025-09-07,FALSE,False,posts.part001.csv
submission,1nax5vm,formula1,Tennist4ts,Most F1 race wins in Italy (Monza + Imola + Mugello + Pescara),Verstappen now has won as many races in Italy as Hamilton. Schumi remains far ahead. Note that even though Imola was often officially called the 'San Marino GP' it actually is located in Italy. (Just like how the Nürburgring isnin Germany but was the Luxemburg GP for a couple of years),166,166,0,7,0.98,:post-statistics: Statistics,False,False,False,False,https://i.redd.it/vvbo6ztwnrnf1.png,https://www.reddit.com/r/formula1/comments/1nax5vm/most_f1_race_wins_in_italy_monza_imola_mugello/,1757261254,2025-09-07T16:07:34Z,2025-09-07,FALSE,False,posts.part001.csv
submission,1nax15d,formula1,kpopsns28,[Max Verstappen] YES!!! Unbelievable weekend. Really proud of the massive effort from everyone @redbullracing. Grazie mille!,[https://www.instagram.com/p/DOTo2PaCJH-/](https://www.instagram.com/p/DOTo2PaCJH-/),5624,5624,0,90,0.97,:post-social-media: Social Media,False,False,False,False,https://www.reddit.com/gallery/1nax15d,https://www.reddit.com/r/formula1/comments/1nax15d/max_verstappen_yes_unbelievable_weekend_really/,1757260946,2025-09-07T16:02:26Z,2025-09-07,FALSE,False,posts.part001.csv
submission,1nawxky,formula1,Aratho,[RaceFans] Fernando Alonso and Lance Stroll have been given formal warnings for failing to follow the race director's instructions by crossing back into the pit exit road when exiting the pits during their reconnaissance laps.,,167,167,0,6,0.95,:post-social-media: Social Media,False,False,False,False,https://bsky.app/profile/racefans.net/post/3lyb2kc5ix52d,https://www.reddit.com/r/formula1/comments/1nawxky/racefans_fernando_alonso_and_lance_stroll_have/,1757260724,2025-09-07T15:58:44Z,2025-09-07,FALSE,False,posts.part001.csv
submission,1nawwum,formula1,Task_Force-191,"Yuki after the race: ""First stint was okay, but in the second one I got distracted by the a guy, who wasn't even in points fighting. I picked up so much damage. Very frustrating to be honest, I was fighting for points. Very unnesesery move from Lawson.""",,504,504,0,244,0.92,:post-video: Video,False,False,False,False,https://streamin.one/v/60a12513,https://www.reddit.com/r/formula1/comments/1nawwum/yuki_after_the_race_first_stint_was_okay_but_in/,1757260674,2025-09-07T15:57:54Z,2025-09-07,FALSE,False,posts.part001.csv
submission,1nawsg4,formula1,Task_Force-191,The Post-Race Press Conference after the Italian GP is mainly about McLaren Swap. Leading Max Verstappen to take a quick nap,,8681,8681,0,150,0.99,:post-photo: Photo,False,False,False,False,https://i.redd.it/tkavzoxalrnf1.jpeg,https://www.reddit.com/r/formula1/comments/1nawsg4/the_postrace_press_conference_after_the_italian/,1757260380,2025-09-07T15:53:00Z,2025-09-07,FALSE,False,posts.part001.csv
submission,1nauycc,formula1,tgirlvalerie,Italian GP points scorers,,88,88,0,5,0.97,:post-statistics: Statistics,False,False,False,False,https://i.redd.it/tmquzzxj8rnf1.jpeg,https://www.reddit.com/r/formula1/comments/1nauycc/italian_gp_points_scorers/,1757256096,2025-09-07T14:41:36Z,2025-09-07,FALSE,False,posts.part001.csv
submission,1nawqhl,formula1,Aratho,"[Daniel Valente] Max Verstappen's victory in Monza was the biggest gap between P1 & P2 since Max Verstappen's victory in Brazil. Monza 2025: Max wins by 19.207s, Brazil 2024: Max wins by 19.477s",,951,951,0,68,0.95,:post-social-media: Social Media,False,False,False,False,https://bsky.app/profile/f1guydan.bsky.social/post/3lyazpax6dk2l,https://www.reddit.com/r/formula1/comments/1nawqhl/daniel_valente_max_verstappens_victory_in_monza/,1757260251,2025-09-07T15:50:51Z,2025-09-07,FALSE,False,posts.part001.csv
submission,1nawewk,formula1,Yottaphy,"Drivers' and Constructors' Standings - Round 16, Italy",,206,206,0,59,1.0,:post-statistics: Statistics,False,False,False,False,https://i.redd.it/xjeuwqdqirnf1.png,https://www.reddit.com/r/formula1/comments/1nawewk/drivers_and_constructors_standings_round_16_italy/,1757259514,2025-09-07T15:38:34Z,2025-09-07,FALSE,False,posts.part001.csv
submission,1nawb3a,formula1,FerrariStrategisttt,Oliver Bearman receives 2 penalty points for his collision with Carlos Sainz. (Bearman is now 2 points away from a race ban),,695,695,0,247,0.98,:post-technical: Technical,False,False,False,False,https://i.redd.it/lmt8iee0irnf1.jpeg,https://www.reddit.com/r/formula1/comments/1nawb3a/oliver_bearman_receives_2_penalty_points_for_his/,1757259271,2025-09-07T15:34:31Z,2025-09-07,FALSE,False,posts.part001.csv
submission,1nawb00,formula1,randomseocb,"Lando: “It's what we decided as a team beforehand. It's not how i want things to go [..] It's the most fair thing, if I was behind and Oscar had the same, I’d have to give up my position cause its not my fault, its not oscar’s fault. It was a team mistake”",,256,256,0,378,0.73,:post-video: Video,False,False,False,False,https://streamain.com/08X7MnW7PAiReiv/watch,https://www.reddit.com/r/formula1/comments/1nawb00/lando_its_what_we_decided_as_a_team_beforehand/,1757259265,2025-09-07T15:34:25Z,2025-09-07,FALSE,False,posts.part001.csv
submission,1nawjqi,formula1,randomseocb,Lando getting booed on the podium,,1680,1680,0,538,0.94,:post-video: Video,False,False,False,False,https://streamain.com/s0wZJzrWuWHgC9b/watch,https://www.reddit.com/r/formula1/comments/1nawjqi/lando_getting_booed_on_the_podium/,1757259820,2025-09-07T15:43:40Z,2025-09-07,FALSE,False,posts.part001.csv
submission,1naw8zg,formula1,CaptainOBVS3420,Slow-motion footage of Alonso's kerb usage that lead the the suspension failure.,,1032,1032,0,70,0.98,:post-video: Video,False,False,False,False,https://i.redd.it/n84kwywlhrnf1.gif,https://www.reddit.com/r/formula1/comments/1naw8zg/slowmotion_footage_of_alonsos_kerb_usage_that/,1757259135,2025-09-07T15:32:15Z,2025-09-07,FALSE,False,posts.part001.csv
submission,1naw5qy,formula1,Helpful_Hedgehog_204,Infringement - Car 12 - Erratic Driving (5 Seconds and 1 Penalty Point for Antonelli),,173,173,0,21,0.99,:post-news: News,False,False,False,False,https://i.redd.it/c7c2779vgrnf1.png,https://www.reddit.com/r/formula1/comments/1naw5qy/infringement_car_12_erratic_driving_5_seconds_and/,1757258929,2025-09-07T15:28:49Z,2025-09-07,FALSE,False,posts.part001.csv
submission,1naw2gp,formula1,FerrariStrategisttt,"Max on McLaren’s swapping team orders: ""I’m not going to on how they should manage the team, but from my side, mistakes happen, sometimes you can have a long pit stop, sometimes you can make a mistake yourself, the engine can die, that’s part of racing, but they decide what to do.”",,5413,5413,0,754,0.98,:post-video: Video,False,False,False,False,https://dubz.link/c/c8a8fa,https://www.reddit.com/r/formula1/comments/1naw2gp/max_on_mclarens_swapping_team_orders_im_not_going/,1757258723,2025-09-07T15:25:23Z,2025-09-07,FALSE,False,posts.part001.csv
submission,1navfyj,formula1,FewCollar227,"[@racingnews365com] Doubt in Budapest, domination in Monza",,3029,3029,0,74,0.98,:post-social-media: Social Media,False,False,False,False,https://i.redd.it/kcs53531crnf1.jpeg,https://www.reddit.com/r/formula1/comments/1navfyj/racingnews365com_doubt_in_budapest_domination_in/,1757257260,2025-09-07T15:01:00Z,2025-09-07,FALSE,False,posts.part001.csv
submission,1navun3,formula1,NorthKoreanMissile7,Cadillac simulated the Italian GP as if they were in the race,,20284,20284,0,430,0.99,:post-photo: Photo,False,False,False,False,https://i.redd.it/da7obhbmernf1.jpeg,https://www.reddit.com/r/formula1/comments/1navun3/cadillac_simulated_the_italian_gp_as_if_they_were/,1757258210,2025-09-07T15:16:50Z,2025-09-07,FALSE,False,posts.part001.csv
submission,1navr40,formula1,FerrariStrategisttt,"Bortoleto's post-race Radio: ""Holy shit, Max won? That's insane man, wow, this guy..""",,6018,6018,0,182,0.97,:post-video: Video,False,False,False,False,https://dubz.link/c/5bba24,https://www.reddit.com/r/formula1/comments/1navr40/bortoletos_postrace_radio_holy_shit_max_won_thats/,1757257973,2025-09-07T15:12:53Z,2025-09-07,FALSE,False,posts.part001.csv
submission,1navo8u,formula1,kcollantine,"Swapping Piastri and Norris was ""the fair thing to do"" for McLaren - Stella",,0,0,0,601,0.48,:post-news: News,False,False,False,False,https://www.racefans.net/2025/09/07/swapping-piastri-and-norris-was-the-fair-thing-to-do-insists-stella/,https://www.reddit.com/r/formula1/comments/1navo8u/swapping_piastri_and_norris_was_the_fair_thing_to/,1757257787,2025-09-07T15:09:47Z,2025-09-07,FALSE,False,posts.part001.csv
submission,1nav3rr,formula1,HereComesVettel,Verstappen & Norris jump to 7th (tied) for the duo with the most 1-2 finishes together,,341,341,0,31,0.97,:post-statistics: Statistics,False,False,False,False,https://i.redd.it/5vtvtubn9rnf1.jpeg,https://www.reddit.com/r/formula1/comments/1nav3rr/verstappen_norris_jump_to_7th_tied_for_the_duo/,1757256457,2025-09-07T14:47:37Z,2025-09-07,FALSE,False,posts.part001.csv
submission,1nauzs1,formula1,TaxEvaderFrom1961,"Full 2025 Drivers' Championship, after Italian Grand Prix.",,266,266,0,119,0.95,:post-discussion: Discussion,False,False,False,False,https://i.redd.it/4nu575bv8rnf1.png,https://www.reddit.com/r/formula1/comments/1nauzs1/full_2025_drivers_championship_after_italian/,1757256196,2025-09-07T14:43:16Z,2025-09-07,FALSE,False,posts.part001.csv
submission,1nauzpz,formula1,rakesh-69,Race pace Italian GP 2025,Raw: https://rakesh-i.github.io/stint-data/,86,86,0,36,0.95,:post-statistics: Statistics,False,False,False,False,https://www.reddit.com/gallery/1nauzpz,https://www.reddit.com/r/formula1/comments/1nauzpz/race_pace_italian_gp_2025/,1757256192,2025-09-07T14:43:12Z,2025-09-07,FALSE,False,posts.part001.csv
submission,1nauzh7,formula1,kpopsns28,2025 Italian Grand Prix - Provisional Race Classification,,107,107,0,11,0.98,:post-statistics: Statistics,False,False,False,False,https://i.redd.it/h6t561ks8rnf1.jpeg,https://www.reddit.com/r/formula1/comments/1nauzh7/2025_italian_grand_prix_provisional_race/,1757256174,2025-09-07T14:42:54Z,2025-09-07,FALSE,False,posts.part001.csv
submission,1nauvin,formula1,FerrariStrategisttt,The Tifosi crowd chanting 'DUDUDUDU MAX VERSTAPPEN',,8789,8789,0,483,0.97,:post-video: Video,False,False,False,False,https://dubz.link/c/bfe765,https://www.reddit.com/r/formula1/comments/1nauvin/the_tifosi_crowd_chanting_dudududu_max_verstappen/,1757255907,2025-09-07T14:38:27Z,2025-09-07,FALSE,False,posts.part001.csv
submission,1nauqx4,formula1,PrimeyXE,[alpinef1team] ItalianGP result,,108,108,0,58,0.95,:post-social-media: Social Media,False,False,False,False,https://i.redd.it/7s3grpm17rnf1.png,https://www.reddit.com/r/formula1/comments/1nauqx4/alpinef1team_italiangp_result/,1757255601,2025-09-07T14:33:21Z,2025-09-07,FALSE,False,posts.part001.csv
submission,1nauqib,formula1,Own_Welder_2821,The battle for 2nd in the Constructors is getting close,Could Max Verstappen perhaps do the unthinkable and drag Red Bull to 3rd or 2nd all on his own?,1638,1638,0,147,0.98,:post-discussion: Discussion,False,False,False,False,https://i.redd.it/r5ly9gdx6rnf1.jpeg,https://www.reddit.com/r/formula1/comments/1nauqib/the_battle_for_2nd_in_the_constructors_is_getting/,1757255575,2025-09-07T14:32:55Z,2025-09-07,FALSE,False,posts.part001.csv
submission,1nausfg,formula1,TaxEvaderFrom1961,"Monza 2025, post-race cooldown room summary.",,971,971,0,270,0.95,:post-discussion: Discussion,False,False,False,False,https://i.redd.it/9z0v65be7rnf1.png,https://www.reddit.com/r/formula1/comments/1nausfg/monza_2025_postrace_cooldown_room_summary/,1757255701,2025-09-07T14:35:01Z,2025-09-07,FALSE,False,posts.part001.csv
submission,1nauqzh,formula1,FewCollar227,Duo of Lando and Oscar have surpassed the iconic duo of Senna and Prost in terms of most podiums in a season. Senna & Prost in 1988 (16 GPs): 25 podiums. Norris & Piastri in 2025 (16 GPs): 27 podiums,,575,575,0,102,0.95,:post-statistics: Statistics,False,False,False,False,https://i.redd.it/p4fb2w747rnf1.jpeg,https://www.reddit.com/r/formula1/comments/1nauqzh/duo_of_lando_and_oscar_have_surpassed_the_iconic/,1757255607,2025-09-07T14:33:27Z,2025-09-07,FALSE,False,posts.part001.csv
submission,1naul05,formula1,TaxEvaderFrom1961,"2025 Italian Grand Prix, Main Race, Final Results",,95,95,0,19,0.98,:post-discussion: Discussion,False,False,False,False,https://i.redd.it/c2gj709x5rnf1.png,https://www.reddit.com/r/formula1/comments/1naul05/2025_italian_grand_prix_main_race_final_results/,1757255205,2025-09-07T14:26:45Z,2025-09-07,FALSE,False,posts.part001.csv
submission,1nauplm,formula1,magony,Cooldown room | 2025 Italian Grand Prix,,315,315,0,137,0.96,:post-video: Video,False,False,False,False,https://dubz.link/c/4426f0,https://www.reddit.com/r/formula1/comments/1nauplm/cooldown_room_2025_italian_grand_prix/,1757255515,2025-09-07T14:31:55Z,2025-09-07,FALSE,False,posts.part001.csv
submission,1naune8,formula1,NegotiationNew9264,[astonmartinf1] Our Italian GP weekend comes to a close.,,488,488,0,87,0.98,:post-social-media: Social Media,False,False,False,False,https://i.redd.it/92hdboaf6rnf1.jpeg,https://www.reddit.com/r/formula1/comments/1naune8/astonmartinf1_our_italian_gp_weekend_comes_to_a/,1757255372,2025-09-07T14:29:32Z,2025-09-07,FALSE,False,posts.part001.csv
submission,1naunah,formula1,Helpful_Hedgehog_204,Car 31 - Forcing another driver off the track (5 Seconds and 1 Point Penalty for Ocon),,168,168,0,33,0.99,:post-news: News,False,False,False,False,https://i.redd.it/gqi1eaq86rnf1.png,https://www.reddit.com/r/formula1/comments/1naunah/car_31_forcing_another_driver_off_the_track_5/,1757255366,2025-09-07T14:29:26Z,2025-09-07,FALSE,False,posts.part001.csv
submission,1naumt0,formula1,magony,Max Verstappen post-race interview,,175,175,0,9,0.93,:post-video: Video,False,False,False,False,https://dubz.link/c/99276f,https://www.reddit.com/r/formula1/comments/1naumt0/max_verstappen_postrace_interview/,1757255333,2025-09-07T14:28:53Z,2025-09-07,FALSE,False,posts.part001.csv
submission,1naue99,formula1,TaxEvaderFrom1961,Max Verstappen is the first driver since Leclerc in 2019 to take victory from pole in Monza.,,2847,2847,0,28,0.98,:post-statistics: Statistics,False,False,False,False,https://i.redd.it/cysn0vxj4rnf1.jpeg,https://www.reddit.com/r/formula1/comments/1naue99/max_verstappen_is_the_first_driver_since_leclerc/,1757254745,2025-09-07T14:19:05Z,2025-09-07,FALSE,False,posts.part001.csv
submission,1naulj2,formula1,magony,Lando Norris post-race interview,,0,0,0,236,0.44,:post-video: Video,False,False,False,False,https://dubz.link/c/b72821,https://www.reddit.com/r/formula1/comments/1naulj2/lando_norris_postrace_interview/,1757255241,2025-09-07T14:27:21Z,2025-09-07,FALSE,False,posts.part001.csv
submission,1nauk8f,formula1,magony,Oscar Piastri post-race interview,,283,283,0,117,0.94,:post-video: Video,False,False,False,False,https://dubz.link/c/b57f67,https://www.reddit.com/r/formula1/comments/1nauk8f/oscar_piastri_postrace_interview/,1757255152,2025-09-07T14:25:52Z,2025-09-07,FALSE,False,posts.part001.csv
submission,1naujm7,formula1,Task_Force-191,"[Mercedes-AMG PETRONAS F1 Team] That's the chequered flag at Monza. George finishes P5, with Kimi P9",,139,139,0,54,0.93,:post-social-media: Social Media,False,False,False,False,https://i.redd.it/fc6af7tm5rnf1.jpeg,https://www.reddit.com/r/formula1/comments/1naujm7/mercedesamg_petronas_f1_team_thats_the_chequered/,1757255109,2025-09-07T14:25:09Z,2025-09-07,FALSE,False,posts.part001.csv
submission,1nauh8h,formula1,TaxEvaderFrom1961,The 2025 Italian Grand Prix is officially the fastest Formula One race in history.,,5172,5172,0,140,0.99,:post-statistics: Statistics,False,False,False,False,https://i.redd.it/rnabl4s55rnf1.jpeg,https://www.reddit.com/r/formula1/comments/1nauh8h/the_2025_italian_grand_prix_is_officially_the/,1757254948,2025-09-07T14:22:28Z,2025-09-07,FALSE,False,posts.part001.csv
submission,1naukl9,formula1,drodrige,"[Oracle Red Bull Racing] Never. In. Doubt. Max converts Pole Position into a superb win. An unfortunate afternoon for Yuki, who fought hard but comes home in P13.",,1740,1740,0,333,0.95,:post-social-media: Social Media,False,False,False,False,https://i.redd.it/g46bswzp5rnf1.jpeg,https://www.reddit.com/r/formula1/comments/1naukl9/oracle_red_bull_racing_never_in_doubt_max/,1757255177,2025-09-07T14:26:17Z,2025-09-07,FALSE,False,posts.part001.csv
submission,1naug7j,formula1,Total_Captain_3833,Mclaren Duo on the podium again at Monza! #ItalianGP,,0,0,0,342,0.36,:post-photo: Photo,False,False,False,False,https://i.redd.it/lj31ca7y4rnf1.jpeg,https://www.reddit.com/r/formula1/comments/1naug7j/mclaren_duo_on_the_podium_again_at_monza_italiangp/,1757254879,2025-09-07T14:21:19Z,2025-09-07,FALSE,False,posts.part001.csv
submission,1naugfv,formula1,Schlapfel9,[WilliamsRacing] Points in Monza!,,1184,1184,0,165,0.98,:post-social-media: Social Media,False,False,False,False,https://i.redd.it/xe3enr805rnf1.jpeg,https://www.reddit.com/r/formula1/comments/1naugfv/williamsracing_points_in_monza/,1757254896,2025-09-07T14:21:36Z,2025-09-07,FALSE,False,posts.part001.csv
submission,1naug0p,formula1,AgilePersonality2058,"New Monza GP lap record for Norris, beating Barrichello's time from 2004 (1:21.046 s)",,763,763,0,111,0.88,:post-statistics: Statistics,False,False,False,False,https://i.redd.it/w6lw53fw4rnf1.png,https://www.reddit.com/r/formula1/comments/1naug0p/new_monza_gp_lap_record_for_norris_beating/,1757254866,2025-09-07T14:21:06Z,2025-09-07,FALSE,False,posts.part001.csv
submission,1naufhs,formula1,Task_Force-191,[Scuderia Ferrari F1] A solid performance and good points on home soil,,1806,1806,0,94,0.99,:post-social-media: Social Media,False,False,False,False,https://i.redd.it/5phm6nzs4rnf1.jpeg,https://www.reddit.com/r/formula1/comments/1naufhs/scuderia_ferrari_f1_a_solid_performance_and_good/,1757254831,2025-09-07T14:20:31Z,2025-09-07,FALSE,False,posts.part001.csv
submission,1nauei1,formula1,SniperAsh6,Driver of the Day: Max Verstappen,,2810,2810,0,122,0.96,:post-statistics: Statistics,False,False,False,False,https://www.formula1.com/en/vote.html?monza25,https://www.reddit.com/r/formula1/comments/1nauei1/driver_of_the_day_max_verstappen/,1757254762,2025-09-07T14:19:22Z,2025-09-07,FALSE,False,posts.part001.csv
submission,1naudma,formula1,paulricard,"F1 HOT or NOT - rate drivers, teams and the race for the 2025 Italian GP!",,30,30,0,30,0.75,:post-statistics: Statistics,False,False,False,False,https://www.f1hotornot.com/polls/F1/2025/ITA/vote,https://www.reddit.com/r/formula1/comments/1naudma/f1_hot_or_not_rate_drivers_teams_and_the_race_for/,1757254700,2025-09-07T14:18:20Z,2025-09-07,FALSE,False,posts.part001.csv
submission,1naudbj,formula1,AutoModerator,2025 Italian GP - Post-Race Discussion,"# ROUND 16 - ITALY FORMULA 1 PIRELLI GRAN PREMIO d'ITALIA PRIX 2025 # 🕒 SESSION TIMES |Day|Session|Time (UTC)| |:-|:-|:-| |||| |~~FRI~~|~~Free Practice 1~~|~~11:30~~| |~~FRI~~|~~Free Practice 2~~|~~15:00~~| |~~SAT~~|~~Free Practice 3~~|~~10:30~~| |~~SAT~~|~~Qualifying~~|~~14:00~~| |~~SUN~~|~~Race~~|~~13:00~~| # 🏁 RACE INFORMATION * **Track**: Autodromo Nazionale di Monza * **Location**: Monza, Italy * **Race laps**: 53 * **Lap length**: 5.793km * **Race distance**: 306.720km * **Lap Record**: 1:18.887, Lewis Hamilton (Mercedes), 2020 # ⏪ NEXT UP * Azerbaijan Grand Prix (19-21 September) # ❤️ GOOD CAUSES * 🇺🇦 [Want to support Ukraine? Here's a list of charities.](https://www.reddit.com/r/ukraine/comments/s6g5un/want_to_support_ukraine_heres_a_list_of_charities/?utm_source=reddit&utm_medium=usertext&utm_name=ukraine&utm_content=t3_t5okbs) * 🏳️‍🌈 [Support Stonewall to help improve the lives of LGBTQ+ people.](https://donorbox.org/support-stonewall)",136,136,0,4405,0.94,:post-post-session: Post-Race,False,False,False,False,https://www.reddit.com/r/formula1/comments/1naudbj/2025_italian_gp_postrace_discussion/,https://www.reddit.com/r/formula1/comments/1naudbj/2025_italian_gp_postrace_discussion/,1757254681,2025-09-07T14:18:01Z,2025-09-07,FALSE,True,posts.part001.csv
submission,1naud4p,formula1,overspeeed,Max Verstappen wins the 2025 Italian Grand Prix,,15172,15172,0,1152,0.96,:post-grand-prix: Race,False,False,False,False,https://i.redd.it/cagkprt64rnf1.png,https://www.reddit.com/r/formula1/comments/1naud4p/max_verstappen_wins_the_2025_italian_grand_prix/,1757254667,2025-09-07T14:17:47Z,2025-09-07,FALSE,False,posts.part001.csv
submission,1naual6,formula1,magony,"Lambiase to Max: ""Norris and Piastri have swapped places"" - Verstappen: ""Ha! Just because he had a slow stop?""",,16489,16489,0,1421,0.96,:post-video: Video,False,False,False,False,https://dubz.link/c/cef9e7,https://www.reddit.com/r/formula1/comments/1naual6/lambiase_to_max_norris_and_piastri_have_swapped/,1757254497,2025-09-07T14:14:57Z,2025-09-07,FALSE,False,posts.part001.csv
submission,1nau7xc,formula1,magony,Piastri told to let Norris pass and then they are free to race,,8765,8765,0,3056,0.96,:post-video: Video,False,False,False,False,https://dubz.link/c/7977f8,https://www.reddit.com/r/formula1/comments/1nau7xc/piastri_told_to_let_norris_pass_and_then_they_are/,1757254308,2025-09-07T14:11:48Z,2025-09-07,FALSE,False,posts.part001.csv
submission,1nau5wo,formula1,magony,Oscar told he's free to race Norris as Norris comes out after a slow pit stop,,2190,2190,0,673,0.97,:post-video: Video,False,False,False,False,https://dubz.link/c/97f070,https://www.reddit.com/r/formula1/comments/1nau5wo/oscar_told_hes_free_to_race_norris_as_norris/,1757254168,2025-09-07T14:09:28Z,2025-09-07,FALSE,False,posts.part001.csv
submission,1natzf8,formula1,magony,Bearman and Sainz make contact,,297,297,0,217,0.97,:post-video: Video,False,False,False,False,https://dubz.link/c/376df5,https://www.reddit.com/r/formula1/comments/1natzf8/bearman_and_sainz_make_contact/,1757253719,2025-09-07T14:01:59Z,2025-09-07,FALSE,False,posts.part001.csv
submission,1natmwo,formula1,anthn885,Dramatic footage of Alonso's suspension failure,,219,219,0,22,0.94,:post-video: Video,False,False,False,False,https://streamain.com/GuyhT3DeeG1Sq9N/watch,https://www.reddit.com/r/formula1/comments/1natmwo/dramatic_footage_of_alonsos_suspension_failure/,1757252856,2025-09-07T13:47:36Z,2025-09-07,FALSE,False,posts.part001.csv
submission,1natjru,formula1,magony,Lawson and Tsunoda make contact with each other,,223,223,0,115,0.99,:post-video: Video,False,False,False,False,https://dubz.link/c/8246a7,https://www.reddit.com/r/formula1/comments/1natjru/lawson_and_tsunoda_make_contact_with_each_other/,1757252628,2025-09-07T13:43:48Z,2025-09-07,FALSE,False,posts.part001.csv
submission,1natghd,formula1,magony,Alonso retires from the race with suspension failure,,1759,1759,0,148,0.99,:post-video: Video,False,False,False,False,https://dubz.link/c/4b329b,https://www.reddit.com/r/formula1/comments/1natghd/alonso_retires_from_the_race_with_suspension/,1757252393,2025-09-07T13:39:53Z,2025-09-07,FALSE,False,posts.part001.csv
submission,1nat8ke,formula1,magony,Sainz noted for not following escape road instructions,,124,124,0,22,0.97,:post-video: Video,False,False,False,False,https://dubz.link/c/998705,https://www.reddit.com/r/formula1/comments/1nat8ke/sainz_noted_for_not_following_escape_road/,1757251826,2025-09-07T13:30:26Z,2025-09-07,FALSE,False,posts.part001.csv
submission,1nat5yx,formula1,anthn885,Stroll is forced off track by Ocon on Lap 2,,81,81,0,12,0.98,:post-video: Video,False,False,False,False,https://streamain.com/en/8bA6uLioyS3QaHl/watch,https://www.reddit.com/r/formula1/comments/1nat5yx/stroll_is_forced_off_track_by_ocon_on_lap_2/,1757251634,2025-09-07T13:27:14Z,2025-09-07,FALSE,False,posts.part001.csv
submission,1nat1dn,formula1,anthn885,Lewis Hamilton's overtakes on ALO and BOR for P6.,,201,201,0,16,0.94,:post-video: Video,False,False,False,False,https://streamain.com/tcbiYhdFyyajELQ/watch,https://www.reddit.com/r/formula1/comments/1nat1dn/lewis_hamiltons_overtakes_on_alo_and_bor_for_p6/,1757251294,2025-09-07T13:21:34Z,2025-09-07,FALSE,False,posts.part001.csv
submission,1nasyuc,formula1,magony,Ocon receives a 5 second time penalty for forcing another driver off the track,,172,172,0,34,0.97,:post-video: Video,False,False,False,False,https://dubz.link/c/d8c15e,https://www.reddit.com/r/formula1/comments/1nasyuc/ocon_receives_a_5_second_time_penalty_for_forcing/,1757251100,2025-09-07T13:18:20Z,2025-09-07,FALSE,False,posts.part001.csv
submission,1nastxi,formula1,magony,Race start analysis - Max takes the lead of the race as Norris is pushed off the track,,524,524,0,310,0.87,:post-video: Video,False,False,False,False,https://dubz.link/c/aaa9de,https://www.reddit.com/r/formula1/comments/1nastxi/race_start_analysis_max_takes_the_lead_of_the/,1757250720,2025-09-07T13:12:00Z,2025-09-07,FALSE,False,posts.part001.csv
submission,1nasshj,formula1,magony,Verstappen takes the lead off the race,,964,964,0,156,0.92,:post-video: Video,False,False,False,False,https://dubz.link/c/a550be,https://www.reddit.com/r/formula1/comments/1nasshj/verstappen_takes_the_lead_off_the_race/,1757250609,2025-09-07T13:10:09Z,2025-09-07,FALSE,False,posts.part001.csv
submission,1nasnvz,formula1,magony,Nico Hülkenberg retiring from the race during the formation lap,,419,419,0,20,0.98,:post-video: Video,False,False,False,False,https://dubz.link/c/ae29e3,https://www.reddit.com/r/formula1/comments/1nasnvz/nico_hülkenberg_retiring_from_the_race_during_the/,1757250251,2025-09-07T13:04:11Z,2025-09-07,FALSE,False,posts.part001.csv
submission,1nash6b,formula1,AutoModerator,2025 Italian GP - Race Discussion,"# ROUND 16 - ITALY FORMULA 1 PIRELLI GRAN PREMIO d'ITALIA PRIX 2025 # 🕒 SESSION TIMES |Day|Session|Time (UTC)| |:-|:-|:-| || |~~FRI~~|~~Free Practice 1~~|~~11:30~~| |~~FRI~~|~~Free Practice 2~~|~~15:00~~| |~~SAT~~|~~Free Practice 3~~|~~10:30~~| |~~SAT~~|~~Qualifying~~|~~14:00~~| |SUN|Race|13:00| [Click here for start times in your area](http://f1calendar.com/) # 🥇 QUALIFYING RESULTS # Q3 |P|Driver|Team|Lap time| |:-|:-|:-|:-| || |1|VERSTAPPEN|Red Bull Racing|1:18.792| |2|NORRIS|McLaren|1:18.869| |3|PIASTRI|McLaren|1:18.982| |4|LECLERC|Ferrari|1:19.007| |5|HAMILTON|Ferrari|1:19.124| |6|RUSSELL|Mercedes|1:19.157| |7|ANTONELLI|Mercedes|1:19.200| |8|BORTOLETO|Kick Sauber|1:19.390| |9|ALONSO|Aston Martin|1:19.424| |10|TSUNODA|Red Bull Racing|1:19.519| # Q2 |P|Driver|Team|Lap time| |:-|:-|:-|:-| || |11|BEARMAN|Haas F1 Team|1:19.446| |12|HULKENBERG|Kick Sauber|1:19.498| |13|SAINZ|Williams|1:19.528| |14|ALBON|Williams|1:19.583| |15|OCON|Haas F1 Team|1:19.707| # Q1 |P|Driver|Team|Lap time| |:-|:-|:-|:-| || |16|HADJAR|Racing Bulls|1:19.917| |17|STROLL|Aston Martin|1:19.948| |18|COLAPINTO|Alpine|1:19.992| |19|GASLY|Alpine|1:20.103| |20|LAWSON|Racing Bulls|1:20.279| # 🏁 RACE INFORMATION * **Track**: Autodromo Nazionale di Monza * **Location**: Monza, Italy * **Race laps**: 53 * **Lap length**: 5.793km * **Race distance**: 306.720km * **Lap Record**: 1:18.887, Lewis Hamilton (Mercedes), 2020 # ⏪ LAST TIME AROUND * **Pole position**: 1:19.327, Lando Norris (Mclaren) * **Race winner**: Charles Leclerc (Ferrari) * **Fastest lap**: 1:21.432, Lando Norris (Mclaren) # 📺 WHERE TO WATCH? F1 is broadcast on F1TV and through several local broadcasters. [Click here](https://www.formula1.com/en/toolbar/content_schedule.html) to find out if F1TV is offered in your region. [Click here](https://www.formula1.com/en/toolbar/broadcast-information.html) to go to the full list of broadcasters. Streams and downloads are not welcome on [r/Formula1](https://www.reddit.com/r/Formula1/). Requesting and sharing streams and/or downloads will be met with immediate bans. # ❤️ GOOD CAUSES * 🇺🇦 [Want to support Ukraine? Here's a list of charities.](https://www.reddit.com/r/ukraine/comments/s6g5un/want_to_support_ukraine_heres_a_list_of_charities/?utm_source=reddit&utm_medium=usertext&utm_name=ukraine&utm_content=t3_t5okbs) * 🏳️‍🌈 [Support Stonewall to help improve the lives of LGBTQ+ people.](https://donorbox.org/support-stonewall)",156,156,0,17625,0.9,:post-grand-prix: Race,False,False,False,False,https://www.reddit.com/r/formula1/comments/1nash6b/2025_italian_gp_race_discussion/,https://www.reddit.com/r/formula1/comments/1nash6b/2025_italian_gp_race_discussion/,1757249733,2025-09-07T12:55:33Z,2025-09-07,FALSE,True,posts.part001.csv
submission,1nasbe6,formula1,AgentSnowman,[OT] MotoGP Catalan Grand Prix 2025 Winner,,57,57,0,25,0.87,:post-off-topic: Off-Topic,False,True,False,False,https://i.redd.it/x7qy4ooaoqnf1.jpeg,https://www.reddit.com/r/formula1/comments/1nasbe6/ot_motogp_catalan_grand_prix_2025_winner/,1757249288,2025-09-07T12:48:08Z,2025-09-07,FALSE,False,posts.part001.csv
submission,1narwty,formula1,Aratho,Final Starting Grid - 2025 Italian Grand Prix,,42,42,0,2,0.97,:post-statistics: Statistics,False,False,False,False,https://i.redd.it/wffg83qvkqnf1.jpeg,https://www.reddit.com/r/formula1/comments/1narwty/final_starting_grid_2025_italian_grand_prix/,1757248128,2025-09-07T12:28:48Z,2025-09-07,FALSE,False,posts.part001.csv
submission,1naroug,formula1,musef1,2025 Italian GP - Race tyre sets,,16,16,0,0,0.84,:post-technical: Technical,False,False,False,False,https://i.imgur.com/fDBl0N4.png,https://www.reddit.com/r/formula1/comments/1naroug/2025_italian_gp_race_tyre_sets/,1757247463,2025-09-07T12:17:43Z,2025-09-07,FALSE,False,posts.part001.csv
submission,1nare5l,formula1,mosspoled,(OT) Look what I came across today at the Tabac historic Grand Prix at the TT circuit in Assen,,250,250,0,6,0.98,:post-off-topic: Off-Topic,False,False,False,False,https://www.reddit.com/gallery/1nare5l,https://www.reddit.com/r/formula1/comments/1nare5l/ot_look_what_i_came_across_today_at_the_tabac/,1757246546,2025-09-07T12:02:26Z,2025-09-07,FALSE,False,posts.part001.csv
submission,1naqu57,formula1,Expensive_Ladder_486,Verstappen interested in MotoGP team takeover - what you need to know,,178,178,0,38,0.9,:post-off-topic: Off-Topic,False,False,False,False,https://www.the-race.com/formula-1/whats-really-going-on-with-max-verstappens-motogp-team-takeover-interest/,https://www.reddit.com/r/formula1/comments/1naqu57/verstappen_interested_in_motogp_team_takeover/,1757244705,2025-09-07T11:31:45Z,2025-09-07,FALSE,False,posts.part001.csv
submission,1nanca5,formula1,CMDR_BillyGray,I visited the Schumacher collection in Cologne,,190,190,0,25,0.99,:post-photo: Photo,False,False,False,False,https://www.reddit.com/gallery/1nanca5,https://www.reddit.com/r/formula1/comments/1nanca5/i_visited_the_schumacher_collection_in_cologne/,1757231480,2025-09-07T07:51:20Z,2025-09-07,FALSE,False,posts.part001.csv
submission,1nao6ne,formula1,Holytrishaw,[Kym Illman F1] Isack Gets His Third Trophy,"After Isack’s third-place trophy broke during the team celebration last Sunday, Royal Delft Blue crafted a replacement and presented it to him here at Monza. A small crowd gathered at the back of the garage to witness the moment. When a Dutch reporter remarked that he now had two trophies, Isack quickly corrected him: “Well, actually three because the first one is now in two pieces.”",319,319,0,22,0.94,:post-photo: Photo,False,False,False,False,https://www.reddit.com/gallery/1nao6ne,https://www.reddit.com/r/formula1/comments/1nao6ne/kym_illman_f1_isack_gets_his_third_trophy/,1757234726,2025-09-07T08:45:26Z,2025-09-07,FALSE,False,posts.part001.csv
submission,1nao2m7,formula1,Aratho,Possible Race Strategies - 2025 Italian Grand Prix,,82,82,0,31,0.99,:post-social-media: Social Media,False,False,False,False,https://i.redd.it/cc4fna4rfpnf1.jpeg,https://www.reddit.com/r/formula1/comments/1nao2m7/possible_race_strategies_2025_italian_grand_prix/,1757234296,2025-09-07T08:38:16Z,2025-09-07,FALSE,False,posts.part001.csv
submission,1napohm,formula1,Aratho,"[Rory Mitchell] We'll have 18 cars on the grid for the start of the Italian GP, as both Hadjar and Gasly will start from the pit lane due to making power unit changes.",,545,545,0,7,0.98,:post-social-media: Social Media,False,False,False,False,https://bsky.app/profile/rorymitchellf1.bsky.social/post/3lyagiz7dw22g,https://www.reddit.com/r/formula1/comments/1napohm/rory_mitchell_well_have_18_cars_on_the_grid_for/,1757240520,2025-09-07T10:22:00Z,2025-09-07,FALSE,False,posts.part001.csv
submission,1naphza,formula1,CreamyCornCob1,"For those that don't know, added places. '08 but still relevant.","Heard so many people on X thinking they sit flat, and legs flat. lol. Decades ago yes. Not now. Cheers!",507,507,0,45,0.95,:post-technical: Technical,False,False,False,False,https://i.redd.it/amkj6sstvpnf1.png,https://www.reddit.com/r/formula1/comments/1naphza/for_those_that_dont_know_added_places_08_but/,1757239827,2025-09-07T10:10:27Z,2025-09-07,FALSE,False,posts.part001.csv
submission,1naouoz,formula1,AutoModerator,2025 Italian GP - Build Up,"# ROUND 16 - ITALY FORMULA 1 PIRELLI GRAN PREMIO d'ITALIA PRIX 2025 # 🕒 SESSION TIMES |Day|Session|Time (UTC)| |:-|:-|:-| || |~~FRI~~|~~Free Practice 1~~|~~11:30~~| |~~FRI~~|~~Free Practice 2~~|~~15:00~~| |~~SAT~~|~~Free Practice 3~~|~~10:30~~| |~~SAT~~|~~Qualifying~~|~~14:00~~| |SUN|Race|13:00| [Click here for start times in your area](http://f1calendar.com/) # 🥇 QUALIFYING RESULTS # Q3 |P|Driver|Team|Lap time| |:-|:-|:-|:-| || |1|VERSTAPPEN|Red Bull Racing|1:18.792| |2|NORRIS|McLaren|1:18.869| |3|PIASTRI|McLaren|1:18.982| |4|LECLERC|Ferrari|1:19.007| |5|HAMILTON|Ferrari|1:19.124| |6|RUSSELL|Mercedes|1:19.157| |7|ANTONELLI|Mercedes|1:19.200| |8|BORTOLETO|Kick Sauber|1:19.390| |9|ALONSO|Aston Martin|1:19.424| |10|TSUNODA|Red Bull Racing|1:19.519| # Q2 |P|Driver|Team|Lap time| |:-|:-|:-|:-| || |11|BEARMAN|Haas F1 Team|1:19.446| |12|HULKENBERG|Kick Sauber|1:19.498| |13|SAINZ|Williams|1:19.528| |14|ALBON|Williams|1:19.583| |15|OCON|Haas F1 Team|1:19.707| # Q1 |P|Driver|Team|Lap time| |:-|:-|:-|:-| || |16|HADJAR|Racing Bulls|1:19.917| |17|STROLL|Aston Martin|1:19.948| |18|COLAPINTO|Alpine|1:19.992| |19|GASLY|Alpine|1:20.103| |20|LAWSON|Racing Bulls|1:20.279| # 🏁 RACE INFORMATION * **Track**: Autodromo Nazionale di Monza * **Location**: Monza, Italy * **Race laps**: 53 * **Lap length**: 5.793km * **Race distance**: 306.720km * **Lap Record**: 1:18.887, Lewis Hamilton (Mercedes), 2020 # ⏪ LAST TIME AROUND * **Pole position**: 1:19.327, Lando Norris (Mclaren) * **Race winner**: Charles Leclerc (Ferrari) * **Fastest lap**: 1:21.432, Lando Norris (Mclaren) # 📺 WHERE TO WATCH? F1 is broadcast on F1TV and through several local broadcasters. [Click here](https://www.formula1.com/en/toolbar/content_schedule.html) to find out if F1TV is offered in your region. [Click here](https://www.formula1.com/en/toolbar/broadcast-information.html) to go to the full list of broadcasters. Streams and downloads are not welcome on [r/Formula1](https://www.reddit.com/r/Formula1/). Requesting and sharing streams and/or downloads will be met with immediate bans. # ❤️ GOOD CAUSES * 🇺🇦 [Want to support Ukraine? Here's a list of charities.](https://www.reddit.com/r/ukraine/comments/s6g5un/want_to_support_ukraine_heres_a_list_of_charities/?utm_source=reddit&utm_medium=usertext&utm_name=ukraine&utm_content=t3_t5okbs) * 🏳️‍🌈 [Support Stonewall to help improve the lives of LGBTQ+ people.](https://donorbox.org/support-stonewall)",45,45,0,766,0.92,:post-pre-session: Pre-Race,False,False,False,False,https://www.reddit.com/r/formula1/comments/1naouoz/2025_italian_gp_build_up/,https://www.reddit.com/r/formula1/comments/1naouoz/2025_italian_gp_build_up/,1757237310,2025-09-07T09:28:30Z,2025-09-07,FALSE,True,posts.part001.csv
submission,1nanwxu,formula1,InWilliamsWeTrust,Italian GP Qualifying | Teammate Gaps,,1428,1428,0,143,0.98,:post-statistics: Statistics,False,False,False,False,https://i.redd.it/pgdpo5mxdpnf1.png,https://www.reddit.com/r/formula1/comments/1nanwxu/italian_gp_qualifying_teammate_gaps/,1757233689,2025-09-07T08:28:09Z,2025-09-07,FALSE,False,posts.part001.csv
submission,1naofve,formula1,turinturambar66,[OT] [Formula 2] 2025 Italian GP Formula 2 Feature Race Winner,,103,103,0,67,0.94,:post-off-topic: Off-Topic,False,True,False,False,https://xcancel.com/Formula2/status/1964611821446566262,https://www.reddit.com/r/formula1/comments/1naofve/ot_formula_2_2025_italian_gp_formula_2_feature/,1757235715,2025-09-07T09:01:55Z,2025-09-07,FALSE,False,posts.part001.csv
submission,1naodsu,formula1,Aratho,"Briatore praises ""much more consistent"" Colapinto after best finish for Alpine",,251,251,0,69,0.94,:post-news: News,False,False,False,False,https://www.racefans.net/2025/09/06/briatore-praises-much-more-consistent-colapinto-after-best-finish-for-alpine/,https://www.reddit.com/r/formula1/comments/1naodsu/briatore_praises_much_more_consistent_colapinto/,1757235509,2025-09-07T08:58:29Z,2025-09-07,FALSE,False,posts.part001.csv
submission,1nak7iq,formula1,brooklyn600,Why did Mercedes reveal the DAS system in 2020 instead of 2021?,"I still don't understand to this day why Mercedes decided to reveal DAS during the 2020 pre-season test. We know today that the Mercedes W11 of 2020 is the most dominant, even the fastest car of all time. They essentially had both the WDC and WCC wrapped up weeks before the teams even headed to Melbourne for the season opener and based on pre-season tests like 2023, teams are highly aware when one team has a dominant car aka the Red Bull so Mercedes of all teams should've also been aware of the gap their 2020 challenger had over the competition. Moreover, we know also from previous testimony from ex-Mercedes members like Paddy Lowe that in 2014, they deliberately ran low engine modes to hide their enormous gap they built in the new regulations to slow the FIA down from allowing the regulations to let the other teams catch-up. This begs the question - why didn't they save DAS for the 2021 season? It's of course easier to say with hindsight after COVID happened and the 7 straight years of Mercedes dominance since 2014 that nobody expected Red Bull to produce a title challenger for 2021. Nevertheless, considering Lewis and Max were literally on equal points going into Abu Dhabi in 2021, DAS could've easily been the difference between Lewis winning the WDC and not had it not been banned for the 2021 season which Mercedes facilitated by revealing it in 2020.",0,0,0,30,0.21,:post-discussion: Discussion,False,False,False,False,https://www.reddit.com/r/formula1/comments/1nak7iq/why_did_mercedes_reveal_the_das_system_in_2020/,https://www.reddit.com/r/formula1/comments/1nak7iq/why_did_mercedes_reveal_the_das_system_in_2020/,1757220157,2025-09-07T04:42:37Z,2025-09-07,1757220376,True,posts.part001.csv
submission,1nao5bq,formula1,anthn885,[OT] Massive F2 crash at Monza shakes up the race – thankfully all drivers safe,,505,505,0,215,0.81,:post-video: Video,False,True,False,False,https://streamain.com/w94F6AdxjTtWXaP/watch,https://www.reddit.com/r/formula1/comments/1nao5bq/ot_massive_f2_crash_at_monza_shakes_up_the_race/,1757234580,2025-09-07T08:43:00Z,2025-09-07,FALSE,False,posts.part001.csv
submission,1nao3mx,formula1,Aratho,"[Thomas Maher] After 20 years, this familiar fixture has reached its latest day in the paddock as the oldest hospitality unit. Audi will introduce a new one next year.",,77,77,0,9,0.85,:post-news: News,False,False,False,False,https://bsky.app/profile/thomasmaheronf1.bsky.social/post/3lyabjnqak2,https://www.reddit.com/r/formula1/comments/1nao3mx/thomas_maher_after_20_years_this_familiar_fixture/,1757234402,2025-09-07T08:40:02Z,2025-09-07,FALSE,False,posts.part001.csv
submission,1nanlsf,formula1,Aratho,[Chris Medland] A new power unit for Pierre Gasly today means a pit lane start. Had qualified P19 originally,,252,252,0,14,0.99,:post-news: News,False,False,False,False,https://bsky.app/profile/chrismedlandf1.bsky.social/post/3lya7yqxjfc2t,https://www.reddit.com/r/formula1/comments/1nanlsf/chris_medland_a_new_power_unit_for_pierre_gasly/,1757232501,2025-09-07T08:08:21Z,2025-09-07,FALSE,False,posts.part001.csv
submission,1naljvy,formula1,AutoModerator,Ask r/Formula1 Anything - Daily Discussion Thread,"# Welcome to the [r/formula1](https://www.reddit.com/r/formula1/) Daily Discussion / Q&A thread. This thread is a hub for general discussion and questions about Formula 1, that don't need threads of their own. Are you new to Formula 1? This is the place for you. Ever wondered why it's called a lollipop man? Why the cars don't refuel during pitstops? Or when Mika will be back from his sabbatical? Ask any question you might have here, and the community will answer. Also make sure you check out our [guide for new fans](https://www.reddit.com/r/formula1/wiki/newtof1), and our [FAQ for new fans](https://www.reddit.com/r/formula1/wiki/faq). Are you a veteran fan, longing for the days of lollipop men, refueling during pitstops, and Mika Häkkinen? This is the place to introduce new fans to your passion and knowledge of the sport. Remember to keep it civil and welcoming! Gatekeeping within the Daily Discussion will subject users to disciplinary action. Have a meta question about the subreddit? Please [direct these to the moderators](https://www.reddit.com/message/compose/?to=/r/formula1) instead.",11,11,0,172,0.81,:post-daily-discussion: Daily Discussion,False,False,False,False,https://www.reddit.com/r/formula1/comments/1naljvy/ask_rformula1_anything_daily_discussion_thread/,https://www.reddit.com/r/formula1/comments/1naljvy/ask_rformula1_anything_daily_discussion_thread/,1757224870,2025-09-07T06:01:10Z,2025-09-07,FALSE,True,posts.part001.csv
submission,1nak61h,formula1,anthn885,Lewis reveals the uplifting message he received this week - ItalianGP,,187,187,0,18,0.89,:post-video: Video,False,False,False,False,https://streamain.com/pEC78IaiSiM9Fa4/watch,https://www.reddit.com/r/formula1/comments/1nak61h/lewis_reveals_the_uplifting_message_he_received/,1757220013,2025-09-07T04:40:13Z,2025-09-07,FALSE,False,posts.part001.csv
submission,1nag6ks,formula1,anthn885,Nico Hulkenberg clocked the top speed in qualifying -ItalianGP,,333,333,0,29,0.99,:post-video: Video,False,False,False,False,https://streamain.com/en/vuLoUtzzPpXOyOj/watch,https://www.reddit.com/r/formula1/comments/1nag6ks/nico_hulkenberg_clocked_the_top_speed_in/,1757207405,2025-09-07T01:10:05Z,2025-09-07,FALSE,False,posts.part001.csv
submission,1nab8l3,formula1,NegotiationNew9264,[OT][WEC] Pole sitters for the 2025 Lone Star Le Mans,,239,239,0,23,0.94,:post-off-topic: Off-Topic,False,True,False,False,https://www.reddit.com/gallery/1nab8l3,https://www.reddit.com/r/formula1/comments/1nab8l3/otwec_pole_sitters_for_the_2025_lone_star_le_mans/,1757193833,2025-09-06T21:23:53Z,2025-09-06,FALSE,False,posts.part001.csv
submission,1na9yhw,formula1,Rechuchatumare,Ghost Car Lap Comparison! How Max Verstappen Secured Pole Position | 2025 Italian Grand Prix,,156,156,0,31,0.93,:post-video: Video,False,False,False,False,https://www.youtube.com/watch?v=-y0G8_mqDNw,https://www.reddit.com/r/formula1/comments/1na9yhw/ghost_car_lap_comparison_how_max_verstappen/,1757190608,2025-09-06T20:30:08Z,2025-09-06,FALSE,False,posts.part001.csv
submission,1na65b8,formula1,Ecomystic,Alpine referred to the Stewards for failing to cover car #10 two hours after quali,,255,255,0,18,0.99,:post-technical: Technical,False,False,False,False,https://i.redd.it/wpu5s9pd2lnf1.jpeg,https://www.reddit.com/r/formula1/comments/1na65b8/alpine_referred_to_the_stewards_for_failing_to/,1757181442,2025-09-06T17:57:22Z,2025-09-06,FALSE,False,posts.part001.csv
submission,1na7es1,formula1,FewCollar227,"Max about lap record he set today ""I mean, its also the new asphalt, different curbs, the track has also just gotten quicker. I think if you put the 2020 Mercedes here, you'll go quicker. Especially if you put me in that car. Then we go even faster.""",,12452,12452,0,703,0.96,:post-video: Video,False,False,False,False,https://dubz.link/c/d4f8a9,https://www.reddit.com/r/formula1/comments/1na7es1/max_about_lap_record_he_set_today_i_mean_its_also/,1757184428,2025-09-06T18:47:08Z,2025-09-06,FALSE,False,posts.part001.csv
submission,1na5k36,formula1,Tesstrogen23,Max Verstappen's Pole Lap | 2025 Italian Grand Prix | Pirelli,,526,526,0,47,0.94,:post-video: Video,False,False,False,False,https://www.youtube.com/watch?v=wgZdpFRpZCs,https://www.reddit.com/r/formula1/comments/1na5k36/max_verstappens_pole_lap_2025_italian_grand_prix/,1757180060,2025-09-06T17:34:20Z,2025-09-06,FALSE,False,posts.part001.csv
submission,1na5202,formula1,enesracing,Verstappen hails Monza pole as key breakthrough,,212,212,0,49,0.79,:post-news: News,False,False,False,False,https://racer.com/2025/09/06/verstappen-hails-monza-pole-as-key-breakthrough,https://www.reddit.com/r/formula1/comments/1na5202/verstappen_hails_monza_pole_as_key_breakthrough/,1757178889,2025-09-06T17:14:49Z,2025-09-06,FALSE,False,posts.part001.csv
submission,1na4lr7,formula1,notCHALlmao,"Fun Fact: Alonso and Hamilton are constantly trading the record for ""Most Races Finished"". It was tied prior to Zandvoort, but Hamilton's DNF put Alonso in the lead.",,4180,4180,0,112,0.99,:post-misc: Misc,False,False,False,False,https://i.redd.it/6i8g89mqrknf1.png,https://www.reddit.com/r/formula1/comments/1na4lr7/fun_fact_alonso_and_hamilton_are_constantly/,1757177794,2025-09-06T16:56:34Z,2025-09-06,FALSE,False,posts.part001.csv
submission,1na3lth,formula1,CaptainOBVS3420,Max now has the joint most poles this season. Insane [from DAZN on Instagram],,5697,5697,0,568,0.97,:post-statistics: Statistics,False,False,False,False,https://i.redd.it/g5duvs8lkknf1.jpeg,https://www.reddit.com/r/formula1/comments/1na3lth/max_now_has_the_joint_most_poles_this_season/,1757175388,2025-09-06T16:16:28Z,2025-09-06,FALSE,False,posts.part001.csv
submission,1na3gg2,formula1,Aratho,Verstappen's pole position no surprise to McLaren drivers,,323,323,0,52,0.93,:post-news: News,False,False,False,False,https://www.racefans.net/2025/09/06/verstappens-pole-position-no-surprise-to-mclaren-drivers/,https://www.reddit.com/r/formula1/comments/1na3gg2/verstappens_pole_position_no_surprise_to_mclaren/,1757175019,2025-09-06T16:10:19Z,2025-09-06,FALSE,False,posts.part001.csv
submission,1na3hfy,formula1,Aratho,"[Adam Cooper] Lewis Hamilton on P5+5 in Monza qualifying: ""I think the progress from last weekend, we carried that through this week. P1 the car felt great, I think that's where it felt probably the best. We made changes into qualifying, and I think it was the most we could get from it.""",,606,606,0,38,0.98,:post-social-media: Social Media,False,False,False,False,https://bsky.app/profile/adamcooperf1.bsky.social/post/3ly6ketxxn22m,https://www.reddit.com/r/formula1/comments/1na3hfy/adam_cooper_lewis_hamilton_on_p55_in_monza/,1757175089,2025-09-06T16:11:29Z,2025-09-06,FALSE,False,posts.part001.csv
submission,1na3bxq,formula1,Rechuchatumare,Qualifying Highlights | 2025 Italian Grand Prix,,43,43,0,5,0.9,:post-video: Video,False,False,False,False,https://www.youtube.com/watch?v=XSK1zf4LMZQ,https://www.reddit.com/r/formula1/comments/1na3bxq/qualifying_highlights_2025_italian_grand_prix/,1757174712,2025-09-06T16:05:12Z,2025-09-06,FALSE,False,posts.part001.csv
submission,1na3evq,formula1,kcollantine,Vasseur explains why Ferrari didn't use Hamilton to give Leclerc a tow,,703,703,0,153,0.97,:post-news: News,False,False,False,False,https://www.racefans.net/2025/09/06/vasseur-explains-why-ferrari-didnt-use-hamilton-to-give-leclerc-a-tow/,https://www.reddit.com/r/formula1/comments/1na3evq/vasseur_explains_why_ferrari_didnt_use_hamilton/,1757174912,2025-09-06T16:08:32Z,2025-09-06,FALSE,False,posts.part001.csv
submission,1na2nhf,formula1,marypsm,RBR trimmed down Verstappen's Monza wing after Friday practice,,1417,1417,0,134,0.98,:post-technical: Technical,False,False,False,False,https://i.redd.it/4vpp5i61dknf1.png,https://www.reddit.com/r/formula1/comments/1na2nhf/rbr_trimmed_down_verstappens_monza_wing_after/,1757173090,2025-09-06T15:38:10Z,2025-09-06,FALSE,False,posts.part001.csv
submission,1na2lrx,formula1,NegotiationNew9264,"[visacashapprb] Not our Sunday, but you know the boys will give it their all tomorrow.",,220,220,0,37,0.97,:post-social-media: Social Media,False,False,False,False,https://i.redd.it/7n5qr6kedknf1.jpeg,https://www.reddit.com/r/formula1/comments/1na2lrx/visacashapprb_not_our_sunday_but_you_know_the/,1757172971,2025-09-06T15:36:11Z,2025-09-06,FALSE,False,posts.part001.csv
submission,1na2k72,formula1,NegotiationNew9264,[alpinef1team] P18 and P19 in Quali.,,181,181,0,28,0.96,:post-social-media: Social Media,False,False,False,False,https://i.redd.it/hyzq7jh3dknf1.jpeg,https://www.reddit.com/r/formula1/comments/1na2k72/alpinef1team_p18_and_p19_in_quali/,1757172867,2025-09-06T15:34:27Z,2025-09-06,FALSE,False,posts.part001.csv
submission,1na2gnn,formula1,PradaAndPunishment,2025 Italian GP Qualifying Gaps Visualized [via justformulacar],,2090,2090,0,112,0.99,:post-technical: Technical,False,False,False,False,https://i.redd.it/hndu4pndcknf1.jpeg,https://www.reddit.com/r/formula1/comments/1na2gnn/2025_italian_gp_qualifying_gaps_visualized_via/,1757172633,2025-09-06T15:30:33Z,2025-09-06,FALSE,False,posts.part001.csv
submission,1na2gkp,formula1,jiwoooseo,Max Verstappen radio after pole,,201,201,0,18,0.89,:post-video: Video,False,False,False,False,https://dubz.link/v/a8e708,https://www.reddit.com/r/formula1/comments/1na2gkp/max_verstappen_radio_after_pole/,1757172627,2025-09-06T15:30:27Z,2025-09-06,FALSE,False,posts.part001.csv
submission,1na2e9v,formula1,Aratho,Starting Grid - 2025 Italian Grand Prix,,927,927,0,113,0.99,:post-social-media: Social Media,False,False,False,False,https://i.redd.it/hxyjiv6vbknf1.jpeg,https://www.reddit.com/r/formula1/comments/1na2e9v/starting_grid_2025_italian_grand_prix/,1757172471,2025-09-06T15:27:51Z,2025-09-06,FALSE,False,posts.part001.csv
submission,1na29qe,formula1,MoneyLibrarian9032,F2 Sprint Race Highlights | 2025 Italian Grand Prix,,42,42,0,38,0.87,:post-off-topic: Off-Topic,False,True,False,False,https://youtu.be/7WhG1XUohBU?feature=shared,https://www.reddit.com/r/formula1/comments/1na29qe/f2_sprint_race_highlights_2025_italian_grand_prix/,1757172164,2025-09-06T15:22:44Z,2025-09-06,FALSE,False,posts.part001.csv
submission,1na27oa,formula1,FerrariStrategisttt,"With an average speed of 264.681 Km/h, Max Verstappen recorded the fastest EVER lap in the history of F1 by average speed.",,16338,16338,0,521,0.97,:post-statistics: Statistics,False,False,False,False,https://i.redd.it/2hd8jbtlaknf1.jpeg,https://www.reddit.com/r/formula1/comments/1na27oa/with_an_average_speed_of_264681_kmh_max/,1757172032,2025-09-06T15:20:32Z,2025-09-06,FALSE,False,posts.part001.csv
submission,1na25fb,formula1,Any_Inflation_2543,[MercedesAMGF1] That's all from quali,,226,226,0,60,0.97,:post-social-media: Social Media,False,False,False,False,https://i.redd.it/6hhccw66aknf1.jpeg,https://www.reddit.com/r/formula1/comments/1na25fb/mercedesamgf1_thats_all_from_quali/,1757171885,2025-09-06T15:18:05Z,2025-09-06,FALSE,False,posts.part001.csv
submission,1na1zhb,formula1,Jamiesavel,"Max Verstappen has just beaten the fastest lap at Monza set by Lewis Hamilton in 2020 with a 1:18.887, by taking pole in Monza with a 1:18.792",,4705,4705,0,190,0.98,:post-statistics: Statistics,False,False,False,False,https://i.redd.it/7d6i4oxy8knf1.jpeg,https://www.reddit.com/r/formula1/comments/1na1zhb/max_verstappen_has_just_beaten_the_fastest_lap_at/,1757171480,2025-09-06T15:11:20Z,2025-09-06,FALSE,False,posts.part001.csv
submission,1na1zy0,formula1,PrimeyXE,[williamsracing] Qualifying wrapped in Monza,,201,201,0,46,0.97,:post-social-media: Social Media,False,False,False,False,https://i.redd.it/die47js09knf1.png,https://www.reddit.com/r/formula1/comments/1na1zy0/williamsracing_qualifying_wrapped_in_monza/,1757171515,2025-09-06T15:11:55Z,2025-09-06,FALSE,False,posts.part001.csv
submission,1na1yiv,formula1,rayzruffy,[Scuderia Ferrari] A tight Quali comes to a close in Monza,,654,654,0,106,0.99,:post-social-media: Social Media,False,False,False,False,https://i.redd.it/xibyekfs8knf1.jpeg,https://www.reddit.com/r/formula1/comments/1na1yiv/scuderia_ferrari_a_tight_quali_comes_to_a_close/,1757171420,2025-09-06T15:10:20Z,2025-09-06,FALSE,False,posts.part001.csv
submission,1na1xp6,formula1,JefinLuke,[AstonMartinF1] All set for Sunday at the Temple of Speed,,198,198,0,22,0.96,:post-social-media: Social Media,False,False,False,False,https://i.redd.it/669zfp6m8knf1.jpeg,https://www.reddit.com/r/formula1/comments/1na1xp6/astonmartinf1_all_set_for_sunday_at_the_temple_of/,1757171362,2025-09-06T15:09:22Z,2025-09-06,FALSE,False,posts.part001.csv
submission,1na1x3k,formula1,Zlatanabingbong2002,Max Verstappen (45) overtakes Sebastian Vettel (44) for most pole positions for Red Bull Racing,,7978,7978,0,82,0.99,:post-statistics: Statistics,False,False,False,False,https://i.redd.it/xjj4ghwf8knf1.jpeg,https://www.reddit.com/r/formula1/comments/1na1x3k/max_verstappen_45_overtakes_sebastian_vettel_44/,1757171319,2025-09-06T15:08:39Z,2025-09-06,FALSE,False,posts.part001.csv
submission,1na1wuf,formula1,JefinLuke,2025 Italian Grand Prix Qualifying Classification,,2763,2763,0,235,0.99,:post-statistics: Statistics,False,False,False,False,https://i.redd.it/hw4fgonf8knf1.jpeg,https://www.reddit.com/r/formula1/comments/1na1wuf/2025_italian_grand_prix_qualifying_classification/,1757171301,2025-09-06T15:08:21Z,2025-09-06,FALSE,False,posts.part001.csv
submission,1na1tir,formula1,AutoModerator,2025 Italian GP - Post-Qualifying Discussion,"# ROUND 16 - ITALY FORMULA 1 PIRELLI GRAN PREMIO d'ITALIA PRIX 2025 # 🕒 SESSION TIMES |Day|Session|Time (UTC)| |:-|:-|:-| |~~FRI~~|~~Free Practice 1~~|~~11:30~~| |~~FRI~~|~~Free Practice 2~~|~~15:00~~| |~~SAT~~|~~Free Practice 3~~|~~10:30~~| |~~SAT~~|~~Qualifying~~|~~14:00~~| |SUN|Race|13:00| [Click here for start times in your area](http://f1calendar.com/) # 🥇 QUALIFYING RESULTS # Q3 |P|Driver|Team|Lap time| |:-|:-|:-|:-| |1|VERSTAPPEN|Red Bull Racing|1:18.792| |2|NORRIS|McLaren|1:18.869| |3|PIASTRI|McLaren|1:18.982| |4|LECLERC|Ferrari|1:19.007| |5|HAMILTON|Ferrari|1:19.124| |6|RUSSELL|Mercedes|1:19.157| |7|ANTONELLI|Mercedes|1:19.200| |8|BORTOLETO|Kick Sauber|1:19.390| |9|ALONSO|Aston Martin|1:19.424| |10|TSUNODA|Red Bull Racing|1:19.519| # Q2 |P|Driver|Team|Lap time| |:-|:-|:-|:-| |11|BEARMAN|Haas F1 Team|1:19.446| |12|HULKENBERG|Kick Sauber|1:19.498| |13|SAINZ|Williams|1:19.528| |14|ALBON|Williams|1:19.583| |15|OCON|Haas F1 Team|1:19.707| # Q1 |P|Driver|Team|Lap time| |:-|:-|:-|:-| |16|HADJAR|Racing Bulls|1:19.917| |17|STROLL|Aston Martin|1:19.948| |18|COLAPINTO|Alpine|1:19.992| |19|GASLY|Alpine|1:20.103| |20|LAWSON|Racing Bulls|1:20.279| # 🏁 RACE INFORMATION * **Track**: Autodromo Nazionale di Monza * **Location**: Monza, Italy * **Race laps**: 53 * **Lap length**: 5.793km * **Race distance**: 306.720km * **Lap Record**: 1:18.887, Lewis Hamilton (Mercedes), 2020 # ⏪ LAST TIME AROUND * **Pole position**: 1:19.327, Lando Norris (Mclaren) * **Race winner**: Charles Leclerc (Ferrari) * **Fastest lap**: 1:21.432, Lando Norris (Mclaren) # 📺 WHERE TO WATCH? F1 is broadcast on F1TV and through several local broadcasters. [Click here](https://www.formula1.com/en/toolbar/content_schedule.html) to find out if F1TV is offered in your region. [Click here](https://www.formula1.com/en/toolbar/broadcast-information.html) to go to the full list of broadcasters. Streams and downloads are not welcome on r/Formula1. Requesting and sharing streams and/or downloads will be met with immediate bans. # ❤️ GOOD CAUSES * 🇺🇦 [Want to support Ukraine? Here's a list of charities.](https://www.reddit.com/r/ukraine/comments/s6g5un/want_to_support_ukraine_heres_a_list_of_charities/?utm_source=reddit&utm_medium=usertext&utm_name=ukraine&utm_content=t3_t5okbs) * 🏳️‍🌈 [Support Stonewall to help improve the lives of LGBTQ+ people.](https://donorbox.org/support-stonewall)",90,90,0,929,0.96,:post-post-session: Post-Qualifying,False,False,False,False,https://www.reddit.com/r/formula1/comments/1na1tir/2025_italian_gp_postqualifying_discussion/,https://www.reddit.com/r/formula1/comments/1na1tir/2025_italian_gp_postqualifying_discussion/,1757171071,2025-09-06T15:04:31Z,2025-09-06,FALSE,True,posts.part001.csv
submission,1na1swc,formula1,overspeeed,Max Verstappen takes pole position for the 2025 Italian Grand Prix,,17501,17501,0,949,0.95,:post-grand-prix: Qualifying,False,False,False,False,https://i.redd.it/gae8rrdj7knf1.png,https://www.reddit.com/r/formula1/comments/1na1swc/max_verstappen_takes_pole_position_for_the_2025/,1757171028,2025-09-06T15:03:48Z,2025-09-06,FALSE,False,posts.part001.csv
submission,1na1shf,formula1,ContentPuff,"Max Verstappen on pole, Norris P2, Piastri P3",,2164,2164,0,343,0.97,:post-video: Video,False,False,False,False,https://dubz.link/c/d7a9c2,https://www.reddit.com/r/formula1/comments/1na1shf/max_verstappen_on_pole_norris_p2_piastri_p3/,1757170999,2025-09-06T15:03:19Z,2025-09-06,FALSE,False,posts.part001.csv
submission,1na1mrj,formula1,Jamiesavel,"With getting knocked out in Q1 in Monza, is it the first time in Isack Hadjar his F1 career that he has not made it out of Q1 in qualifying",,3214,3214,0,78,0.98,:post-statistics: Statistics,False,False,False,False,https://i.redd.it/mnhjnqqf6knf1.png,https://www.reddit.com/r/formula1/comments/1na1mrj/with_getting_knocked_out_in_q1_in_monza_is_it_the/,1757170629,2025-09-06T14:57:09Z,2025-09-06,FALSE,False,posts.part001.csv
submission,1na1j1t,formula1,anthn885,A nervy time for Norris in Q2 but he's through - ItalianGP,,94,94,0,32,0.94,:post-video: Video,False,False,False,False,https://streamain.com/L2eo8zPBEyBRypz/watch,https://www.reddit.com/r/formula1/comments/1na1j1t/a_nervy_time_for_norris_in_q2_but_hes_through/,1757170371,2025-09-06T14:52:51Z,2025-09-06,FALSE,False,posts.part001.csv
submission,1na1can,formula1,ContentPuff,"Albon, Bearman, Hulkenberg, Ocon & Sainz out of Q2",,304,304,0,89,0.98,:post-video: Video,False,False,False,False,https://dubz.link/c/2cb4a4,https://www.reddit.com/r/formula1/comments/1na1can/albon_bearman_hulkenberg_ocon_sainz_out_of_q2/,1757169912,2025-09-06T14:45:12Z,2025-09-06,FALSE,False,posts.part001.csv
submission,1na0rd5,formula1,ContentPuff,"Lawson, Colapinto, Hadjar, Gasly & Stroll out of Q1",,503,503,0,100,0.98,:post-video: Video,False,False,False,False,https://dubz.link/c/3ed64b,https://www.reddit.com/r/formula1/comments/1na0rd5/lawson_colapinto_hadjar_gasly_stroll_out_of_q1/,1757168428,2025-09-06T14:20:28Z,2025-09-06,FALSE,False,posts.part001.csv
submission,1na06de,formula1,AutoModerator,2025 Italian GP - Qualifying Discussion,"# ROUND 16 - ITALY FORMULA 1 PIRELLI GRAN PREMIO d'ITALIA PRIX 2025 # 🕒 SESSION TIMES |Day|Session|Time (UTC)| |:-|:-|:-| |~~FRI~~|~~Free Practice 1~~|~~11:30~~| |~~FRI~~|~~Free Practice 2~~|~~15:00~~| |~~SAT~~|~~Free Practice 3~~|~~10:30~~| |SAT|Qualifying|14:00| |SUN|Race|13:00| [Click here for start times in your area](http://f1calendar.com/) # 🏁 RACE INFORMATION * **Track**: Autodromo Nazionale di Monza * **Location**: Monza, Italy * **Race laps**: 53 * **Lap length**: 5.793km * **Race distance**: 306.720km * **Lap Record**: 1:18.887, Lewis Hamilton (Mercedes), 2020 # ⏪ LAST TIME AROUND * **Pole position**: 1:19.327, Lando Norris (Mclaren) * **Race winner**: Charles Leclerc (Ferrari) * **Fastest lap**: 1:21.432, Lando Norris (Mclaren) # 📺 WHERE TO WATCH? F1 is broadcast on F1TV and through several local broadcasters. [Click here](https://www.formula1.com/en/toolbar/content_schedule.html) to find out if F1TV is offered in your region. [Click here](https://www.formula1.com/en/toolbar/broadcast-information.html) to go to the full list of broadcasters. Streams and downloads are not welcome on r/Formula1. Requesting and sharing streams and/or downloads will be met with immediate bans. # ❤️ GOOD CAUSES * 🇺🇦 [Want to support Ukraine? Here's a list of charities.](https://www.reddit.com/r/ukraine/comments/s6g5un/want_to_support_ukraine_heres_a_list_of_charities/?utm_source=reddit&utm_medium=usertext&utm_name=ukraine&utm_content=t3_t5okbs) * 🏳️‍🌈 [Support Stonewall to help improve the lives of LGBTQ+ people.](https://donorbox.org/support-stonewall)",115,115,0,4252,0.91,:post-grand-prix: Qualifying,False,False,False,False,https://www.reddit.com/r/formula1/comments/1na06de/2025_italian_gp_qualifying_discussion/,https://www.reddit.com/r/formula1/comments/1na06de/2025_italian_gp_qualifying_discussion/,1757166932,2025-09-06T13:55:32Z,2025-09-06,FALSE,True,posts.part001.csv
submission,1n9zokn,formula1,turinturambar66,[OT] [Formula 2] 2025 Italian GP F2 Top 8,,48,48,0,20,0.84,:post-off-topic: Off-Topic,False,True,False,False,https://xcancel.com/Formula2/status/1964317635526472121,https://www.reddit.com/r/formula1/comments/1n9zokn/ot_formula_2_2025_italian_gp_f2_top_8/,1757165607,2025-09-06T13:33:27Z,2025-09-06,FALSE,False,posts.part001.csv
submission,1n9za3z,formula1,fyodorthegambler,The Ferrari Popes :),,6302,6302,0,53,0.98,:post-social-media: Social Media,False,False,False,False,https://i.redd.it/fbh6p79aojnf1.jpeg,https://www.reddit.com/r/formula1/comments/1n9za3z/the_ferrari_popes/,1757164524,2025-09-06T13:15:24Z,2025-09-06,FALSE,False,posts.part001.csv
submission,1n9xlkg,formula1,Walk-Potential,2025 Monza GP - FP3 Classification,,621,621,0,67,0.99,:post-statistics: Statistics,False,False,False,False,https://i.redd.it/kvrz7tfe9jnf1.jpeg,https://www.reddit.com/r/formula1/comments/1n9xlkg/2025_monza_gp_fp3_classification/,1757159519,2025-09-06T11:51:59Z,2025-09-06,FALSE,False,posts.part001.csv
submission,1n9xj0t,formula1,anthn885,Verstappen and Ocon battle on track in FP3 at the 2025 Italian GP,,271,271,0,45,0.94,:post-video: Video,False,False,False,False,https://streamain.com/xeYwAsYVGhDQA45/watch,https://www.reddit.com/r/formula1/comments/1n9xj0t/verstappen_and_ocon_battle_on_track_in_fp3_at_the/,1757159270,2025-09-06T11:47:50Z,2025-09-06,FALSE,False,posts.part001.csv
submission,1n9wzz9,formula1,Suitedbadge401,"The Lego Kick Sauber F1 car (Miami GP) on display at Kungsträdgården, Stockholm",,664,664,0,11,0.98,:post-photo: Photo,False,False,False,False,https://www.reddit.com/gallery/1n9wzz9,https://www.reddit.com/r/formula1/comments/1n9wzz9/the_lego_kick_sauber_f1_car_miami_gp_on_display/,1757157461,2025-09-06T11:17:41Z,2025-09-06,FALSE,False,posts.part001.csv
submission,1n9wu7t,formula1,anthn885,Leclerc has a moment rounding the Parabolica - ItalianGP,,123,123,0,4,0.95,:post-video: Video,False,False,False,False,https://streamain.com/LXKqoohP3fkiko8/watch,https://www.reddit.com/r/formula1/comments/1n9wu7t/leclerc_has_a_moment_rounding_the_parabolica/,1757156902,2025-09-06T11:08:22Z,2025-09-06,FALSE,False,posts.part001.csv
submission,1n9vx01,formula1,Artistic_Everglow,F1 Journal - Dutch GP:),,365,365,0,16,0.9,:post-statistics: Statistics,False,False,False,False,https://i.redd.it/3icc87nhrinf1.jpeg,https://www.reddit.com/r/formula1/comments/1n9vx01/f1_journal_dutch_gp/,1757153495,2025-09-06T10:11:35Z,2025-09-06,FALSE,False,posts.part001.csv
submission,1n9w27u,formula1,AutoModerator,2025 Italian GP - Free Practice 3 Discussion,"# ROUND 16 - ITALY FORMULA 1 PIRELLI GRAN PREMIO d'ITALIA PRIX 2025 # 🕒 SESSION TIMES |Day|Session|Time (UTC)| |:-|:-|:-| |~~FRI~~|~~Free Practice 1~~|~~11:30~~| |~~FRI~~|~~Free Practice 2~~|~~15:00~~| |SAT|Free Practice 3|10:30| |SAT|Qualifying|14:00| |SUN|Race|13:00| [Click here for start times in your area](http://f1calendar.com/) # 🏁 RACE INFORMATION * **Track**: Autodromo Nazionale di Monza * **Location**: Monza, Italy * **Race laps**: 53 * **Lap length**: 5.793km * **Race distance**: 306.720km * **Lap Record**: 1:18.887, Lewis Hamilton (Mercedes), 2020 # ⏪ LAST TIME AROUND * **Pole position**: 1:19.327, Lando Norris (Mclaren) * **Race winner**: Charles Leclerc (Ferrari) * **Fastest lap**: 1:21.432, Lando Norris (Mclaren) # 📺 WHERE TO WATCH? F1 is broadcast on F1TV and through several local broadcasters. [Click here](https://www.formula1.com/en/toolbar/content_schedule.html) to find out if F1TV is offered in your region. [Click here](https://www.formula1.com/en/toolbar/broadcast-information.html) to go to the full list of broadcasters. Streams and downloads are not welcome on r/Formula1. Requesting and sharing streams and/or downloads will be met with immediate bans. # ❤️ GOOD CAUSES * 🇺🇦 [Want to support Ukraine? Here's a list of charities.](https://www.reddit.com/r/ukraine/comments/s6g5un/want_to_support_ukraine_heres_a_list_of_charities/?utm_source=reddit&utm_medium=usertext&utm_name=ukraine&utm_content=t3_t5okbs) * 🏳️‍🌈 [Support Stonewall to help improve the lives of LGBTQ+ people.](https://donorbox.org/support-stonewall)",50,50,0,717,0.91,:post-grand-prix: Free Practice,False,False,False,False,https://www.reddit.com/r/formula1/comments/1n9w27u/2025_italian_gp_free_practice_3_discussion/,https://www.reddit.com/r/formula1/comments/1n9w27u/2025_italian_gp_free_practice_3_discussion/,1757154032,2025-09-06T10:20:32Z,2025-09-06,FALSE,True,posts.part001.csv
submission,1n9vsih,formula1,IlSace,On this day 100 years ago: Alfa Romeo wins the first World Manufacturers’ Championship,"On September 6th 1925 Gastone Brilli-Peri won the Italian Grand Prix on Alfa Romeo P2, securing Alfa Romeo’s second win of the season, and with it the World Manufacturers’ Championship ahead of the American Duesenberg, winner of the Indianapolis 500. The season was also tinged with tragedy: Antonio Ascari, winner at Spa, lost his life just a month later in Montlhéry. The 1925 World Championship was the first world championship title assigned in the history of motorsport, and it was the first of five World Championships for Alfa Romeo, since it would be followed by the 1950 and 1951 Formula 1 World Drivers' Championship and by the 1975 and 1977 World Sportscar Championships. After the victory Alfa Romeo added a metal laurel wreath to the company's logo, which was used in various forms until 1982.",115,115,0,11,0.97,:post-video: Video,False,False,False,False,https://youtu.be/DmylxPhj7sY?si=HSl9FuWOfVng-NWF,https://www.reddit.com/r/formula1/comments/1n9vsih/on_this_day_100_years_ago_alfa_romeo_wins_the/,1757153018,2025-09-06T10:03:38Z,2025-09-06,FALSE,False,posts.part001.csv
submission,1n9v57s,formula1,drinksbeerdaily,[OC] GridHub.one - Your new race weekend companion (Feedback welcome!),"Hey all! Been tinkering away at [https://gridhub.one](https://gridhub.one) for a little while now. It started as a personal project to see session times for racing series I follow, but it quickly evolved to something more. NOTE: If using on mobile, enable desktop mode. Its not really tuned for mobile. On my TODO-list, but not a priority. Here's a little rundown of Gridhub's functionality: **Main Page** Session start times for series you follow. FP sessions not shown here directly. Click an event to show all sessions. **Event Page** Full weekend schedule Track map (click ""View on Google Maps"" to get taken to the track) Weather forecast Previous results (click a year to open full results) **Standings** Mostly self explanatory. **Results** For F1 races: full tire strategy visible For MotoGP races: fastest lap visible No FP sessions for F1 yet (Looking to implement FP sessions) **Live Timing** Live timing for F1 and MotoGP. Still under development and sorting out kinks. **Live Indicator** Click to see live sessions. Click session takes you to the event page. **Settings** Various settings. Not decided what to keep here. **Additional Notes** You can hide any series you don't follow in the settings menu WEC and WSBK data is lacking because no API. Will probably keep for schedules at least Click on any MotoGP rider name to get full career stats (looking to implement for F1) I'm open for feedback regarding making changes or adding functionality. Hope some of you find it useful. :) https://preview.redd.it/ozniqbhtfinf1.png?width=2850&format=png&auto=webp&s=8ff903a651fee944dfd2e3087b125fd904873528 https://preview.redd.it/z4urkh3wfinf1.png?width=2380&format=png&auto=webp&s=ed680b7dda412301d30fc64b5a604312742c57b0 https://preview.redd.it/m9k89djyfinf1.png?width=2894&format=png&auto=webp&s=08f6a991d21b561486c16809037033c622d1ee7b https://preview.redd.it/omvr5ud6ginf1.png?width=2898&format=png&auto=webp&s=d50698182a00ed38ac1845b37f7de443d24b8877",58,58,0,15,0.86,:post-off-topic: Off-Topic,False,False,False,False,https://www.reddit.com/r/formula1/comments/1n9v57s/oc_gridhubone_your_new_race_weekend_companion/,https://www.reddit.com/r/formula1/comments/1n9v57s/oc_gridhubone_your_new_race_weekend_companion/,1757150555,2025-09-06T09:22:35Z,2025-09-06,1757166673,True,posts.part001.csv
submission,1n9ulyj,formula1,FalconIMGN,F3 Monza sprint race results,,49,49,0,3,0.93,:post-news: News,False,True,False,False,https://i.redd.it/7wtjpsygcinf1.jpeg,https://www.reddit.com/r/formula1/comments/1n9ulyj/f3_monza_sprint_race_results/,1757148448,2025-09-06T08:47:28Z,2025-09-06,FALSE,False,posts.part001.csv
submission,1n9uwo7,formula1,beanbagreg,Reported contract lengths,,1238,1238,0,132,0.96,:post-statistics: Statistics,False,False,False,False,https://i.redd.it/7n3vlcnyfinf1.jpeg,https://www.reddit.com/r/formula1/comments/1n9uwo7/reported_contract_lengths/,1757149618,2025-09-06T09:06:58Z,2025-09-06,FALSE,False,posts.part001.csv
submission,1n9urni,formula1,Aratho,Herta 'faster than Sauber's F1 drivers' in earlier simulator test - Towriss,,0,0,0,50,0.36,:post-moderator-comment: Raikkonen and Giovinazzi,False,False,False,False,https://www.racefans.net/2025/09/06/herta-faster-than-saubers-f1-drivers-in-earlier-simulator-test-towriss/,https://www.reddit.com/r/formula1/comments/1n9urni/herta_faster_than_saubers_f1_drivers_in_earlier/,1757149086,2025-09-06T08:58:06Z,2025-09-06,FALSE,False,posts.part001.csv
submission,1n9uncu,formula1,Aratho,FIA's V8 push delayed after F1 engine meeting called off,,204,204,0,57,0.94,:post-news: News,False,False,False,False,https://www.motorsport.com/f1/news/fias-v8-push-delayed-after-f1-engine-meeting-called-off/10756868/,https://www.reddit.com/r/formula1/comments/1n9uncu/fias_v8_push_delayed_after_f1_engine_meeting/,1757148599,2025-09-06T08:49:59Z,2025-09-06,FALSE,False,posts.part001.csv
submission,1n9todd,formula1,Fernando-is-faster,EXCLUSIVE: Red Bull Racing has McLaren talent Alex Dunne on its radar,"**Red Bull are monitoring Alex Dunne's situation with McLaren and could make a move for the Irishman, GPBlog understands.**",457,457,0,99,0.9,:post-news: News,False,False,False,False,https://www.gpblog.com/en/exclusive-news/red-bull-racing-has-mclaren-talent-alex-dunne-on-its-radar,https://www.reddit.com/r/formula1/comments/1n9todd/exclusive_red_bull_racing_has_mclaren_talent_alex/,1757144749,2025-09-06T07:45:49Z,2025-09-06,FALSE,False,posts.part001.csv
submission,1n9tw43,formula1,FewCollar227,"[@pierregasly] Excited to announce I have extended my contract with the team. The future looks much brighter. A lot of work ahead of us but I fully believe in my team to make the step we need to be fighting at the front of the pack. I want to win with Alpine, and that's what we will work for.",,683,683,0,56,0.96,:post-social-media: Social Media,False,False,False,False,https://www.reddit.com/gallery/1n9tw43,https://www.reddit.com/r/formula1/comments/1n9tw43/pierregasly_excited_to_announce_i_have_extended/,1757145601,2025-09-06T08:00:01Z,2025-09-06,FALSE,False,posts.part001.csv
submission,1n9tgsl,formula1,DethMagnetic,Pierre Gasly renews his contract with Alpine until 2028!,,1330,1330,0,55,0.98,:post-news: News,False,False,False,False,https://i.redd.it/eh2mqf11zhnf1.jpeg,https://www.reddit.com/r/formula1/comments/1n9tgsl/pierre_gasly_renews_his_contract_with_alpine/,1757143924,2025-09-06T07:32:04Z,2025-09-06,FALSE,False,posts.part001.csv
submission,1n9thxu,formula1,AnkushTheHero,"[ChrisMedlandF1] Pierre Gasly has signed a long-term contract extension at Alpine, keeping him with the team until the end of the 2028 season",,1580,1580,0,148,0.99,:post-news: News,False,False,False,False,https://bsky.app/profile/chrismedlandf1.bsky.social/post/3ly5nrw75as2i,https://www.reddit.com/r/formula1/comments/1n9thxu/chrismedlandf1_pierre_gasly_has_signed_a_longterm/,1757144043,2025-09-06T07:34:03Z,2025-09-06,FALSE,False,posts.part001.csv
submission,1n9t5v5,formula1,bwoah07_gp2,F1 has “no more room” for new teams after Cadillac 2026 entry,,2533,2533,0,360,0.95,:post-news: News,False,False,False,False,https://www.motorsport.com/f1/news/f1-has-no-more-room-for-new-teams-after-cadillac-2026-entry/10756647/,https://www.reddit.com/r/formula1/comments/1n9t5v5/f1_has_no_more_room_for_new_teams_after_cadillac/,1757142765,2025-09-06T07:12:45Z,2025-09-06,FALSE,False,posts.part001.csv
submission,1n9sq53,formula1,ency6171,Minimum starting pressure for the front tyres have been increased by 1psi,[Previous](https://www.fia.com/system/files/decision-document/2025_italian_grand_prix_-_event_notes_-_pirelli_preview.pdf),137,137,0,47,0.96,:post-news: News,False,False,False,False,https://www.fia.com/system/files/decision-document/2025_italian_grand_prix_-_event_notes_-_pirelli_preview_0.pdf,https://www.reddit.com/r/formula1/comments/1n9sq53/minimum_starting_pressure_for_the_front_tyres/,1757141185,2025-09-06T06:46:25Z,2025-09-06,FALSE,False,posts.part001.csv
submission,1n9s9vs,formula1,Boers3un,Pit walk let down as it was all closed,"Hey everyone Just wanted to share some frustration and perhaps also a warning. We bought tickets for an F1 experience at Monza that included a pit walk, trophy photo and a track tour.... So the starter package 🤣 Anyway long story short when we did the pit walk all the cars were covered and garages were basically closed. So you pay a lot of money.... Well for me it's a lot and you end up with this. Anyway maybe I was expecting too much. But if you are planning doing some similar maybe ask them what time you will do the pit walk and if it will be open. Just my rant annoy your day",448,448,0,40,0.93,:post-discussion: Discussion,False,False,False,False,https://i.redd.it/9udpjne0mhnf1.jpeg,https://www.reddit.com/r/formula1/comments/1n9s9vs/pit_walk_let_down_as_it_was_all_closed/,1757139548,2025-09-06T06:19:08Z,2025-09-06,FALSE,False,posts.part001.csv
submission,1n9ryxp,formula1,AutoModerator,Ask r/Formula1 Anything - Daily Discussion Thread,"# Welcome to the [r/formula1](https://www.reddit.com/r/formula1/) Daily Discussion / Q&A thread. This thread is a hub for general discussion and questions about Formula 1, that don't need threads of their own. Are you new to Formula 1? This is the place for you. Ever wondered why it's called a lollipop man? Why the cars don't refuel during pitstops? Or when Mika will be back from his sabbatical? Ask any question you might have here, and the community will answer. Also make sure you check out our [guide for new fans](https://www.reddit.com/r/formula1/wiki/newtof1), and our [FAQ for new fans](https://www.reddit.com/r/formula1/wiki/faq). Are you a veteran fan, longing for the days of lollipop men, refueling during pitstops, and Mika Häkkinen? This is the place to introduce new fans to your passion and knowledge of the sport. Remember to keep it civil and welcoming! Gatekeeping within the Daily Discussion will subject users to disciplinary action. Have a meta question about the subreddit? Please [direct these to the moderators](https://www.reddit.com/message/compose/?to=/r/formula1) instead.",13,13,0,102,0.82,:post-daily-discussion: Daily Discussion,False,False,False,False,https://www.reddit.com/r/formula1/comments/1n9ryxp/ask_rformula1_anything_daily_discussion_thread/,https://www.reddit.com/r/formula1/comments/1n9ryxp/ask_rformula1_anything_daily_discussion_thread/,1757138459,2025-09-06T06:00:59Z,2025-09-06,FALSE,True,posts.part001.csv
submission,1n9q8x3,formula1,User-K549125,What Upgrades Are Teams Bringing To Monza? | F1 TV Tech Talk,,47,47,0,3,0.87,:post-video: Video,False,False,False,False,https://www.youtube.com/watch?v=xnij6cyNUUc,https://www.reddit.com/r/formula1/comments/1n9q8x3/what_upgrades_are_teams_bringing_to_monza_f1_tv/,1757132495,2025-09-06T04:21:35Z,2025-09-06,FALSE,False,posts.part001.csv
submission,1n9i34f,formula1,enesracing,"""My racing days are behind me"" - Ricciardo confirms retirement",,1419,1419,0,142,0.98,:post-news: News,False,False,False,False,https://racer.com/2025/09/05/-my-racing-days-are-behind-me---ricciardo-confirms-retirement,https://www.reddit.com/r/formula1/comments/1n9i34f/my_racing_days_are_behind_me_ricciardo_confirms/,1757108917,2025-09-05T21:48:37Z,2025-09-05,FALSE,False,posts.part001.csv
submission,1n9cr3i,formula1,RadlogLutar,Decision for Oscar Piastri for entering fast lane before restart of the session,,295,295,0,81,0.92,:post-news: News,False,False,False,False,https://www.reddit.com/gallery/1n9cr3i,https://www.reddit.com/r/formula1/comments/1n9cr3i/decision_for_oscar_piastri_for_entering_fast_lane/,1757096211,2025-09-05T18:16:51Z,2025-09-05,FALSE,False,posts.part001.csv
submission,1n9emc0,formula1,turinturambar66,"[OT] Colton Herta will face “a tough challenge” in F2, says Christian Lundgaard",,256,256,0,69,0.93,:post-off-topic: Off-Topic,False,False,False,False,https://www.motorsport.com/fia-f2/news/colton-herta-will-face-a-tough-challenge-in-f2-says-christian-lundgaard/10756550/,https://www.reddit.com/r/formula1/comments/1n9emc0/ot_colton_herta_will_face_a_tough_challenge_in_f2/,1757100597,2025-09-05T19:29:57Z,2025-09-05,FALSE,False,posts.part001.csv
submission,1n9dt2l,formula1,jwd606,FIA president Mohammed Ben Sulayem abandons attempt to change F1's engine rules for 2029,,446,446,0,108,0.96,:post-news: News,False,False,False,False,https://www.bbc.co.uk/sport/formula1/articles/cdjzex17mv4o,https://www.reddit.com/r/formula1/comments/1n9dt2l/fia_president_mohammed_ben_sulayem_abandons/,1757098666,2025-09-05T18:57:46Z,2025-09-05,FALSE,False,posts.part001.csv
submission,1n9cuag,formula1,Any_Inflation_2543,"Antonelli has given Mercedes more ""hair tear-out situations"" than expected - Wolff",,847,847,0,298,0.85,:post-news: News,False,False,False,False,https://www.racefans.net/2025/09/05/antonelli-has-given-mercedes-more-hair-tear-out-situations-than-expected-wolff/,https://www.reddit.com/r/formula1/comments/1n9cuag/antonelli_has_given_mercedes_more_hair_tearout/,1757096414,2025-09-05T18:20:14Z,2025-09-05,FALSE,False,posts.part001.csv
submission,1n9byhz,formula1,1mN0tThatGuy,"Apple advancing talks for U.S. F1 rights from 2026, with industry sources projecting a potential $200M+ per year deal","Apple is negotiating to acquire U.S. broadcast rights for Formula 1 starting in 2026. Current estimates put the bid at $150–$180M annually, but based on Apple’s precedent with MLS and the success of its $600M F1 feature film, industry chatter suggests the deal could climb into $200M+ AAV over a 5–6 year package, with an option year. If finalized, this would mark the richest F1 media rights deal ever in America, doubling ESPN’s current fee.",396,396,0,132,0.94,:post-news: News,False,False,False,False,https://theaxefiles.substack.com/p/apple-and-f1-inside-the-200m-us-media,https://www.reddit.com/r/formula1/comments/1n9byhz/apple_advancing_talks_for_us_f1_rights_from_2026/,1757094404,2025-09-05T17:46:44Z,2025-09-05,FALSE,False,posts.part001.csv
submission,1n95wt9,formula1,Vuk13,Longest streaks of finishing ahead of teammate in races of each driver,"\*This only includes races where both drivers finished\* **20. Kimi Antonelli** \- 0 race streak (never finished ahead of his teammate) **18.** **Franco Colapinto** \- 2 race streak (against Gasly) **18. Gabriel Bortoletto** \- 2 race streak (against Hulkenberg) **15. Oliver Bearman** \- 3 race streak (against Ocon) **15. Liam Lawson** \- 3 race streak (against Hadjar) **15. Oscar Piastri** \- 3 race streak (against Norris) **13.** **Esteban Ocon** \- 4 race streak (against Perez, Alonso, Gasly and Bearman) **13. Lance Stroll** \- 4 race streak (against Vettel) **11. Carlos Sainz** \- 5 race streak (against Kvyat and Leclerc) **11. Yuki Tsunoda** \- 5 race streak (against Ricciardo) **8. Pierre Gasly** \- 7 race streak (against Tsunoda) **8. Isack Hadjar** \- 7 race streak (1 against Tsunoda + 6 against Lawson) **8. Charles Leclerc** \- 7 race streak (2 against Vettel + 5 against Sainz) **7. Lando Norris** \- 9 race streak (against Ricciardo) **5. Nico Hulkenberg** \- 11 race streak (against Magnussen) **5. George Russell** \- 11 race streak (6 against Kubica + 5 against Latifi) **4. Lewis Hamilton** \- 12 race streak (against Bottas) **3. Alex Albon** \- 34 race streak (8 against Latifi + 24 against Sargeant + 2 against Colapinto) **2. Fernando Alonso** \- 41 race streak (against Massa) **1. Max Verstappen** \- 47 race streak (35 against Perez + 1 against Lawson + 11 against Tsunoda)",236,236,0,44,0.94,:post-statistics: Statistics,False,False,False,False,https://www.reddit.com/r/formula1/comments/1n95wt9/longest_streaks_of_finishing_ahead_of_teammate_in/,https://www.reddit.com/r/formula1/comments/1n95wt9/longest_streaks_of_finishing_ahead_of_teammate_in/,1757080454,2025-09-05T13:54:14Z,2025-09-05,FALSE,True,posts.part001.csv
submission,1n9b343,formula1,rakesh-69,FP2 Race Simulation Italian GP 2025,Raw: https://rakesh-i.github.io/stint-data/,141,141,0,46,0.91,:post-statistics: Statistics,False,False,False,False,https://www.reddit.com/gallery/1n9b343,https://www.reddit.com/r/formula1/comments/1n9b343/fp2_race_simulation_italian_gp_2025/,1757092399,2025-09-05T17:13:19Z,2025-09-05,FALSE,False,posts.part001.csv
submission,1n99t6k,formula1,Walk-Potential,2025 Monza - FP2 Classification,,1264,1264,0,159,0.99,:post-statistics: Statistics,False,False,False,False,https://i.redd.it/1r2vyob7hdnf1.jpeg,https://www.reddit.com/r/formula1/comments/1n99t6k/2025_monza_fp2_classification/,1757089501,2025-09-05T16:25:01Z,2025-09-05,FALSE,False,posts.part001.csv
submission,1n98v3m,formula1,Slice5755,"With Lance Stroll starting his 181st Grand Prix this weekend, he now enters the Top 30 of most experienced drivers in the history of F1",,4114,4114,0,423,0.97,:post-statistics: Statistics,False,False,False,False,https://i.imgur.com/lNDYNeW.jpeg,https://www.reddit.com/r/formula1/comments/1n98v3m/with_lance_stroll_starting_his_181st_grand_prix/,1757087332,2025-09-05T15:48:52Z,2025-09-05,FALSE,False,posts.part001.csv
submission,1n98ke4,formula1,anthn885,Onboard with Norris as he almost loses it at the Della Roggia chicane -ItalianGP,,211,211,0,14,0.93,:post-video: Video,False,False,False,False,https://streamain.com/xTXZb68TJeMKq96/watch,https://www.reddit.com/r/formula1/comments/1n98ke4/onboard_with_norris_as_he_almost_loses_it_at_the/,1757086637,2025-09-05T15:37:17Z,2025-09-05,FALSE,False,posts.part001.csv
submission,1n982lt,formula1,anthn885,Antonelli lost the rear around the two Lesmos and then got beached - ItalianGP,,805,805,0,313,0.98,:post-video: Video,False,False,False,False,https://streamain.com/Mfn3iMIdbrW6AdC/watch,https://www.reddit.com/r/formula1/comments/1n982lt/antonelli_lost_the_rear_around_the_two_lesmos_and/,1757085489,2025-09-05T15:18:09Z,2025-09-05,FALSE,False,posts.part001.csv
submission,1n97hk2,formula1,AutoModerator,2025 Italian GP - Free Practice 2 Discussion,"# ROUND 16 - ITALY FORMULA 1 PIRELLI GRAN PREMIO d'ITALIA PRIX 2025 # 🕒 SESSION TIMES |Day|Session|Time (UTC)| |:-|:-|:-| |~~FRI~~|~~Free Practice 1~~|~~11:30~~| |FRI|Free Practice 2|15:00| |SAT|Free Practice 3|10:30| |SAT|Qualifying|14:00| |SUN|Race|13:00| [Click here for start times in your area](http://f1calendar.com/) # 🏁 RACE INFORMATION * **Track**: Autodromo Nazionale di Monza * **Location**: Monza, Italy * **Race laps**: 53 * **Lap length**: 5.793km * **Race distance**: 306.720km * **Lap Record**: 1:18.887, Lewis Hamilton (Mercedes), 2020 # ⏪ LAST TIME AROUND * **Pole position**: 1:19.327, Lando Norris (Mclaren) * **Race winner**: Charles Leclerc (Ferrari) * **Fastest lap**: 1:21.432, Lando Norris (Mclaren) # 📺 WHERE TO WATCH? F1 is broadcast on F1TV and through several local broadcasters. [Click here](https://www.formula1.com/en/toolbar/content_schedule.html) to find out if F1TV is offered in your region. [Click here](https://www.formula1.com/en/toolbar/broadcast-information.html) to go to the full list of broadcasters. Streams and downloads are not welcome on r/Formula1. Requesting and sharing streams and/or downloads will be met with immediate bans. # ❤️ GOOD CAUSES * 🇺🇦 [Want to support Ukraine? Here's a list of charities.](https://www.reddit.com/r/ukraine/comments/s6g5un/want_to_support_ukraine_heres_a_list_of_charities/?utm_source=reddit&utm_medium=usertext&utm_name=ukraine&utm_content=t3_t5okbs) * 🏳️‍🌈 [Support Stonewall to help improve the lives of LGBTQ+ people.](https://donorbox.org/support-stonewall)",54,54,0,782,0.94,:post-grand-prix: Free Practice,False,False,False,False,https://www.reddit.com/r/formula1/comments/1n97hk2/2025_italian_gp_free_practice_2_discussion/,https://www.reddit.com/r/formula1/comments/1n97hk2/2025_italian_gp_free_practice_2_discussion/,1757084132,2025-09-05T14:55:32Z,2025-09-05,FALSE,True,posts.part001.csv
submission,1n952yz,formula1,Dear-Bowl-9789,"Did you know that if you went to Hastings New Zealand, the birthplace of Liam Lawson, and started digging a hole and kept on digging until you came out the other side of the globe you’d come out on the outskirts of Madrid Spain, the birthplace of Carlos Sainz Jr.",,2889,2889,0,102,0.97,:post-photo: Photo,False,False,False,False,https://i.redd.it/pxyhpcg2kcnf1.jpeg,https://www.reddit.com/r/formula1/comments/1n952yz/did_you_know_that_if_you_went_to_hastings_new/,1757078377,2025-09-05T13:19:37Z,2025-09-05,FALSE,False,posts.part001.csv
submission,1n94x37,formula1,Dmacthegoat,[ESPN] “Ricciardo confirms retirement from motor racing”,,3699,3699,0,238,0.98,:post-news: News,False,False,False,False,https://www.espn.com/f1/story/_/id/46164936/daniel-ricciardo-confirms-retirement-motor-racing,https://www.reddit.com/r/formula1/comments/1n94x37/espn_ricciardo_confirms_retirement_from_motor/,1757077954,2025-09-05T13:12:34Z,2025-09-05,FALSE,False,posts.part001.csv
submission,1n948av,formula1,lechuck109,Hamilton's Consistency FP1 2025 vs FP3 2024,,762,762,0,48,0.93,:post-statistics: Statistics,False,False,False,False,https://www.reddit.com/gallery/1n948av,https://www.reddit.com/r/formula1/comments/1n948av/hamiltons_consistency_fp1_2025_vs_fp3_2024/,1757076152,2025-09-05T12:42:32Z,2025-09-05,FALSE,False,posts.part001.csv
submission,1n94l24,formula1,ianjm,[@motorsportcom] Isack Hadjar gets his hands back on a 3rd place trophy after Royal Delft Blue presented him with a replacement after his accident at Zandvoort,,5680,5680,0,94,0.99,:post-social-media: Social Media,False,False,False,False,https://i.redd.it/8epde3bagcnf1.png,https://www.reddit.com/r/formula1/comments/1n94l24/motorsportcom_isack_hadjar_gets_his_hands_back_on/,1757077101,2025-09-05T12:58:21Z,2025-09-05,FALSE,False,posts.part001.csv
submission,1n94kty,formula1,Homerbola92,2025 Monza GP - FP1 Classification,Source: [https://x.com/F1/status/1963945244782743587](https://x.com/F1/status/1963945244782743587),3387,3387,0,300,0.99,:post-statistics: Statistics,False,False,False,False,https://i.redd.it/jqfa0ai1gcnf1.jpeg,https://www.reddit.com/r/formula1/comments/1n94kty/2025_monza_gp_fp1_classification/,1757077084,2025-09-05T12:58:04Z,2025-09-05,FALSE,False,posts.part001.csv
submission,1n9452a,formula1,NegotiationNew9264,[scuderiaferrari] A strong start on home soil,,5820,5820,0,175,0.98,:post-social-media: Social Media,False,False,False,False,https://i.redd.it/6vgsm96sccnf1.jpeg,https://www.reddit.com/r/formula1/comments/1n9452a/scuderiaferrari_a_strong_start_on_home_soil/,1757075907,2025-09-05T12:38:27Z,2025-09-05,FALSE,False,posts.part001.csv
submission,1n945kc,formula1,anthn885,Lewis Hamilton goes fastest - ItalianGP,,525,525,0,66,0.93,:post-video: Video,False,False,False,False,https://streamain.com/FJKyKj5luj07K3Y/watch,https://www.reddit.com/r/formula1/comments/1n945kc/lewis_hamilton_goes_fastest_italiangp/,1757075946,2025-09-05T12:39:06Z,2025-09-05,FALSE,False,posts.part001.csv
submission,1n93vpy,formula1,anthn885,Charles Leclerc overtaking under the red flag was looked at by the stewards but no further action will be taken - ItalianGP,,773,773,0,144,0.97,:post-video: Video,False,False,False,False,https://streamain.com/uYJ7k15X1n7QGaU/watch,https://www.reddit.com/r/formula1/comments/1n93vpy/charles_leclerc_overtaking_under_the_red_flag_was/,1757075206,2025-09-05T12:26:46Z,2025-09-05,FALSE,False,posts.part001.csv
submission,1n93po9,formula1,anthn885,Hadjar’s off causes damage to the floor of his Racing Bulls car- ItalianGP,,150,150,0,14,0.97,:post-video: Video,False,False,False,False,https://streamain.com/ANJt82YTgV6apob/watch,https://www.reddit.com/r/formula1/comments/1n93po9/hadjars_off_causes_damage_to_the_floor_of_his/,1757074754,2025-09-05T12:19:14Z,2025-09-05,FALSE,False,posts.part001.csv
submission,1n92yln,formula1,babavos56,Traffic lights at Monza,,15934,15934,0,77,0.99,:post-photo: Photo,False,False,False,False,https://i.redd.it/dd2xf3ft2cnf1.jpeg,https://www.reddit.com/r/formula1/comments/1n92yln/traffic_lights_at_monza/,1757072572,2025-09-05T11:42:52Z,2025-09-05,FALSE,False,posts.part001.csv
submission,1n91grj,formula1,cafk,[FIA] 2025 Monza GP Updates,Original document: https://www.fia.com/system/files/decision-document/2025_italian_grand_prix_-_car_presentation_submissions.pdf All teams bar Sau er & Alpine have updated parts.,99,99,0,9,0.97,:post-technical: Technical,False,False,False,False,https://www.reddit.com/gallery/1n91grj,https://www.reddit.com/r/formula1/comments/1n91grj/fia_2025_monza_gp_updates/,1757067738,2025-09-05T10:22:18Z,2025-09-05,FALSE,False,posts.part001.csv
submission,1n933zp,formula1,turinturambar66,[OT] Herta will race in F2 with the Team Rodin - FIA FORMULA 2,,393,393,0,81,0.95,:post-off-topic: Off-Topic,False,False,False,False,https://www.italiaracing.net/Herta-correra-in-F2-con-il-team-Rodin/253031/4,https://www.reddit.com/r/formula1/comments/1n933zp/ot_herta_will_race_in_f2_with_the_team_rodin_fia/,1757073024,2025-09-05T11:50:24Z,2025-09-05,FALSE,False,posts.part001.csv
submission,1n92j4m,formula1,AutoModerator,2025 Italian GP - Free Practice 1 Discussion,"# ROUND 16 - ITALY FORMULA 1 PIRELLI GRAN PREMIO d'ITALIA PRIX 2025 # 🕒 SESSION TIMES |Day|Session|Time (UTC)| |:-|:-|:-| |FRI|Free Practice 1|11:30| |FRI|Free Practice 2|15:00| |SAT|Free Practice 3|10:30| |SAT|Qualifying|14:00| |SUN|Race|13:00| [Click here for start times in your area](http://f1calendar.com/) # 🏁 RACE INFORMATION * **Track**: Autodromo Nazionale di Monza * **Location**: Monza, Italy * **Race laps**: 53 * **Lap length**: 5.793km * **Race distance**: 306.720km * **Lap Record**: 1:18.887, Lewis Hamilton (Mercedes), 2020 # ⏪ LAST TIME AROUND * **Pole position**: 1:19.327, Lando Norris (Mclaren) * **Race winner**: Charles Leclerc (Ferrari) * **Fastest lap**: 1:21.432, Lando Norris (Mclaren) # 📺 WHERE TO WATCH? F1 is broadcast on F1TV and through several local broadcasters. [Click here](https://www.formula1.com/en/toolbar/content_schedule.html) to find out if F1TV is offered in your region. [Click here](https://www.formula1.com/en/toolbar/broadcast-information.html) to go to the full list of broadcasters. Streams and downloads are not welcome on r/Formula1. Requesting and sharing streams and/or downloads will be met with immediate bans. # ❤️ GOOD CAUSES * 🇺🇦 [Want to support Ukraine? Here's a list of charities.](https://www.reddit.com/r/ukraine/comments/s6g5un/want_to_support_ukraine_heres_a_list_of_charities/?utm_source=reddit&utm_medium=usertext&utm_name=ukraine&utm_content=t3_t5okbs) * 🏳️‍🌈 [Support Stonewall to help improve the lives of LGBTQ+ people.](https://donorbox.org/support-stonewall)",59,59,0,776,0.9,:post-grand-prix: Free Practice,False,False,False,False,https://www.reddit.com/r/formula1/comments/1n92j4m/2025_italian_gp_free_practice_1_discussion/,https://www.reddit.com/r/formula1/comments/1n92j4m/2025_italian_gp_free_practice_1_discussion/,1757071233,2025-09-05T11:20:33Z,2025-09-05,FALSE,True,posts.part001.csv
submission,1n92duy,formula1,pdpt13,F1 announces major extension with iconic grand prix (Monaco until 2035),,3701,3701,0,507,0.93,:post-news: News,False,False,False,False,https://racingnews365.com/f1-announces-major-extension-with-iconic-grand-prix,https://www.reddit.com/r/formula1/comments/1n92duy/f1_announces_major_extension_with_iconic_grand/,1757070769,2025-09-05T11:12:49Z,2025-09-05,FALSE,False,posts.part001.csv
submission,1n91l35,formula1,MoneyLibrarian9032,Low-downforce wings lead F1 Italian GP updates,,109,109,0,31,0.96,:post-news: News,False,False,False,False,https://www.motorsport.com/f1/news/low-downforce-wings-lead-f1-italian-gp-updates/10756460/,https://www.reddit.com/r/formula1/comments/1n91l35/lowdownforce_wings_lead_f1_italian_gp_updates/,1757068158,2025-09-05T10:29:18Z,2025-09-05,FALSE,False,posts.part001.csv
submission,1n91ghi,formula1,obscurus7,[OT] Guenther Steiner leads acquisition of Tech3 MotoGP™ team,,122,122,0,23,0.91,:post-off-topic: Off-Topic,False,False,False,False,https://www.motogp.com/en/news/2025/09/05/guenther-steiner-leads-acquisition-of-tech3-motogp-team/758123,https://www.reddit.com/r/formula1/comments/1n91ghi/ot_guenther_steiner_leads_acquisition_of_tech3/,1757067712,2025-09-05T10:21:52Z,2025-09-05,FALSE,False,posts.part001.csv
submission,1n8yx55,formula1,tarasmuz,Built a tool where you can drag & drop future race results to see how the championship changes,,666,666,0,34,0.98,:post-misc: Misc,False,False,False,False,https://i.redd.it/0owfoxchuanf1.png,https://www.reddit.com/r/formula1/comments/1n8yx55/built_a_tool_where_you_can_drag_drop_future_race/,1757057930,2025-09-05T07:38:50Z,2025-09-05,FALSE,False,posts.part001.csv
submission,1n8yjs4,formula1,Master_Jason,Kick Sauber poster for the 2025 Italian Grand Prix,,357,357,0,22,0.96,:post-poster: Poster,False,False,False,False,https://i.redd.it/0680kexoqanf1.jpeg,https://www.reddit.com/r/formula1/comments/1n8yjs4/kick_sauber_poster_for_the_2025_italian_grand_prix/,1757056448,2025-09-05T07:14:08Z,2025-09-05,FALSE,False,posts.part001.csv
submission,1n8zel2,formula1,Aratho,'I don't make a lot of mistakes' like race-ending Dutch GP crash - Hamilton,,863,863,0,165,0.96,:post-news: News,False,False,False,False,https://www.racefans.net/2025/09/05/i-dont-make-a-lot-of-mistakes-like-race-ending-dutch-gp-crash-hamilton/,https://www.reddit.com/r/formula1/comments/1n8zel2/i_dont_make_a_lot_of_mistakes_like_raceending/,1757059894,2025-09-05T08:11:34Z,2025-09-05,FALSE,False,posts.part001.csv
submission,1n8yfxh,formula1,Master_Jason,Mercedes poster for the 2025 Italian Grand Prix,,911,911,0,25,0.98,:post-poster: Poster,False,False,False,False,https://i.redd.it/ja6a9sglpanf1.jpeg,https://www.reddit.com/r/formula1/comments/1n8yfxh/mercedes_poster_for_the_2025_italian_grand_prix/,1757056017,2025-09-05T07:06:57Z,2025-09-05,FALSE,False,posts.part001.csv
submission,1n8yjmx,formula1,Master_Jason,Red Bull poster for the 2025 Italian Grand Prix,,308,308,0,15,0.96,:post-poster: Poster,False,False,False,False,https://i.redd.it/8v0juhbqqanf1.jpeg,https://www.reddit.com/r/formula1/comments/1n8yjmx/red_bull_poster_for_the_2025_italian_grand_prix/,1757056430,2025-09-05T07:13:50Z,2025-09-05,FALSE,False,posts.part001.csv
submission,1n8z7zf,formula1,His_Holiness,Oscar Piastri overtaking Lando Norris on the first lap of Monza 2024,,1093,1093,0,255,0.93,:post-video: Video,False,False,False,False,https://streamain.com/en/BQ3ZoqKpr87z5gL/watch,https://www.reddit.com/r/formula1/comments/1n8z7zf/oscar_piastri_overtaking_lando_norris_on_the/,1757059161,2025-09-05T07:59:21Z,2025-09-05,FALSE,False,posts.part001.csv
submission,1n8xdw9,formula1,AutoModerator,Ask r/Formula1 Anything - Daily Discussion Thread,"# Welcome to the [r/formula1](https://www.reddit.com/r/formula1/) Daily Discussion / Q&A thread. This thread is a hub for general discussion and questions about Formula 1, that don't need threads of their own. Are you new to Formula 1? This is the place for you. Ever wondered why it's called a lollipop man? Why the cars don't refuel during pitstops? Or when Mika will be back from his sabbatical? Ask any question you might have here, and the community will answer. Also make sure you check out our [guide for new fans](https://www.reddit.com/r/formula1/wiki/newtof1), and our [FAQ for new fans](https://www.reddit.com/r/formula1/wiki/faq). Are you a veteran fan, longing for the days of lollipop men, refueling during pitstops, and Mika Häkkinen? This is the place to introduce new fans to your passion and knowledge of the sport. Remember to keep it civil and welcoming! Gatekeeping within the Daily Discussion will subject users to disciplinary action. Have a meta question about the subreddit? Please [direct these to the moderators](https://www.reddit.com/message/compose/?to=/r/formula1) instead.",14,14,0,73,0.74,:post-daily-discussion: Daily Discussion,False,False,False,False,https://www.reddit.com/r/formula1/comments/1n8xdw9/ask_rformula1_anything_daily_discussion_thread/,https://www.reddit.com/r/formula1/comments/1n8xdw9/ask_rformula1_anything_daily_discussion_thread/,1757052069,2025-09-05T06:01:09Z,2025-09-05,FALSE,True,posts.part001.csv
submission,1n8mfjm,formula1,Standard-Risk-6596,Is Racing Bulls actually outpacing Red Bull in qualifying?,"Since Yuki joined the main Red Bull team, his qualifying form has actually dropped compared to his time at Racing Bulls. Meanwhile, Lawson seems to have bounced back after being demoted to the sister team. Max looks like the only one who can truly tame the Red Bull car. Hadjar showed in the last race that Racing Bulls aren’t just strong in qualifying – he carried that pace into the race as well. [The season qualifying results](https://f1.top-app.eu/season-results/qualifying/2025) give a good picture of how Yuki’s form dipped after joining Red Bull, while Lawson’s has improved at Racing Bulls. It also makes me wonder – what would Max be able to show if his contract allowed him to jump into a Racing Bulls car for a weekend? Even Alonso joked in Zandvoort that Max would probably already be champion if he drove the Racing Bulls. So my question is: **are Racing Bulls actually faster than Red Bull in quali, or is the car just easier to drive while Red Bull still has the higher potential pace?**",0,0,0,56,0.43,:post-discussion: Discussion,False,False,False,False,https://i.redd.it/bb8mdcojq7nf1.png,https://www.reddit.com/r/formula1/comments/1n8mfjm/is_racing_bulls_actually_outpacing_red_bull_in/,1757020491,2025-09-04T21:14:51Z,2025-09-04,FALSE,False,posts.part001.csv
submission,1n8ly14,formula1,withheld_mcfakename,F1 2025 Elimination Championship: Round 15 (Dutch Grand Prix),,19,19,0,2,0.73,:post-misc: Misc,False,False,False,False,/r/u_withheld_mcfakename/comments/1n8lxkj/f1_2025_elimination_championship_round_15_dutch/,https://www.reddit.com/r/formula1/comments/1n8ly14/f1_2025_elimination_championship_round_15_dutch/,1757019341,2025-09-04T20:55:41Z,2025-09-04,FALSE,False,posts.part001.csv
submission,1n8qz90,formula1,bwoah07_gp2,Liberty Media won't rule out billion-dollar F1 sale,,1087,1087,0,277,0.97,:post-news: News,False,False,False,False,https://www.motorsport.com/f1/news/liberty-wont-rule-out-billion-dollar-f1-sale/10756325/,https://www.reddit.com/r/formula1/comments/1n8qz90/liberty_media_wont_rule_out_billiondollar_f1_sale/,1757032225,2025-09-05T00:30:25Z,2025-09-05,FALSE,False,posts.part001.csv
submission,1n8p4ik,formula1,anthn885,Isack hasn't been able to bond with his broken trophy yet - talianGP,,251,251,0,15,0.93,:post-video: Video,False,False,False,False,https://streamain.com/LcTGBfZ3otiwMI4/watch,https://www.reddit.com/r/formula1/comments/1n8p4ik/isack_hasnt_been_able_to_bond_with_his_broken/,1757027222,2025-09-04T23:07:02Z,2025-09-04,FALSE,False,posts.part001.csv
submission,1n8i0hb,formula1,Farrisioso,F1 Bingo Round 16- Monza- Prediction Competition Game in Comments,,261,261,0,40,0.95,:post-statistics: Statistics,False,False,False,False,https://i.redd.it/w2yevvkmx6nf1.jpeg,https://www.reddit.com/r/formula1/comments/1n8i0hb/f1_bingo_round_16_monza_prediction_competition/,1757010275,2025-09-04T18:24:35Z,2025-09-04,FALSE,False,posts.part001.csv
submission,1n8c4fz,formula1,goldfish2203,[Daniel Ricciardo] More around the corner...,,1768,1768,0,101,0.97,:post-news: News,False,False,False,False,https://www.reddit.com/gallery/1n8c4fz,https://www.reddit.com/r/formula1/comments/1n8c4fz/daniel_ricciardo_more_around_the_corner/,1756997038,2025-09-04T14:43:58Z,2025-09-04,FALSE,False,posts.part001.csv
submission,1n8c1dg,formula1,OkCod1106,[Lewis] Dedicato a Niki,,6247,6247,0,52,0.99,:post-social-media: Social Media,False,False,False,False,https://www.reddit.com/gallery/1n8c1dg,https://www.reddit.com/r/formula1/comments/1n8c1dg/lewis_dedicato_a_niki/,1756996841,2025-09-04T14:40:41Z,2025-09-04,FALSE,False,posts.part001.csv
submission,1n8bs3e,formula1,racingplaybook,[OC] F1 Media Driver Ratings for the 2025 Dutch Grand Prix,"Here’s how the major F1 media outlets rated drivers at the 2025 Dutch Grand Prix vs the race results, as well as the season-long averages from the same publications, compared to the current championship standings. Do you think these ratings reflect true performance on track, or is there bias creeping in? A couple notes: •⁠ ⁠Cumulative season ratings are calculated by averaging each outlet’s scores across all races. •⁠ ⁠For ""P1 w/ Matt & Tommy"", the values are the average of Matt & Tommy’s individual scores. •⁠ ⁠Colours represent each driver’s ranking (1–20) within that column, from green (highest) to purple (lowest).",141,141,0,58,0.83,:post-discussion: Discussion,False,False,False,False,https://www.reddit.com/gallery/1n8bs3e,https://www.reddit.com/r/formula1/comments/1n8bs3e/oc_f1_media_driver_ratings_for_the_2025_dutch/,1756996253,2025-09-04T14:30:53Z,2025-09-04,FALSE,False,posts.part001.csv
submission,1n8i4v0,formula1,skaayat,"Lando Norris: ‘I can still win the title, even without bad luck for Piastry’",,2303,2303,0,353,0.92,:post-news: News,False,False,False,False,https://www.motorsport.com/f1/news/lando-norris-can-still-win-title-even-without-bad-luck-piastri/10756303/,https://www.reddit.com/r/formula1/comments/1n8i4v0/lando_norris_i_can_still_win_the_title_even/,1757010564,2025-09-04T18:29:24Z,2025-09-04,FALSE,False,posts.part001.csv
submission,1n8g1s6,formula1,quietly_myself,Cadillac’s drastic action to get Carlton Herta into F1 [The Race],,0,0,0,58,0.43,:post-video: Video,False,False,False,False,https://youtu.be/ywrTg-8avPY?si=Z3QWTS9UCRjIXUyl,https://www.reddit.com/r/formula1/comments/1n8g1s6/cadillacs_drastic_action_to_get_carlton_herta/,1757005793,2025-09-04T17:09:53Z,2025-09-04,FALSE,False,posts.part001.csv
submission,1n8fg3j,formula1,Any_Inflation_2543,There’s one tough but fair reason why Max Verstappen won’t drive for Ferrari in F1,,0,0,0,68,0.33,:post-news: News,False,False,False,False,https://www.motorsport.com/f1/news/verstappens-tough-but-fair-reasons-not-to-drive-for-ferrari-in-f1/10756271/,https://www.reddit.com/r/formula1/comments/1n8fg3j/theres_one_tough_but_fair_reason_why_max/,1757004471,2025-09-04T16:47:51Z,2025-09-04,FALSE,False,posts.part001.csv
submission,1n8eak1,formula1,kcollantine,Williams officially request review of penalty which ruined Sainz's Dutch Grand Prix,,2434,2434,0,166,0.98,:post-news: News,False,False,False,False,https://www.racefans.net/2025/09/04/williams-officially-request-review-of-penalty-which-ruined-sainzs-dutch-grand-prix/,https://www.reddit.com/r/formula1/comments/1n8eak1/williams_officially_request_review_of_penalty/,1757001898,2025-09-04T16:04:58Z,2025-09-04,FALSE,False,posts.part001.csv
submission,1n8ceka,formula1,CommonEngineering832,Williams poised to challenge Sainz's controversial penalty,,1360,1360,0,153,0.97,:post-news: News,False,False,False,False,https://www.the-race.com/formula-1/williams-poised-to-challenge-carlos-sainz-dutch-gp-penalty/,https://www.reddit.com/r/formula1/comments/1n8ceka/williams_poised_to_challenge_sainzs_controversial/,1756997672,2025-09-04T14:54:32Z,2025-09-04,FALSE,False,posts.part001.csv
submission,1n8cbx5,formula1,Jeesh-2743,Academy women having their own series ?,"I know this has probably been asked loads of times but with the Academy being mainly women, why can’t we have a women’s series much like other sports have ? It would mean less pressure on teams on choosing to run women over men and allow for both groups to have a chance of making it in the sport ?",0,0,0,21,0.15,:post-discussion: Discussion,False,False,False,False,https://www.reddit.com/r/formula1/comments/1n8cbx5/academy_women_having_their_own_series/,https://www.reddit.com/r/formula1/comments/1n8cbx5/academy_women_having_their_own_series/,1756997505,2025-09-04T14:51:45Z,2025-09-04,FALSE,True,posts.part001.csv
submission,1n8bu8o,formula1,Expensive_Ladder_486,Ex-Haas F1 boss Steiner finally set for MotoGP team takeover,,495,495,0,68,0.95,:post-off-topic: Off-Topic,False,False,False,False,https://www.the-race.com/motogp/ex-haas-f1-boss-guenther-steiner-finally-set-for-motogp-team-takeover/,https://www.reddit.com/r/formula1/comments/1n8bu8o/exhaas_f1_boss_steiner_finally_set_for_motogp/,1756996386,2025-09-04T14:33:06Z,2025-09-04,FALSE,False,posts.part001.csv
submission,1n8axys,formula1,Aratho,Would Max Verstappen be fighting for the F1 title if he was at Racing Bulls?,,0,0,0,100,0.25,:post-news: News,False,False,False,False,https://www.motorsport.com/f1/news/would-max-verstappen-be-fighting-for-the-f1-title-if-he-was-at-racing-bulls/10756204/,https://www.reddit.com/r/formula1/comments/1n8axys/would_max_verstappen_be_fighting_for_the_f1_title/,1756994451,2025-09-04T14:00:51Z,2025-09-04,FALSE,False,posts.part001.csv
submission,1n8a1mx,formula1,Aratho,"[Rory Mitchell] Alonso responds to Domenicali's proposal to shorten F1 races: Football matches are a little bit long. When I sit in front of the TV, I'm not watching the 90 minutes concentrated. There are always some moments of distraction. No one is talking about having 60-minute football matches.",,5342,5342,0,532,0.97,:post-social-media: Social Media,False,False,False,False,https://bsky.app/profile/rorymitchellf1.bsky.social/post/3lxzacfhfek25,https://www.reddit.com/r/formula1/comments/1n8a1mx/rory_mitchell_alonso_responds_to_domenicalis/,1756992293,2025-09-04T13:24:53Z,2025-09-04,FALSE,False,posts.part001.csv
submission,1n89n5w,formula1,anthn885,Leclerc and Sainz narrowly avoid a crash – Italian GP 2023,,200,200,0,22,0.92,:post-video: Video,False,False,False,False,https://streamain.com/LzdVrGzcbjY3wKp/watch,https://www.reddit.com/r/formula1/comments/1n89n5w/leclerc_and_sainz_narrowly_avoid_a_crash_italian/,1756991235,2025-09-04T13:07:15Z,2025-09-04,FALSE,False,posts.part001.csv
submission,1n89cie,formula1,Any_Inflation_2543,"Isack Hadjar clarifies stance on 2026 Red Bull move, expects Helmut Marko talks soon",,606,606,0,71,0.98,:post-news: News,False,False,False,False,https://www.motorsport.com/f1/news/isack-hadjar-clarifies-stance-on-2026-red-bull-move-expects-helmut-marko-talks-soon/10756171/,https://www.reddit.com/r/formula1/comments/1n89cie/isack_hadjar_clarifies_stance_on_2026_red_bull/,1756990478,2025-09-04T12:54:38Z,2025-09-04,FALSE,False,posts.part001.csv
submission,1n889e1,formula1,memloh,"Max Verstappen shares sim secrets with Gabriel Bortoleto ahead of Monza as ""Call of Duty"" friendship emerges",,2484,2484,0,110,0.97,:post-news: News,False,False,False,False,https://www.motorsport.com/f1/news/max-verstappen-shares-sim-secrets-with-gabriel-bortoleto-ahead-of-monza-as-call-of-duty-friendship-/10756179/,https://www.reddit.com/r/formula1/comments/1n889e1/max_verstappen_shares_sim_secrets_with_gabriel/,1756987471,2025-09-04T12:04:31Z,2025-09-04,FALSE,False,posts.part001.csv
submission,1n882f0,formula1,turinturambar66,F1 | Cadillac: Herta to race in F2 in 2026 to obtain Super Licence,,571,571,0,98,0.97,:post-news: News,False,False,False,False,https://it.motorsport.com/f1/news/f1-cadillac-herta-correra-in-f2-nel-2026-per-prendere-la-superlicenza/10756070/,https://www.reddit.com/r/formula1/comments/1n882f0/f1_cadillac_herta_to_race_in_f2_in_2026_to_obtain/,1756986908,2025-09-04T11:55:08Z,2025-09-04,FALSE,False,posts.part001.csv
submission,1n86ok0,formula1,MoneyLibrarian9032,"Portugal, Germany and Turkey targeting F1 return, confirms Stefano Domenicali",,1792,1792,0,213,0.99,:post-news: News,False,False,False,False,https://www.motorsport.com/f1/news/f1-confirms-interest-from-turkey-germany-portugal-to-host-races/10756108/,https://www.reddit.com/r/formula1/comments/1n86ok0/portugal_germany_and_turkey_targeting_f1_return/,1756982444,2025-09-04T10:40:44Z,2025-09-04,FALSE,False,posts.part001.csv
submission,1n80l9k,formula1,Farrisioso,F1 Bingo Rounds 15 & 14 Zandvoort and Hungary Results- Prediction Competition Results in Comments,,49,49,0,6,0.86,:post-statistics: Statistics,False,False,False,False,https://www.reddit.com/gallery/1n80l9k,https://www.reddit.com/r/formula1/comments/1n80l9k/f1_bingo_rounds_15_14_zandvoort_and_hungary/,1756959769,2025-09-04T04:22:49Z,2025-09-04,FALSE,False,posts.part001.csv
submission,1n7p9yy,formula1,BCBUK,Do F1 team motorhomes have a future?,"This weekend at Monza will be the last theme that Saubers current motorhome will be used as a new Audi one will be introduced in 2026. If memory serves Haas also replaced its one this year. It’s got me thinking about the purpose of the motorhomes and their future. I love the variety of the motorhomes when we see them on Teds Notebook but can’t help but feel they are a complexity and expense which will soon be lost to time when the sport is becoming less European and supposedly more eco friendly. At the turn of the millennium when the calendar was 16 / 17 races of which only 5 or so were outside Europe, the motorhomes would seem to be in use for a majority of the season. In 2025 and beyond, the number of European races makes up barely a third of the calendar and with rotation of races coming soon this is likely to decrease even more. At flyaway races, the circuits provide all the teams with a base and I think the paddock buildings at places like Bahrain, Abu Dhabi and China are far more beautiful than the caravan in a car park aesthetic we see in the European races. Is it time for the European circuits to build some permanent team paddock buildings just like the Middle East / Asian / US / Aus circuits so each of the teams can retire their own motorhomes, save several million each and take 4 or 5 trucks for each team off the roads. Would anyone be sad to see them go?",0,0,0,20,0.29,:post-discussion: Discussion,False,False,False,False,https://www.reddit.com/r/formula1/comments/1n7p9yy/do_f1_team_motorhomes_have_a_future/,https://www.reddit.com/r/formula1/comments/1n7p9yy/do_f1_team_motorhomes_have_a_future/,1756929666,2025-09-03T20:01:06Z,2025-09-03,FALSE,True,posts.part001.csv
submission,1n7osio,formula1,Acceptable-Bet-1728,Is Oscar well on his way to become the next Generational talent?,"Oscar’s improvement this season have been phenomenal. The consistency he’s found compared to last year is something I don't think a lot of people expected. He’s gone from occasionally matching Lando to often looking like the stronger driver, and the first half of his season was proof of just how quickly he’s developed. I see a lot of people dismissing him and Lando because of the good the car has been and their missed opportunities to fully maximise the car 100% of the time compared to drivers like Max or Russell. But Oscar is still so early in his career, and his rate of improvement has been remarkable. By next year, I can see him being at Charles and Russell’s level. He’s behind them for now, but the gap is closing fast. More faster than many think I'm willing to bet. Lando, meanwhile, feels like he’s hit a ceiling. In his seventh season, he’s already lost one title and may lose another to his younger teammate. Oscar’s former weaknesses like tyre management, qualifying, consistency are now looking ike strengths in some cases even stronger than Lando’s on a consistent basis. If Mercedes are strong next year, I don’t think Russell will run away with the title like many think. Oscar could already be on his level, maybe even above. And if McLaren have the fastest car, I actually see Aston Martin as the bigger threat. Depending on Alonso(who knows where he truly stands), McLaren could dominate and if they do Oscar looks like the driver who will prevail. He can maybe even go on to have a run like like Vettel, which would be ironic because his manager is webber, lol. It also makes me wonder: is Oscar right now ahead of where Verstappen was in his third year back in 2017? On a glance it feels like yes. But then you begin to look at performances like Spain and Brazil in '16 and Mexico in '17, where he beat already established top level drivers in a showcase of pure skill. I feel like Oscar hasn't had a a defining moment like that just yet. What he has better at, though, has been consistency. Curious to see what you guys think on this.",0,0,0,53,0.28,:post-discussion: Discussion,False,False,False,False,https://www.reddit.com/r/formula1/comments/1n7osio/is_oscar_well_on_his_way_to_become_the_next/,https://www.reddit.com/r/formula1/comments/1n7osio/is_oscar_well_on_his_way_to_become_the_next/,1756928555,2025-09-03T19:42:35Z,2025-09-03,FALSE,True,posts.part001.csv
submission,1n849ia,formula1,Aratho,F1 moves closer to V8 engine switch,,1230,1230,0,358,0.95,:post-news: News,False,False,False,False,https://www.the-race.com/formula-1/f1-accelerates-push-for-v8-engine-future/,https://www.reddit.com/r/formula1/comments/1n849ia/f1_moves_closer_to_v8_engine_switch/,1756973347,2025-09-04T08:09:07Z,2025-09-04,FALSE,False,posts.part001.csv
submission,1n829y3,formula1,AutoModerator,Ask r/Formula1 Anything - Daily Discussion Thread,"# Welcome to the [r/formula1](https://www.reddit.com/r/formula1/) Daily Discussion / Q&A thread. This thread is a hub for general discussion and questions about Formula 1, that don't need threads of their own. Are you new to Formula 1? This is the place for you. Ever wondered why it's called a lollipop man? Why the cars don't refuel during pitstops? Or when Mika will be back from his sabbatical? Ask any question you might have here, and the community will answer. Also make sure you check out our [guide for new fans](https://www.reddit.com/r/formula1/wiki/newtof1), and our [FAQ for new fans](https://www.reddit.com/r/formula1/wiki/faq). Are you a veteran fan, longing for the days of lollipop men, refueling during pitstops, and Mika Häkkinen? This is the place to introduce new fans to your passion and knowledge of the sport. Remember to keep it civil and welcoming! Gatekeeping within the Daily Discussion will subject users to disciplinary action. Have a meta question about the subreddit? Please [direct these to the moderators](https://www.reddit.com/message/compose/?to=/r/formula1) instead.",28,28,0,127,0.88,:post-daily-discussion: Daily Discussion,False,False,False,False,https://www.reddit.com/r/formula1/comments/1n829y3/ask_rformula1_anything_daily_discussion_thread/,https://www.reddit.com/r/formula1/comments/1n829y3/ask_rformula1_anything_daily_discussion_thread/,1756965660,2025-09-04T06:01:00Z,2025-09-04,FALSE,True,posts.part001.csv
submission,1n81sa3,formula1,User-K549125,Why Hamilton Will Have A Monza Grid Drop | Ferrari's Chaotic Race | Jolyon Palmer’s F1 TV Analysis,,49,49,0,43,0.7,:post-video: Video,False,False,False,False,https://www.youtube.com/watch?v=cx6xI7_BUj0,https://www.reddit.com/r/formula1/comments/1n81sa3/why_hamilton_will_have_a_monza_grid_drop_ferraris/,1756963886,2025-09-04T05:31:26Z,2025-09-04,FALSE,False,posts.part001.csv
submission,1n7xne3,formula1,anthn885,Lewis Hamilton and Charles Leclerc took photos with fans in Italy.,,502,502,0,36,0.96,:post-video: Video,False,False,False,False,https://streamain.com/lR1Mbi4A2Xny0lD/watch,https://www.reddit.com/r/formula1/comments/1n7xne3/lewis_hamilton_and_charles_leclerc_took_photos/,1756950988,2025-09-04T01:56:28Z,2025-09-04,FALSE,False,posts.part001.csv
submission,1n7tefl,formula1,Agent_Kozak,Green Notebook from Loon-Plage,,0,0,0,20,0.41,:post-news: News,False,False,False,False,https://joesaward.wordpress.com/2025/09/03/green-notebook-from-loon-plage/,https://www.reddit.com/r/formula1/comments/1n7tefl/green_notebook_from_loonplage/,1756939415,2025-09-03T22:43:35Z,2025-09-03,FALSE,False,posts.part001.csv
submission,1n7sw7z,formula1,Formula1_,Cadillac confirm Colton Herta to race in F2 to pursue 'F1 dream',,4025,4025,0,390,0.98,:post-news: News,False,False,False,False,https://racingnews365.com/indycar-star-to-take-big-risk-by-quitting-series-for-f2-to-pursue-f1-dream,https://www.reddit.com/r/formula1/comments/1n7sw7z/cadillac_confirm_colton_herta_to_race_in_f2_to/,1756938151,2025-09-03T22:22:31Z,2025-09-03,FALSE,False,posts.part001.csv
submission,1n7oefl,formula1,Beautiful-Reaction-8,[ESPN] How Piastri changed the fate of McLaren and Alpine,,467,467,0,164,0.9,:post-news: News,False,False,False,False,https://www.espn.com/racing/f1/story/_/id/46138355/how-oscar-piastri-changed-fate-mclaren-alpine,https://www.reddit.com/r/formula1/comments/1n7oefl/espn_how_piastri_changed_the_fate_of_mclaren_and/,1756927670,2025-09-03T19:27:50Z,2025-09-03,FALSE,False,posts.part001.csv
submission,1n7ji6p,formula1,Master_Jason,Racing Bulls poster for the 2025 Italian Grand Prix,,198,198,0,2,0.97,:post-poster: Poster,False,False,False,False,https://i.redd.it/s0q7liso7zmf1.jpeg,https://www.reddit.com/r/formula1/comments/1n7ji6p/racing_bulls_poster_for_the_2025_italian_grand/,1756916820,2025-09-03T16:27:00Z,2025-09-03,FALSE,False,posts.part001.csv
submission,1n7i1ys,formula1,Skulldetta,"On this day 75 years ago, Giuseppe 'Nino' Farina won the Italian Grand Prix, crowning himself the first Formula 1 World Driver's Champion.",,449,449,0,29,0.99,:post-throwback: Throwback,False,False,False,False,https://i.redd.it/7byb37q7yymf1.png,https://www.reddit.com/r/formula1/comments/1n7i1ys/on_this_day_75_years_ago_giuseppe_nino_farina_won/,1756913659,2025-09-03T15:34:19Z,2025-09-03,FALSE,False,posts.part001.csv
submission,1n7i1ki,formula1,osireion_87,Colton Herta to join Cadillac as test driver,Instagram link: https://www.instagram.com/p/DOJStMaAt6i/?igsh=ZnV4bXI3bHJiZTBz,1266,1266,0,54,0.98,:post-social-media: Social Media,False,False,False,False,https://i.redd.it/tlu77ob4yymf1.jpeg,https://www.reddit.com/r/formula1/comments/1n7i1ki/colton_herta_to_join_cadillac_as_test_driver/,1756913635,2025-09-03T15:33:55Z,2025-09-03,FALSE,False,posts.part001.csv
submission,1n7gsb2,formula1,NegotiationNew9264,[lewishamilton] A tribute on track,,1510,1510,0,52,0.98,:post-social-media: Social Media,False,False,False,False,https://www.reddit.com/gallery/1n7gsb2,https://www.reddit.com/r/formula1/comments/1n7gsb2/lewishamilton_a_tribute_on_track/,1756910790,2025-09-03T14:46:30Z,2025-09-03,FALSE,False,posts.part001.csv
submission,1n7joug,formula1,DubiousLLM,Ferrari Italian Grand Prix 2025 Poster,,2559,2559,0,60,0.99,:post-photo: Photo,False,False,False,False,https://i.imgur.com/CWKGvgf.jpeg,https://www.reddit.com/r/formula1/comments/1n7joug/ferrari_italian_grand_prix_2025_poster/,1756917220,2025-09-03T16:33:40Z,2025-09-03,FALSE,False,posts.part001.csv
submission,1n7kjy1,formula1,fury426,Dutch GP 2025 | Highlights | Comedy on F1 racing,,220,220,0,19,0.92,:post-video: Video,False,False,False,False,https://www.youtube.com/watch?v=5jiO1y7wp2Q,https://www.reddit.com/r/formula1/comments/1n7kjy1/dutch_gp_2025_highlights_comedy_on_f1_racing/,1756919114,2025-09-03T17:05:14Z,2025-09-03,FALSE,False,posts.part001.csv
submission,1n7jos2,formula1,memloh,Gasly's Stunning Monza Win In Dramatic Race! | Extended Highlights | 2020 Italian Grand Prix,,118,118,0,11,0.9,:post-video: Video,False,False,False,False,https://www.youtube.com/watch?v=aLGlHDZpLFU,https://www.reddit.com/r/formula1/comments/1n7jos2/gaslys_stunning_monza_win_in_dramatic_race/,1756917215,2025-09-03T16:33:35Z,2025-09-03,FALSE,False,posts.part001.csv
submission,1n7jcmv,formula1,turinturambar66,Bold move or silly waste? Our verd'ict as Herta set for F2 switch,,0,0,0,47,0.41,:post-news: News,False,False,False,False,https://www.the-race.com/formula-1/bold-move-or-silly-waste-our-verdict-colton-herta-set-for-f2-switch/,https://www.reddit.com/r/formula1/comments/1n7jcmv/bold_move_or_silly_waste_our_verdict_as_herta_set/,1756916484,2025-09-03T16:21:24Z,2025-09-03,FALSE,False,posts.part001.csv
submission,1n7i2aa,formula1,turinturambar66,IndyCar star Colton Herta signed to Cadillac as test driver,,1933,1933,0,307,0.98,:post-news: News,False,False,False,False,https://www.formula1.com/en/latest/article/indycar-star-colton-herta-signed-to-cadillac-as-test-driver.3dfdX0jtWLU7Vl16IK3cac,https://www.reddit.com/r/formula1/comments/1n7i2aa/indycar_star_colton_herta_signed_to_cadillac_as/,1756913679,2025-09-03T15:34:39Z,2025-09-03,FALSE,False,posts.part001.csv
submission,1n7g4bx,formula1,NegotiationNew9264,[charles_leclerc] Monza Ready,,3556,3556,0,116,0.99,:post-social-media: Social Media,False,False,False,False,https://www.reddit.com/gallery/1n7g4bx,https://www.reddit.com/r/formula1/comments/1n7g4bx/charles_leclerc_monza_ready/,1756909218,2025-09-03T14:20:18Z,2025-09-03,FALSE,False,posts.part001.csv
submission,1n7flzx,formula1,Scorbut,"In your opinion, what are the best historical GP races that one should watch?","I started to watch F1 in 2022. Before that, I followed F1 during the Schumacher/Ferrari but I have little memory of the races apart from that it seemed boring due to the fact that they only showed Schumi alone in front. So do you have any recommendations of former races (or even seasons) to watch?",67,67,0,102,0.84,:post-discussion: Discussion,False,False,False,False,https://www.reddit.com/r/formula1/comments/1n7flzx/in_your_opinion_what_are_the_best_historical_gp/,https://www.reddit.com/r/formula1/comments/1n7flzx/in_your_opinion_what_are_the_best_historical_gp/,1756908022,2025-09-03T14:00:22Z,2025-09-03,FALSE,True,posts.part001.csv
submission,1n7f7tw,formula1,User-K549125,Press Conference Schedule - 2025 Italian GP,,114,114,0,13,0.96,:post-news: News,False,False,False,False,https://i.redd.it/ytympgsleymf1.png,https://www.reddit.com/r/formula1/comments/1n7f7tw/press_conference_schedule_2025_italian_gp/,1756907075,2025-09-03T13:44:35Z,2025-09-03,FALSE,False,posts.part001.csv
submission,1n7fib1,formula1,AliceLunar,"Pitlane Championship Round 15 - Zandvoort: Hadjar moving up and takes P3 from Norris, can he take the fight to Williams? Alonso back in the top 10 and Sainz still extending his lead as Albon struggles to keep up.","Taking the total time spend in the pitlane, removing the pitstop time to get the 'lane' time and see how much the driver can impact the time spend in the pitlane and make a difference.",40,40,0,12,0.8,:post-statistics: Statistics,False,False,False,False,https://www.reddit.com/gallery/1n7fib1,https://www.reddit.com/r/formula1/comments/1n7fib1/pitlane_championship_round_15_zandvoort_hadjar/,1756907779,2025-09-03T13:56:19Z,2025-09-03,FALSE,False,posts.part001.csv
submission,1n7fie4,formula1,memloh,Max Verstappen: ‘Red Bull shouldn’t be battling Racing Bulls’,,5486,5486,0,565,0.97,:post-news: News,False,False,False,False,https://www.motorsport.com/f1/news/max-verstappen-red-bull-battling-racing-bulls/10755925/,https://www.reddit.com/r/formula1/comments/1n7fie4/max_verstappen_red_bull_shouldnt_be_battling/,1756907784,2025-09-03T13:56:24Z,2025-09-03,FALSE,False,posts.part001.csv
submission,1n7f1f8,formula1,anthn885,"Daniel Ricciardo wins 2021 Italian GP, McLaren secures 1‑2 finish at Monza",,712,712,0,77,0.94,:post-video: Video,False,False,False,False,https://streamain.com/U6lpyyjawgeXybf/watch,https://www.reddit.com/r/formula1/comments/1n7f1f8/daniel_ricciardo_wins_2021_italian_gp_mclaren/,1756906634,2025-09-03T13:37:14Z,2025-09-03,FALSE,False,posts.part001.csv
submission,1n7end7,formula1,NegotiationNew9264,Fred Vasseur: Ferrari’s next step | F1 Beyond The Grid Podcast,,84,84,0,5,0.94,:post-video: Video,False,False,False,False,https://youtu.be/1_AbzhKVnho?si=HBIylGtvpidsyNQt,https://www.reddit.com/r/formula1/comments/1n7end7/fred_vasseur_ferraris_next_step_f1_beyond_the/,1756905666,2025-09-03T13:21:06Z,2025-09-03,FALSE,False,posts.part001.csv
submission,1n7djoj,formula1,Martellio,F1 Ceramic Mug made by my GF,,1743,1743,0,36,0.97,:post-off-topic: Off-Topic,False,False,False,False,https://i.redd.it/a1jbdkpp1ymf1.jpeg,https://www.reddit.com/r/formula1/comments/1n7djoj/f1_ceramic_mug_made_by_my_gf/,1756902779,2025-09-03T12:32:59Z,2025-09-03,FALSE,False,posts.part001.csv
submission,1n79fyy,formula1,Suitedbadge401,Ferrari reveals their Monza 2025 livery,,6278,6278,0,190,0.99,:post-news: News,False,False,False,False,https://www.reddit.com/gallery/1n79fyy,https://www.reddit.com/r/formula1/comments/1n79fyy/ferrari_reveals_their_monza_2025_livery/,1756888887,2025-09-03T08:41:27Z,2025-09-03,FALSE,False,posts.part001.csv
submission,1n79f7p,formula1,randomseocb,"[McLaren on Instagram] On this day in 2018, Lando signed to become McLaren’s youngest-ever F1 driver",[https://www.instagram.com/p/DOIg3GKEcbS/](https://www.instagram.com/p/DOIg3GKEcbS/),624,624,0,36,0.93,:post-social-media: Social Media,False,False,False,False,https://i.redd.it/itamdvidwwmf1.jpeg,https://www.reddit.com/r/formula1/comments/1n79f7p/mclaren_on_instagram_on_this_day_in_2018_lando/,1756888804,2025-09-03T08:40:04Z,2025-09-03,FALSE,False,posts.part001.csv
submission,1n78a17,formula1,InitialWorld7330,Backmarkers breaking records in 2025 // new infographics style,,111,111,0,18,0.85,:post-statistics: Statistics,False,False,False,False,https://www.reddit.com/gallery/1n78a17,https://www.reddit.com/r/formula1/comments/1n78a17/backmarkers_breaking_records_in_2025_new/,1756884233,2025-09-03T07:23:53Z,2025-09-03,FALSE,False,posts.part001.csv
submission,1n6uewq,formula1,Jlx_27,"Trophies for the Italian GP Revealed, the design is meant to be a hybrid of the Peregrine Falcon, Sail Fish and Cheetah.",,139,139,0,45,0.96,:post-news: News,False,False,False,False,https://i.redd.it/fqoqz7ci8tmf1.jpeg,https://www.reddit.com/r/formula1/comments/1n6uewq/trophies_for_the_italian_gp_revealed_the_design/,1756844439,2025-09-02T20:20:39Z,2025-09-02,FALSE,False,posts.part001.csv
submission,1n7d6hh,formula1,Sauerz,"Aron to drive Colapinto's car in first practice, Dunne returns for McLaren",,541,541,0,148,0.98,:post-news: News,False,False,False,False,https://www.racefans.net/2025/09/03/aron-to-drive-colapintos-car-in-first-practice-dunne-returns-for-mclaren/,https://www.reddit.com/r/formula1/comments/1n7d6hh/aron_to_drive_colapintos_car_in_first_practice/,1756901761,2025-09-03T12:16:01Z,2025-09-03,FALSE,False,posts.part001.csv
submission,1n7d4a8,formula1,Charlie-Spencer,Red Bull ‘not in a rush’ over 2026 line-up as Mekies vows to ‘support’ Tsunoda,,302,302,0,67,0.97,:post-news: News,False,False,False,False,https://www.formula1.com/en/latest/article/red-bull-not-in-a-rush-over-2026-line-up-as-mekies-vows-to-support-tsunoda.7hqTnbYLCvPZ7mkRmpYvDs,https://www.reddit.com/r/formula1/comments/1n7d4a8/red_bull_not_in_a_rush_over_2026_lineup_as_mekies/,1756901583,2025-09-03T12:13:03Z,2025-09-03,FALSE,False,posts.part001.csv
submission,1n76jac,formula1,eszgbr,Is Prost's 1988 season the greatest performance never to win the championship?,"In 16 races Alain Prost had 7 wins, 7 second places and 2 dnfs due to mechanicals. Scored 105 points but only 87 counted, as only the best 11 results were taken account in the championship. Meanwhile his McLaren team mate and main rival Ayrton Senna had 8 wins, 3 2nd places, a 4th and a 6th place and 3 non-scoring races (one dq, one dnf due to driver error and once was punted off track by a backmarker). Scored 94 points, 90 counted and won the title before the last race. Senna won on having one more wins. This was the second and last time, the driver with the most overall points didn't win the championship, the first occasion happened in 1964.",230,230,0,115,0.91,:post-discussion: Discussion,False,False,False,False,https://www.reddit.com/r/formula1/comments/1n76jac/is_prosts_1988_season_the_greatest_performance/,https://www.reddit.com/r/formula1/comments/1n76jac/is_prosts_1988_season_the_greatest_performance/,1756877686,2025-09-03T05:34:46Z,2025-09-03,FALSE,True,posts.part001.csv
submission,1n7cgko,formula1,Deadlydog1998,[OT] The Sound of the GMR-001 Hypercar,,38,38,0,11,0.81,:post-video: Video,False,False,False,False,https://www.youtube.com/watch?v=UyeRdJhDAwQ,https://www.reddit.com/r/formula1/comments/1n7cgko/ot_the_sound_of_the_gmr001_hypercar/,1756899647,2025-09-03T11:40:47Z,2025-09-03,FALSE,False,posts.part001.csv
submission,1n7bz5t,formula1,DreamerOnAir,From 2026’s 50% split V6 Hybrid to a 2030 V8 Hybrid? What Are We Doing…,"So, the FIA hasn’t even rolled out the 2026 engine regs yet and according to the credible sources at AmUs they’re already talking about the next formula. If this is true, it’s a mess. Four years of one set of rules, then we rip it up again. The new proposal for ~2030 (per AMuS): - 2.4L naturally aspirated V8 (like 2006–2013) - Hybrid component delivering 220–240kW (midway between current 120kW and 2026’s 350kW) - CO₂-neutral fuel with pre-chamber ignition for efficiency - Turbo gone (at least sound might improve) but fuel limits will still mute it - FIA pushing for 2029 start; RB Powertrains & Cadillac on board - Audi & Honda resisting as they want their 2026 investments to last the promised 5 years - Ferrari open to earlier switch if FIA gives clear direction - Cost-cutting goal: engines simpler, cheaper, leasing to customer teams for ~€10M (down from €17–20M) - But switching to V8 means all manufacturers redesign the blocks so it's only worth it if regs are locked for ~10 years This is frustrating is it too much to ask for a simpler formula focused on the raceabiliy ? the 2026 regs already feel like a marketing exercise - ~50/50 power split between ICE (~500hp) and electric (~350kW) with constant tweaking per circuit to accommodate risks of sudden electric clipping - Gimmick ""axis"" modes from movable aero and electric boost with conditional deployment that will give casters a headache to comment. And now we’re talking about binning them early for another formula, which means more costs, more churn, and less stability. If the FIA wanted to showcase sustainability, they could’ve just promoted the insane thermal efficiency of the current engines instead of forcing a 50/50 split that creates regen limits, de-rating, and aero headaches. As a fan I want great racing, not constant technical resets to bait manufacturers ready to flee as soon as they don't have it their way.",600,600,0,225,0.92,:post-news: News,False,False,False,False,https://www.auto-motor-und-sport.de/formel-1/f1-motoren-plaene-2030-v8-hybrid-motor/,https://www.reddit.com/r/formula1/comments/1n7bz5t/from_2026s_50_split_v6_hybrid_to_a_2030_v8_hybrid/,1756898124,2025-09-03T11:15:24Z,2025-09-03,FALSE,False,posts.part001.csv
submission,1n7brbl,formula1,Racing5000,300% increase? F1 crisis meeting planned over spiralling fuel costs,,317,317,0,107,0.95,:post-news: News,False,False,False,False,https://www.the-race.com/formula-1/f1-crisis-meeting-planned-spiralling-fuel-costs-300-percent-increase/,https://www.reddit.com/r/formula1/comments/1n7brbl/300_increase_f1_crisis_meeting_planned_over/,1756897413,2025-09-03T11:03:33Z,2025-09-03,FALSE,False,posts.part001.csv
submission,1n7bdsk,formula1,FewCollar227,"Why shorter races, MotoGP-style sprints and reverse grids are all ""on the agenda"" for F1",,724,724,0,490,0.91,:post-news: News,False,False,False,False,https://www.autosport.com/f1/news/f1-shorter-races-sprints-reverse-grids-coming/10755853/,https://www.reddit.com/r/formula1/comments/1n7bdsk/why_shorter_races_motogpstyle_sprints_and_reverse/,1756896160,2025-09-03T10:42:40Z,2025-09-03,FALSE,False,posts.part001.csv
submission,1n7a3jn,formula1,Time_Hater,Will Power has left Team Penske amid speculation that he will be replacing Colton Herta at Andretti after he moves to Formula 2.,,269,269,0,66,0.91,:post-off-topic: Off-Topic,False,False,False,False,https://www.reddit.com/gallery/1n6kf32,https://www.reddit.com/r/formula1/comments/1n7a3jn/will_power_has_left_team_penske_amid_speculation/,1756891458,2025-09-03T09:24:18Z,2025-09-03,FALSE,False,posts.part001.csv
submission,1n79igq,formula1,kcollantine,Ferrari reveals special Monza livery paying tribute to Lauda's first championship win,,2841,2841,0,271,0.97,:post-news: News,False,False,False,False,https://www.racefans.net/2025/09/03/ferrari-reveals-special-monza-livery-paying-tribute-to-laudas-first-championship-win/,https://www.reddit.com/r/formula1/comments/1n79igq/ferrari_reveals_special_monza_livery_paying/,1756889168,2025-09-03T08:46:08Z,2025-09-03,FALSE,False,posts.part001.csv
submission,1n777tl,formula1,FewCollar227,"[@f1] Huge gains from Alex, Ollie, Lance and Esteban on Sunday saw all four race into the points",,952,952,0,37,0.98,:post-social-media: Social Media,False,False,False,False,https://www.reddit.com/gallery/1n777tl,https://www.reddit.com/r/formula1/comments/1n777tl/f1_huge_gains_from_alex_ollie_lance_and_esteban/,1756880171,2025-09-03T06:16:11Z,2025-09-03,FALSE,False,posts.part001.csv
submission,1n76yuo,formula1,AutoModerator,Ask r/Formula1 Anything - Daily Discussion Thread,"# Welcome to the [r/formula1](https://www.reddit.com/r/formula1/) Daily Discussion / Q&A thread. This thread is a hub for general discussion and questions about Formula 1, that don't need threads of their own. Are you new to Formula 1? This is the place for you. Ever wondered why it's called a lollipop man? Why the cars don't refuel during pitstops? Or when Mika will be back from his sabbatical? Ask any question you might have here, and the community will answer. Also make sure you check out our [guide for new fans](https://www.reddit.com/r/formula1/wiki/newtof1), and our [FAQ for new fans](https://www.reddit.com/r/formula1/wiki/faq). Are you a veteran fan, longing for the days of lollipop men, refueling during pitstops, and Mika Häkkinen? This is the place to introduce new fans to your passion and knowledge of the sport. Remember to keep it civil and welcoming! Gatekeeping within the Daily Discussion will subject users to disciplinary action. Have a meta question about the subreddit? Please [direct these to the moderators](https://www.reddit.com/message/compose/?to=/r/formula1) instead.",22,22,0,96,0.89,:post-daily-discussion: Daily Discussion,False,False,False,False,https://www.reddit.com/r/formula1/comments/1n76yuo/ask_rformula1_anything_daily_discussion_thread/,https://www.reddit.com/r/formula1/comments/1n76yuo/ask_rformula1_anything_daily_discussion_thread/,1756879240,2025-09-03T06:00:40Z,2025-09-03,FALSE,True,posts.part001.csv
submission,1n6z8p2,formula1,anthn885,A light-hearted Dutch Grand Prix debrief with Max & Lando - DutchGP,,176,176,0,13,0.93,:post-video: Video,False,False,False,False,https://streamain.com/T58bKqXpyloQe1P/watch,https://www.reddit.com/r/formula1/comments/1n6z8p2/a_lighthearted_dutch_grand_prix_debrief_with_max/,1756856095,2025-09-02T23:34:55Z,2025-09-02,FALSE,False,posts.part001.csv
submission,1n6smcu,formula1,6097-Laserheart,4-time champ Verstappen: I might not win another,,4938,4938,0,701,0.97,:post-news: News,False,False,False,False,https://www.espn.com/f1/story/_/id/46135457/max-verstappen-accepts-not-win-fifth-f1-world-title,https://www.reddit.com/r/formula1/comments/1n6smcu/4time_champ_verstappen_i_might_not_win_another/,1756840349,2025-09-02T19:12:29Z,2025-09-02,FALSE,False,posts.part001.csv
submission,1n6p7db,formula1,elbarto1235,James Vowles remembers Franco Colapinto F1 debut ahead of 2025 Monza GP,,969,969,0,142,0.97,:post-social-media: Social Media,False,False,False,False,https://i.redd.it/2g2ldpmn9smf1.jpeg,https://www.reddit.com/r/formula1/comments/1n6p7db/james_vowles_remembers_franco_colapinto_f1_debut/,1756832719,2025-09-02T17:05:19Z,2025-09-02,FALSE,False,posts.part001.csv
submission,1n6mt4h,formula1,axios,McLaren Racing valued at more than $5 billion,"Hi all -- Herb here from the Axios audience team. Thought you'd like to read our mini-scoop on McLaren today. >McLaren Racing was valued at more than $5 billion in a recent stake sale, Axios has learned. **Why it matters:** This is an all-time record valuation for an F1 team, topping the $4.8 billion that Ferrari's F1 team nabbed last year. Expect an official announcement from McLearen later today, sans pricing.",1997,1997,0,155,0.97,:post-news: News,False,False,False,False,https://www.axios.com/2025/09/02/mclaren-racing-5-billion-ferrari-f1,https://www.reddit.com/r/formula1/comments/1n6mt4h/mclaren_racing_valued_at_more_than_5_billion/,1756827382,2025-09-02T15:36:22Z,2025-09-02,FALSE,False,posts.part001.csv
submission,1n6kg3v,formula1,Master_Jason,Aston Martin poster for the 2025 Italian Grand Prix,,590,590,0,18,0.98,:post-poster: Poster,False,False,False,False,https://i.redd.it/7360kyrbdrmf1.jpeg,https://www.reddit.com/r/formula1/comments/1n6kg3v/aston_martin_poster_for_the_2025_italian_grand/,1756822003,2025-09-02T14:06:43Z,2025-09-02,FALSE,False,posts.part001.csv
submission,1n6nalz,formula1,Mercedes-AMGF1,2025 Dutch GP Race Debrief - Mercedes-AMG F1,,59,59,0,6,0.85,:post-video: Video,False,False,False,False,https://www.youtube.com/watch?v=3hlj3kOinsM,https://www.reddit.com/r/formula1/comments/1n6nalz/2025_dutch_gp_race_debrief_mercedesamg_f1/,1756828501,2025-09-02T15:55:01Z,2025-09-02,FALSE,False,posts.part001.csv
submission,1n6ku34,formula1,sdq22,Dunne to drive for McLaren in Monza F1 practice,"""**The Republic of Ireland's Alex Dunne will get his second opportunity to drive for McLaren on a Formula 1 weekend in first practice at the Italian Grand Prix.** The Formula 2 title contender will drive the championship-leading MCL39 on Friday at Monza. The 19-year-old impressed as he finished in fourth place on his first F1 practice outing at the Austrian Grand Prix in June. By competing at the Red Bull Ring, Dunne became the first driver from Ireland to participate at a Formula 1 weekend in 22 years. The McLaren development driver will dovetail his McLaren commitments with the 11th round of the F2 championship in Italy. He is fifth in the standings with two victories, in Bahrain and Imola, and is 30 points behind leader Leonardo Fornaroli. Dunne said he was ""really excited"" to be back driving the MCL39 at Monza. ""My first one in Austria was an extremely special day for me so to do it again at Monza, a track which is so historic, is going to be put a big smile on my face. Hopefully I can build and improve upon what was a strong outing in Austria and help Lando and Oscar as much as possible going into the Grand Prix."" ~~As of now, Mclaren haven't said which car it will be for. Lando still has 1 rookie FP1 session remaining, Oscar has 2.~~ **Update: He'll be driving in Oscar's car**",722,722,0,93,0.98,:post-news: News,False,False,False,False,https://www.bbc.com/sport/formula1/articles/ckg4502v172o,https://www.reddit.com/r/formula1/comments/1n6ku34/dunne_to_drive_for_mclaren_in_monza_f1_practice/,1756822915,2025-09-02T14:21:55Z,2025-09-02,1756824137,False,posts.part001.csv
submission,1n6i3d2,formula1,RobbieJ4444,Let's look back at Vettel's penalty in the 2019 Canadian Grand Prix,"A bit of context for all you whippersnappers who joined F1 during the 2021 season. 2019 was built up as the year of Ferrari. All the preseason testing all pointed towards Ferrari being THE team to beat during the season. What we actually got was Mercedes being as dominant as they've ever been. Every race up to Canada has either been an easy Mercedes 1-2, or a race where Ferrari shot themselves in the foot (Bahrain and Canada). Yes new viewers, we were all making fun of Ferrari before 2022. The Canadian Grand Prix was one that many were enjoying during the race, mainly because as long as Vettel didn't suffer an engine blowout like Leclerc did in Bahrain, he would win the race. Unfortunately during the last ten laps or so, Vettel made an error. He went off the track, onto the grass, and rejoined the track in such a way that Hamilton had to brake in order to avoid a collision. This resulted in Vettel receiving a five second penalty. A penalty that resulted in Hamilton and Mercedes winning yet another race. At this point in the season, none of the races were won by a different constructor, and Canada was only the second race where P2 wasn't Bottas. I suspect this played a large hand in the massive backlash over the decision to give Vettel a penalty. Not just online, but the Sky F1 pundits, Channel 4 pundits, TV personalities, it was a wildly despised penalty. This led in turn to the FIA introducing a yellow card like system, where drivers were basically let off with a warning if they committed minor five second penalty offenses. This meant that certain driver on driver duels such as Verstappen v Leclerc at Austria and Hamilton v Leclerc in Italy resulted in the winner forcing a driver off the track and getting away with it, so the FIA quietly reverted back to the old way of doing it. Personally speaking, I believe the only way Vettel doesn't deserve a penalty is if you don't believe that Hamilton was allowed to take the standard racing line at standard racing speed whilst Vettel sorted himself out, and nowadays the backlash has softened massively. What do you think of the penalty? Are you still mad about it?",0,0,0,61,0.19,:post-discussion: Discussion,False,False,False,False,https://www.reddit.com/r/formula1/comments/1n6i3d2/lets_look_back_at_vettels_penalty_in_the_2019/,https://www.reddit.com/r/formula1/comments/1n6i3d2/lets_look_back_at_vettels_penalty_in_the_2019/,1756816041,2025-09-02T12:27:21Z,2025-09-02,FALSE,True,posts.part001.csv
submission,1n6eza4,formula1,Aratho,Alpine's poster for the Italian Grand Prix,,480,480,0,9,0.98,:post-poster: Poster,False,False,False,False,https://i.redd.it/43byr7i31qmf1.jpeg,https://www.reddit.com/r/formula1/comments/1n6eza4/alpines_poster_for_the_italian_grand_prix/,1756805643,2025-09-02T09:34:03Z,2025-09-02,FALSE,False,posts.part001.csv
submission,1n6eh2p,formula1,Realistic-Sky-2235,Replica of Alonso’s car at Singapore’s Changi Airport,,278,278,0,14,0.97,:post-photo: Photo,False,False,False,False,https://www.reddit.com/gallery/1n6eh2p,https://www.reddit.com/r/formula1/comments/1n6eh2p/replica_of_alonsos_car_at_singapores_changi/,1756803669,2025-09-02T09:01:09Z,2025-09-02,FALSE,False,posts.part001.csv
submission,1n6jdgo,formula1,The_Skynet,Onboard of Lewis Hamilton's double yellow flags infringement on the reconnaissance lap of the Dutch GP,,466,466,0,174,0.92,:post-video: Video,False,False,False,False,https://youtube.com/shorts/aeCNQvNOZ0A?si=vz4ePOo3oXli0rbq,https://www.reddit.com/r/formula1/comments/1n6jdgo/onboard_of_lewis_hamiltons_double_yellow_flags/,1756819445,2025-09-02T13:24:05Z,2025-09-02,FALSE,False,posts.part001.csv
submission,1n6hbjm,formula1,SkySports,Isack Hadjar's third place finish in Zandvoort saw him become the youngest Frenchman as well as the fifth youngest driver to stand on the podium in F1 history!,,2495,2495,0,91,0.99,:post-statistics: Statistics,False,False,False,False,https://i.redd.it/o2lzx9h4pqmf1.png,https://www.reddit.com/r/formula1/comments/1n6hbjm/isack_hadjars_third_place_finish_in_zandvoort_saw/,1756813736,2025-09-02T11:48:56Z,2025-09-02,FALSE,False,posts.part001.csv
submission,1n6gu6q,formula1,n0b0dycar3s07,"[F1] Imagine idolising someone through childhood, and then they drop this comment. @lewishamilton's comment was the cherry on top of an unforgettable weekend!",,13448,13448,0,202,0.98,:post-social-media: Social Media,False,False,False,False,https://i.redd.it/ms9zc0cokqmf1.jpeg,https://www.reddit.com/r/formula1/comments/1n6gu6q/f1_imagine_idolising_someone_through_childhood/,1756812211,2025-09-02T11:23:31Z,2025-09-02,FALSE,False,posts.part001.csv
submission,1n6f73m,formula1,dvbsh,Irishman Patrick Harding on life inside F1 as Alex Albon's performance coach,,95,95,0,13,0.9,:post-news: News,False,False,False,False,https://www.irishexaminer.com/news/spotlight/arid-41694191.html,https://www.reddit.com/r/formula1/comments/1n6f73m/irishman_patrick_harding_on_life_inside_f1_as/,1756806485,2025-09-02T09:48:05Z,2025-09-02,FALSE,False,posts.part001.csv
submission,1n6ezat,formula1,myg030993,'A lot of emotions are not that helpful’: Oscar Piastri on his F1 world title dream,,1801,1801,0,168,0.98,:post-news: News,False,False,False,False,https://www.theguardian.com/sport/2025/aug/29/a-lot-of-emotions-are-not-that-helpful-oscar-piastri-on-his-f1-world-title-dream,https://www.reddit.com/r/formula1/comments/1n6ezat/a_lot_of_emotions_are_not_that_helpful_oscar/,1756805645,2025-09-02T09:34:05Z,2025-09-02,FALSE,False,posts.part001.csv
submission,1n6e67j,formula1,InitialWorld7330,Midfield teams braking records in 2025 with 9 races to go,How far can midfield teams extend the records for 9th and 10th and can any other record be broken this year?,583,583,0,104,0.84,:post-statistics: Statistics,False,False,False,False,https://i.redd.it/lxomqwhuqpmf1.png,https://www.reddit.com/r/formula1/comments/1n6e67j/midfield_teams_braking_records_in_2025_with_9/,1756802473,2025-09-02T08:41:13Z,2025-09-02,FALSE,False,posts.part001.csv
submission,1n6e7fc,formula1,NorthKoreanMissile7,Is the switch to the V8 hybrid already a given?,,289,289,0,222,0.92,:post-news: News,False,False,False,False,https://www.auto-motor-und-sport.de/formel-1/f1-motoren-plaene-2030-v8-hybrid-motor/,https://www.reddit.com/r/formula1/comments/1n6e7fc/is_the_switch_to_the_v8_hybrid_already_a_given/,1756802609,2025-09-02T08:43:29Z,2025-09-02,FALSE,False,posts.part001.csv
submission,1n6e5qb,formula1,racingplaybook,[OC] Every Driver with a Grand Slam in F1 History,"With Oscar Piastri winning his first Grand Slam at the 2025 Dutch Grand Prix, here's a list of the exclusive club of drivers with at least 1 Grand Slam in their careers: 8x: Jim Clark 6x: Lewis Hamilton 5x: Alberto Ascari, Michael Schumacher, Max Verstappen 4x: Jackie Stewart, Ayrton Senna, Nigel Mansell, Sebastian Vettel 3x: Nelson Piquet 2x: Juan Manual Fangio, Jack Brabham, Mika Hakkinen, Nico Rosberg 1x: Mike Hawthorn, Stirling Moss, Jo Siffert, Jacky Ickx, Clay Regazzoni, Niki Lauda, Jacques Laffite, Gilles Villeneuve, Gerhard Berger, Damon Hill, Fernando Alonso, Charles Leclerc, Oscar Piastri",1861,1861,0,143,0.99,:post-statistics: Statistics,False,False,False,False,https://i.redd.it/x2nd0conqpmf1.png,https://www.reddit.com/r/formula1/comments/1n6e5qb/oc_every_driver_with_a_grand_slam_in_f1_history/,1756802419,2025-09-02T08:40:19Z,2025-09-02,FALSE,False,posts.part001.csv
submission,1n6e406,formula1,tnemomhurb,Oscar Piastri is now tied second for the most consecutive races finished.,,7683,7683,0,301,0.98,:post-statistics: Statistics,False,False,False,False,https://i.redd.it/4a4evanyqpmf1.jpeg,https://www.reddit.com/r/formula1/comments/1n6e406/oscar_piastri_is_now_tied_second_for_the_most/,1756802219,2025-09-02T08:36:59Z,2025-09-02,FALSE,False,posts.part001.csv
submission,1n6e3vq,formula1,kcollantine,Ferrari overruled Leclerc's call not to pit immediately before Antonelli collision,,1323,1323,0,83,0.98,:post-news: News,False,False,False,False,https://www.racefans.net/2025/09/01/ferrari-overruled-leclercs-call-not-to-pit-immediately-before-antonelli-collision/,https://www.reddit.com/r/formula1/comments/1n6e3vq/ferrari_overruled_leclercs_call_not_to_pit/,1756802207,2025-09-02T08:36:47Z,2025-09-02,FALSE,False,posts.part001.csv
submission,1n6bq6i,formula1,AutoModerator,Ask r/Formula1 Anything - Daily Discussion Thread,"# Welcome to the [r/formula1](https://www.reddit.com/r/formula1/) Daily Discussion / Q&A thread. This thread is a hub for general discussion and questions about Formula 1, that don't need threads of their own. Are you new to Formula 1? This is the place for you. Ever wondered why it's called a lollipop man? Why the cars don't refuel during pitstops? Or when Mika will be back from his sabbatical? Ask any question you might have here, and the community will answer. Also make sure you check out our [guide for new fans](https://www.reddit.com/r/formula1/wiki/newtof1), and our [FAQ for new fans](https://www.reddit.com/r/formula1/wiki/faq). Are you a veteran fan, longing for the days of lollipop men, refueling during pitstops, and Mika Häkkinen? This is the place to introduce new fans to your passion and knowledge of the sport. Remember to keep it civil and welcoming! Gatekeeping within the Daily Discussion will subject users to disciplinary action. Have a meta question about the subreddit? Please [direct these to the moderators](https://www.reddit.com/message/compose/?to=/r/formula1) instead.",16,16,0,86,0.84,:post-daily-discussion: Daily Discussion,False,False,False,False,https://www.reddit.com/r/formula1/comments/1n6bq6i/ask_rformula1_anything_daily_discussion_thread/,https://www.reddit.com/r/formula1/comments/1n6bq6i/ask_rformula1_anything_daily_discussion_thread/,1756792865,2025-09-02T06:01:05Z,2025-09-02,FALSE,True,posts.part001.csv
submission,1n6agpe,formula1,AlfredF1,Alonso was asked to swap places with Stroll in the final laps,,280,280,0,80,0.91,:post-video: Video,False,False,False,False,https://youtube.com/shorts/9KFJgKVHkz8,https://www.reddit.com/r/formula1/comments/1n6agpe/alonso_was_asked_to_swap_places_with_stroll_in/,1756788332,2025-09-02T04:45:32Z,2025-09-02,FALSE,False,posts.part001.csv
submission,1n616s1,formula1,_cuddly_cactus_,[8 News Now] Family files lawsuit after man dies while building Las Vegas F1 stands,">The employee was cutting notches in aluminum deck planking to be fitted around columns on the lower level of \[the\] structure,” according to an OSHA investigation summary. “According to witnesses, the saw kicked back, struck the column, then struck the employee in the neck, causing a severe laceration to his neck. The employee died as a result of his injury.",642,642,0,48,0.95,:post-news: News,True,False,False,False,https://www.8newsnow.com/news/local-news/family-files-lawsuit-after-man-dies-while-building-las-vegas-f1-stands/,https://www.reddit.com/r/formula1/comments/1n616s1/8_news_now_family_files_lawsuit_after_man_dies/,1756761768,2025-09-01T21:22:48Z,2025-09-01,FALSE,False,posts.part001.csv
submission,1n5zg34,formula1,MoebiusStreet,First race in history with 7 distinct teams in top 7 finish slots,"As far as I can find, the top 7 finishers has never included 7 different teams before: * 1 Oscar Piastri McLaren * 2 Max Verstappen Red Bull Racing * 3 Isack Hadjar Racing Bulls * 4 George Russell Mercedes * 5 Alexander Albon Williams * 6 Oliver Bearman Haas * 7 Lance Stroll Aston Martin The closest I can find is 2012 Canada, which had 6 different teams in the top 6 slots: * 1 Lewis Hamilton McLaren-Mercedes * 2 Romain Grosjean Lotus-Renault * 3 Sergio Pérez Sauber-Ferrari * 4 Sebastian Vettel Red Bull-Renault * 5 Fernando Alonso Ferrari * 6 Nico Rosberg Mercedes It's remarkable how competitive things are these days in the big picture.",187,187,0,14,0.83,":post-moderator-comment: Incorrect, see comments",False,False,False,False,https://www.reddit.com/r/formula1/comments/1n5zg34/first_race_in_history_with_7_distinct_teams_in/,https://www.reddit.com/r/formula1/comments/1n5zg34/first_race_in_history_with_7_distinct_teams_in/,1756757722,2025-09-01T20:15:22Z,2025-09-01,FALSE,True,posts.part001.csv
submission,1n5yyg3,formula1,NeverSawOz,Max Verstappen and Sergio Perez are now equal in amount of point-scoring races,,903,903,0,67,0.98,:post-statistics: Statistics,False,False,False,False,https://i.redd.it/upckqle4zlmf1.png,https://www.reddit.com/r/formula1/comments/1n5yyg3/max_verstappen_and_sergio_perez_are_now_equal_in/,1756756560,2025-09-01T19:56:00Z,2025-09-01,FALSE,False,posts.part001.csv
submission,1n5yob9,formula1,FormulaOneDashboard,Will Monza’s track record fall this weekend?,That’s now 8/15 (53%) track records beaten this season — showing how well teams have refined the current tech at the end of this era.,69,69,0,17,0.89,:post-statistics: Statistics,False,False,False,False,https://i.redd.it/nvpbool5xlmf1.png,https://www.reddit.com/r/formula1/comments/1n5yob9/will_monzas_track_record_fall_this_weekend/,1756755888,2025-09-01T19:44:48Z,2025-09-01,FALSE,False,posts.part001.csv
submission,1n67k7a,formula1,CanonNi,Radio Rewind | 2025 Dutch Grand Prix,,80,80,0,16,0.91,:post-video: Video,False,False,False,False,https://youtube.com/watch?v=4nVqelrPDWc&si=_-cb27WVWcUyFSjz,https://www.reddit.com/r/formula1/comments/1n67k7a/radio_rewind_2025_dutch_grand_prix/,1756779223,2025-09-02T02:13:43Z,2025-09-02,FALSE,False,posts.part001.csv
submission,1n65u5r,formula1,anthn885,The moment Isack Hadjar claimed his first F1 podium at the Dutch GP,,125,125,0,3,0.92,:post-video: Video,False,False,False,False,https://streamain.com/RazuhiF8JZcIOy3/watch,https://www.reddit.com/r/formula1/comments/1n65u5r/the_moment_isack_hadjar_claimed_his_first_f1/,1756774218,2025-09-02T00:50:18Z,2025-09-02,FALSE,False,posts.part001.csv
submission,1n61w5a,formula1,Rentta,McLaren says Norris failure was its fault not Mercedes,,3176,3176,0,153,0.98,:post-news: News,False,False,False,False,https://www.the-race.com/formula-1/mclaren-says-norris-failure-was-its-fault-not-mercedes/,https://www.reddit.com/r/formula1/comments/1n61w5a/mclaren_says_norris_failure_was_its_fault_not/,1756763515,2025-09-01T21:51:55Z,2025-09-01,FALSE,False,posts.part001.csv
submission,1n5zyf0,formula1,Accurate-Big-7233,“Out of my control” - Norris gives verdict on frustrating Dutch Grand Prix retirement,,207,207,0,169,0.88,:post-news: News,False,False,False,False,https://www.formula1.com/en/latest/article/out-of-my-control-norris-gives-verdict-on-frustrating-dutch-grand-prix.1UD0eAO5iz8fr9c5S48K8v,https://www.reddit.com/r/formula1/comments/1n5zyf0/out_of_my_control_norris_gives_verdict_on/,1756758902,2025-09-01T20:35:02Z,2025-09-01,FALSE,False,posts.part001.csv
submission,1n5xurv,formula1,memloh,Liam Lawson: “I was naive to think that I would be given the time to adapt” at Red Bull,,3932,3932,0,406,0.97,:post-news: News,False,False,False,False,https://www.motorsport.com/f1/news/liam-lawson-i-was-naive-to-think-that-i-would-be-given-the-time-to-adapt-at-red-bull/10755553/,https://www.reddit.com/r/formula1/comments/1n5xurv/liam_lawson_i_was_naive_to_think_that_i_would_be/,1756754017,2025-09-01T19:13:37Z,2025-09-01,FALSE,False,posts.part001.csv
submission,1n5wwsc,formula1,l3w1s1234,Herta switching to F1 ladder would be a terrible mistake,,52,52,0,106,0.63,:post-news: News,False,False,False,False,https://www.the-race.com/formula-1/colton-herta-formula-2-f1-ladder-terrible-mistake/,https://www.reddit.com/r/formula1/comments/1n5wwsc/herta_switching_to_f1_ladder_would_be_a_terrible/,1756751928,2025-09-01T18:38:48Z,2025-09-01,FALSE,False,posts.part001.csv
submission,1n5votl,formula1,DubiousLLM,[Scuderia Ferrari] New Look. Monza Edition,,223,223,0,68,0.9,:post-social-media: Social Media,False,False,False,False,https://imgur.com/a/oJvtCpd/,https://www.reddit.com/r/formula1/comments/1n5votl/scuderia_ferrari_new_look_monza_edition/,1756749236,2025-09-01T17:53:56Z,2025-09-01,FALSE,False,posts.part001.csv
submission,1n5vgx9,formula1,Odd-Peach-Six,Zandvoort 2025 gave us the first F1 podium featuring two drivers born in the 2000s,"Photo credit: Alamy / Motorsport Images Stats nugget: The 2025 Dutch GP delivered what appears to be the first F1 podium with two drivers born in the 2000s—Oscar Piastri (2001) won and Isack Hadjar (2004) took P3. The closest we got before this was Canada 2025, when Antonelli grabbed his maiden podium but Piastri just missed out in P4. This time it finally lined up.",5352,5352,0,68,0.99,:post-statistics: Statistics,False,False,False,False,https://c8.alamy.com/comp/3CH57T8/zandvoort-oscar-piastri-mclaren-and-isack-hadjar-racing-bulls-on-the-podium-after-the-dutch-f1-grand-prix-at-the-zandvoort-circuit-anp-sem-van-der-wal-3CH57T8.jpg,https://www.reddit.com/r/formula1/comments/1n5vgx9/zandvoort_2025_gave_us_the_first_f1_podium/,1756748733,2025-09-01T17:45:33Z,2025-09-01,FALSE,False,posts.part001.csv
submission,1n5trk2,formula1,zeeee_11,My Experience with Disabilities at the Dutch Grand Prix – Accessibility in F1 Needs Serious Attention,"Hi all, I wanted to share my experience attending the 2025 Dutch Grand Prix as someone living with Crohn’s disease and rheumatoid arthritis, in the hope it raises awareness around how inaccessible F1 events can be for fans with disabilities. This was my first Grand Prix, and I was so excited to finally go. I’d booked the F1 Experiences Live Pit Straight package (not exactly a budget ticket) and reached out months in advance to explain my needs – mainly urgent toilet access and limited mobility when walking fast or through crowds. I made it really clear that I carry a ""Can’t Wait"" card due to my Crohn’s and need bathroom access urgently at times. Here’s how it went: Thursday – Track Experience Day: No seating in the main areas during waiting times for the pit walk or guest appearances. I had to stand for hours, which caused joint pain. No visible bathrooms near the food trucks, so I avoided eating altogether in case I needed the toilet quickly. The pit lane walk was late in the day, and most garages were closing down due to curfew – it felt like others who went earlier got a more engaging experience. Friday–Sunday – Race Days: My grandstand seat (Row 2, Seat 134 on the Pit Straight Grandstand) was not near the extra care court, despite requests. I had to walk through heavy crowds to reach it – not ideal when you physically can’t move fast or stand comfortably. On Saturday, I had an arthritis flare-up and couldn’t make it back to my seat. I spent most of the day in the care court instead. The extra care court staff were amazing – they offered me a chair and even helped with ice for my knee. But I missed out on watching most of the race from my actual seat because it was just too far from the bathroom. The bigger issue: It honestly feels like basic accessibility at F1 events is tied to VIP ticket levels. If you want decent toilet access, seating support, or less walking, you have to spend thousands. That’s not right. Accessible event planning shouldn’t be treated as a luxury add-on. I paid over £1,400 for my ticket and still ended up spending half the weekend worrying about whether I could reach a toilet in time. As a fan, a content creator, and someone living with chronic illness, I want to enjoy the sport I love without feeling like I don’t belong at the track. And I know I’m not the only one. Final thoughts: F1 needs to do better. Accessibility shouldn't depend on how much you can afford. I’d love to see: Clearly marked accessible toilets and seating near all grandstands. Disability support staff onsite for guidance. More flexibility in seating assignments for those who request help in advance. Actual disability liaison contacts for fans planning to attend. I’ll be sharing more content about my experience to raise awareness, but I wanted to start here. If you’ve had a similar experience or know of other venues doing accessibility well, I’d love to hear about it. Thanks for reading – feel free to share or comment if you think this is a conversation F1 needs to keep having. Zara Edit: when I say private bathrooms I mean a disabled bathroom I am also not asking for anything I am just raising awareness for other disabled guest who want to go to a F1 Grand Prix",977,977,0,192,0.78,:post-discussion: Discussion,False,False,False,True,https://www.reddit.com/r/formula1/comments/1n5trk2/my_experience_with_disabilities_at_the_dutch/,https://www.reddit.com/r/formula1/comments/1n5trk2/my_experience_with_disabilities_at_the_dutch/,1756745008,2025-09-01T16:43:28Z,2025-09-01,1756754975,True,posts.part001.csv
submission,1n5t085,formula1,Jamiesavel,"From heartbreak before he could even see the starting lights at his F1 debut, to the podium just 14 rounds later for Isack Hadjar",,6395,6395,0,82,0.99,:post-video: Video,False,False,False,False,https://i.redd.it/77lgoalrvkmf1.gif,https://www.reddit.com/r/formula1/comments/1n5t085/from_heartbreak_before_he_could_even_see_the/,1756743311,2025-09-01T16:15:11Z,2025-09-01,FALSE,False,posts.part001.csv
submission,1n5rtwv,formula1,bi-nerds,Championship Standings and Eliminations- Dutch GP,"**WDC:** 10 more drivers were mathematically eliminated from contention - even if they win every remaining race they cannot score more points that Piastri currently has. The soonest Piastri can clinch is COTA, if Norris scores 0 points and Verstappen scores less than 71 in the next 4 races. If Piastri were to win every GP, he would clinch in Vegas no matter what Norris does (even if Norris were to win the COTA and Brazil sprints, and Piastri scored 0 in them). If Piastri were to win every race (GP and Sprint), he would clinch in Brazil provided Norris finishes 3rd in at least two races or 4th or below in at least one race. **WCC:** there were no eliminations in the constructor's championship this race, with half the field being eliminated last time out in Hungary. Even with Norris' DNF, McLaren can still break 1000 points, and owing to Ferrari's double DNF, they continue with more than double the points of 2nd place. The soonest McLaren can clinch is still Baku, which they will be guaranteed to do with either 2 1-2's or a 1-2 and a 1-3 in Monza and Baku. As Baku is the 17th round, they would clinch 70.83% of the way through the season, which would be the 6th fastest ever, behind 1961 Ferrari, 1988 McLaren, 1960 Cooper, and 1963 and 65 Lotus; and ahead of teams like 2004 Ferrari and 2023 Red Bull.",595,595,0,63,0.99,:post-statistics: Statistics,False,False,False,False,https://www.reddit.com/gallery/1n5rtwv,https://www.reddit.com/r/formula1/comments/1n5rtwv/championship_standings_and_eliminations_dutch_gp/,1756740676,2025-09-01T15:31:16Z,2025-09-01,FALSE,False,posts.part001.csv
submission,1n5qy50,formula1,Money_Temporary,"[williamsracing] On this day in 2024, Franco stepped into the FW46 for his Formula 1 debut in Monza, finishing P12",,419,419,0,30,0.94,:post-social-media: Social Media,False,False,False,False,https://i.redd.it/7y4rn4h0ikmf1.jpeg,https://www.reddit.com/r/formula1/comments/1n5qy50/williamsracing_on_this_day_in_2024_franco_stepped/,1756738673,2025-09-01T14:57:53Z,2025-09-01,FALSE,False,posts.part001.csv
submission,1n5s806,formula1,Aratho,"Fernando Alonso ""angry at the world, us, and everybody"" after F1 Dutch GP - Mike Krack",,2379,2379,0,227,0.98,:post-news: News,False,False,False,False,https://www.motorsport.com/f1/news/fernando-alonso-angry-at-the-world-us-and-everybody-after-f1-dutch-gp-mike-krack/10755540/,https://www.reddit.com/r/formula1/comments/1n5s806/fernando_alonso_angry_at_the_world_us_and/,1756741582,2025-09-01T15:46:22Z,2025-09-01,FALSE,False,posts.part001.csv
submission,1n5rq49,formula1,Aratho,"[Thomas Maher] Isack Hadjar's broken third-place trophy is set to either be repaired or a replica issued, hopefully within the coming days, with the manufacturer in contact with Racing Bulls about the preferred option.",,1036,1036,0,41,0.98,:post-news: News,False,False,False,False,https://bsky.app/profile/thomasmaheronf1.bsky.social/post/3lxqymv6bes23,https://www.reddit.com/r/formula1/comments/1n5rq49/thomas_maher_isack_hadjars_broken_thirdplace/,1756740432,2025-09-01T15:27:12Z,2025-09-01,FALSE,False,posts.part001.csv
submission,1n5rl4t,formula1,memloh,How a bizarre glitch ruined Yuki Tsunoda’s Dutch GP,,257,257,0,81,0.84,:post-news: News,False,False,False,False,https://www.motorsport.com/f1/news/bizarre-glitch-ruined-yuki-tsunoda-dutch-gp/10755512/,https://www.reddit.com/r/formula1/comments/1n5rl4t/how_a_bizarre_glitch_ruined_yuki_tsunodas_dutch_gp/,1756740118,2025-09-01T15:21:58Z,2025-09-01,FALSE,False,posts.part001.csv
submission,1n5r7mw,formula1,downrightlazy,Painting of Charles :(,,20170,20170,0,236,0.98,:post-photo: Photo,False,False,False,False,https://i.redd.it/vmv8ucdrjkmf1.jpeg,https://www.reddit.com/r/formula1/comments/1n5r7mw/painting_of_charles/,1756739263,2025-09-01T15:07:43Z,2025-09-01,FALSE,False,posts.part001.csv
submission,1n5r6di,formula1,Njobz,"If Piastri wins the F1 title he’ll be the first ever driver to have F3, F2 and F1 titles and that’s including older drivers who raced in gp series too","If Piastri wins he will make a remarkable achievement in having F1, F2 and F3 titles and being the first to do so. It’s unfortunate what happened to Norris since he drove well but Piastri has everything to become Champion. An Abu Dhabi fight would be nice but I also don’t want a Piastri DNF to happen.",7369,7369,0,215,0.96,:post-statistics: Statistics,False,False,False,False,https://i.redd.it/nrvl6zgmhkmf1.jpeg,https://www.reddit.com/r/formula1/comments/1n5r6di/if_piastri_wins_the_f1_title_hell_be_the_first/,1756739183,2025-09-01T15:06:23Z,2025-09-01,FALSE,False,posts.part001.csv
submission,1n5r0y0,formula1,20k-games,Just did a thing with my dad,,1621,1621,0,61,0.98,:post-statistics: Statistics,False,False,False,False,https://i.redd.it/8vcrfo7jikmf1.jpeg,https://www.reddit.com/r/formula1/comments/1n5r0y0/just_did_a_thing_with_my_dad/,1756738849,2025-09-01T15:00:49Z,2025-09-01,FALSE,False,posts.part001.csv
submission,1n5q2e3,formula1,mango-yoyo,5 Winners and 5 Losers from the Netherlands,,26,26,0,23,0.76,:post-news: News,False,False,False,False,https://www.formula1.com/en/latest/article/5-winners-and-5-losers-from-the-netherlands-who-started-the-second-half-of.5ZdQEUlqAluM1aCDaKM52i,https://www.reddit.com/r/formula1/comments/1n5q2e3/5_winners_and_5_losers_from_the_netherlands/,1756736611,2025-09-01T14:23:31Z,2025-09-01,FALSE,False,posts.part001.csv
submission,1n5phkx,formula1,eszgbr,Alternate F1 Seasons - 1950's style,"During the summer I had some fun creating the alternate versions of past F1 seasons, in the style of the 1950's. I'm bothered by the fact that, we cannot really compare old and modern seasons because of the ever groving calendar and changing point scoring systems. So I went back to the basics and applied the '50s scoring system to every season from 1950 to 2024. Only the first five placed drivers got points (8-6-4-3-2), and 1 point was awarded for the fastest lap. I've only counted the Grands Prix, that were already held in the '50s: the British, Belgian, Dutch, German, Italian, Spanish, Portuguese, Monaco, French, Argentine GPs and one race held in the US, primarily the one styled as the US GP. (The 1982 Swiss GP was discounted, as it was held in France.) Therefore the calendars became 6-10 races long, and only the best 4-6 placings counted in the championship (best 4 of 6, best 5 of 7/8/9 and best 6 of 10 races). For the constructors championship the extra points for fastest laps were not taken into account. The seasons form 1950 to 1959 were left unchanged. I think I've managed to somewhat level the field between the great drivers of the 50's and 60's, who had much less opportunity to show their talent and the later generations. Obviously there are drivers, who were done dirty by this system and some got lucky. You can see the list of world champions and GP winners: https://preview.redd.it/nq9z5o1i7kmf1.jpg?width=427&format=pjpg&auto=webp&s=4f43dd71e7c401410e2273acc4e20df7ff7f69e0 https://preview.redd.it/dla664gl7kmf1.jpg?width=510&format=pjpg&auto=webp&s=731e01fc9b017069648bf7526f623a15c7f67d13 https://preview.redd.it/ke05e15m7kmf1.jpg?width=1087&format=pjpg&auto=webp&s=9e4904db3c9a9401b9a507f205a6b1111188c26e https://preview.redd.it/tygx5mpm7kmf1.jpg?width=388&format=pjpg&auto=webp&s=007a717cd3ed029f09d2d62ccaf33e6da0155e83",8,8,0,17,0.64,:post-off-topic: Off-Topic,False,False,False,False,https://www.reddit.com/r/formula1/comments/1n5phkx/alternate_f1_seasons_1950s_style/,https://www.reddit.com/r/formula1/comments/1n5phkx/alternate_f1_seasons_1950s_style/,1756735254,2025-09-01T14:00:54Z,2025-09-01,FALSE,True,posts.part001.csv
submission,1n5o6oa,formula1,randomseocb,2025 Dutch Grand Prix Race Pace up to Lap 65 [from FDataAnalysis],,98,98,0,30,0.91,:post-statistics: Statistics,False,False,False,False,https://i.redd.it/4ss1bprmxjmf1.jpeg,https://www.reddit.com/r/formula1/comments/1n5o6oa/2025_dutch_grand_prix_race_pace_up_to_lap_65_from/,1756731955,2025-09-01T13:05:55Z,2025-09-01,FALSE,False,posts.part001.csv
submission,1n5nxwa,formula1,G30RG3D,No one talking about the coin flip of next season,I feel like not enough people are talking about the sheer amount of change that is going to occur in the 2026 season. It could be an absolute master piece of a season or it could be total chaos. - new engine regulations - new power unit supplier (RBPT) - 11th team added (Cadillac) - new works team (Audi) - new circuit (Spain) - change in power unit supplier ( Aston and Alpine) I mean wow! I’m excited to see how things turn out!,0,0,0,48,0.43,:post-discussion: Discussion,False,False,False,False,https://www.reddit.com/r/formula1/comments/1n5nxwa/no_one_talking_about_the_coin_flip_of_next_season/,https://www.reddit.com/r/formula1/comments/1n5nxwa/no_one_talking_about_the_coin_flip_of_next_season/,1756731330,2025-09-01T12:55:30Z,2025-09-01,FALSE,True,posts.part001.csv
submission,1n5mw80,formula1,Meaisk,"OTD 1 year ago, Kevin Magnussen got a race suspension. Due to this incident, he received his last 2 penalty points to reach 12 out of 12 points, warranting an automatic suspension",This was the first case of a race suspension after the system was introduced in 2014.,269,269,0,29,0.93,:post-throwback: Throwback,False,False,False,False,https://i.redd.it/ranyygszljmf1.gif,https://www.reddit.com/r/formula1/comments/1n5mw80/otd_1_year_ago_kevin_magnussen_got_a_race/,1756728334,2025-09-01T12:05:34Z,2025-09-01,FALSE,False,posts.part001.csv
submission,1n5lx6w,formula1,Unique-Reception-115,Charles opening lap overtake on Russell(not shown during the race),,288,288,0,24,0.95,:post-video: Video,False,False,False,False,https://streamain.com/gU3mMNqilEPQLVn/watch,https://www.reddit.com/r/formula1/comments/1n5lx6w/charles_opening_lap_overtake_on_russellnot_shown/,1756725222,2025-09-01T11:13:42Z,2025-09-01,FALSE,False,posts.part001.csv
submission,1n5mrjh,formula1,Aratho,"Wolff backs Antonelli after Leclerc clash: ""We want him to go for moves""",,770,770,0,123,0.96,:post-news: News,False,False,False,False,https://www.motorsport.com/f1/news/wolff-backs-antonelli-after-leclerc-clash-we-want-him-to-go-for-moves/10755439/,https://www.reddit.com/r/formula1/comments/1n5mrjh/wolff_backs_antonelli_after_leclerc_clash_we_want/,1756727972,2025-09-01T11:59:32Z,2025-09-01,FALSE,False,posts.part001.csv
submission,1n5lw50,formula1,AutoModerator,2025 Dutch GP - Day After Debrief,"Welcome to the Day after Debrief discussion thread! Now that the dust has settled in Zandvoort, it's time to calmly discuss the events of the last race weekend. Hopefully, this will foster more detailed and thoughtful discussion than the immediate post race thread now that people have had some time to digest and analyse the results. Low effort comments, such as memes, jokes, and complaints about broadcasters will not be deleted since I do not have that power, but I will be very disappointed with you. We also discourage superficial comments that contain no analysis or reasoning in this thread (e.g., 'Great race from X!', 'Another terrible weekend for Y!'). Thanks!",61,61,0,281,0.91,:post-post-session: Day after Debrief,False,False,False,False,https://www.reddit.com/r/formula1/comments/1n5lw50/2025_dutch_gp_day_after_debrief/,https://www.reddit.com/r/formula1/comments/1n5lw50/2025_dutch_gp_day_after_debrief/,1756725124,2025-09-01T11:12:04Z,2025-09-01,FALSE,True,posts.part001.csv
submission,1n5lvm5,formula1,anthn885,Moment as drivers congratulate Isack Hadjar| DutchGP,,232,232,0,21,0.97,:post-video: Video,False,False,False,False,https://streamain.com/ef9YLfLJaL6PqfX/watch,https://www.reddit.com/r/formula1/comments/1n5lvm5/moment_as_drivers_congratulate_isack_hadjar/,1756725073,2025-09-01T11:11:13Z,2025-09-01,FALSE,False,posts.part001.csv
submission,1n5liiu,formula1,kcollantine,"Did Leclerc pass Russell off the track? The stewards say 'yes', then 'maybe not'",,767,767,0,236,0.96,:post-news: News,False,False,False,False,https://www.racefans.net/2025/08/31/did-leclerc-pass-russell-off-the-track-the-stewards-say-yes-then-maybe-not/,https://www.reddit.com/r/formula1/comments/1n5liiu/did_leclerc_pass_russell_off_the_track_the/,1756723864,2025-09-01T10:51:04Z,2025-09-01,FALSE,False,posts.part001.csv
submission,1n5e8gz,formula1,SirFireHydrant,How Oscar's lead over Lando has evolved throughout the season,,191,191,0,42,0.92,:post-statistics: Statistics,False,False,False,False,https://i.redd.it/t783w9t44hmf1.png,https://www.reddit.com/r/formula1/comments/1n5e8gz/how_oscars_lead_over_lando_has_evolved_throughout/,1756697707,2025-09-01T03:35:07Z,2025-09-01,FALSE,False,posts.part001.csv
submission,1n57z8w,formula1,skarmory_oshiku,"After the Dutch Grand Prix,Alex Albon and Kimi Antonelli are tied on points",,86,86,0,12,0.88,:post-statistics: Statistics,False,False,False,False,https://i.redd.it/tdmfd5g5lfmf1.jpeg,https://www.reddit.com/r/formula1/comments/1n57z8w/after_the_dutch_grand_prixalex_albon_and_kimi/,1756679194,2025-08-31T22:26:34Z,2025-08-31,FALSE,False,posts.part001.csv
submission,1n5bqqh,formula1,succcsucccsuccc,Racing rules of engagement need to change.,"I’m sure I’m not the only one sick of seeing drivers penalised for trying to actually race each other, the penalty handed down to Carlos in particular outlined for me, one of the main issues with F1. These rules of engagement are not conducive for actual racing. A driver can simply be ahead at the apex, know they have right of way, meaning they can just drive to the outside of the corner knowing they cannot be challenged, or if an accident occurs knowing they will not be at fault. We need cars to go side by side to overtake, it’s just a fact. If a car can hold the outside line, for almost the entire corner, and be almost in line or at least half way up to the car alongside it, the inside driver should be required to leave one cars width in the exit. The current rules allow two cars in to a corner, but only one to come out. If two go in, two should come out. We are losing classic battles and excitement in the sport. Would really love to see something changed. Rant over!",34,34,0,48,0.67,:post-discussion: Discussion,False,False,False,False,https://www.reddit.com/r/formula1/comments/1n5bqqh/racing_rules_of_engagement_need_to_change/,https://www.reddit.com/r/formula1/comments/1n5bqqh/racing_rules_of_engagement_need_to_change/,1756690016,2025-09-01T01:26:56Z,2025-09-01,FALSE,True,posts.part001.csv
submission,1n5hm7w,formula1,crl1985,Updated hypothetical European Championship standings after Zandvoort,"https://preview.redd.it/8ntzwmeb1imf1.png?width=1367&format=png&auto=webp&s=5c0f457bcbe7d04c71c0c2a5c86057dc0c79d4a3 https://preview.redd.it/8ixnbype1imf1.png?width=1364&format=png&auto=webp&s=ec79e8bd1ff10cb670232b1c28898b9786ceb600 Continuing on from [this thread](https://www.reddit.com/r/formula1/comments/1n197mv/what_if_f1_had_geographical_championships_in/) that I posted last week, here are the updated tables for the hypothetical 2025 F1 European Championship. In the Drivers' table, there was a lot of movement in the Top 10. Oscar took over the lead from Lando, Max is now in third, and George is now in fifth. Isack's podium allowed him to go from 11th to eighth, and Lance got closer to the Top 10 with another 7th place finish. Meanwhile, a haul of eight points for Ollie saw him hit double digits. In the Constructors' table, Racing Bulls, Williams, and Aston Martin all leapfrogged Sauber, while Haas was able to get out of the basement, and lock Alpine in.",5,5,0,1,0.59,:post-discussion: Discussion,False,False,False,False,https://www.reddit.com/r/formula1/comments/1n5hm7w/updated_hypothetical_european_championship/,https://www.reddit.com/r/formula1/comments/1n5hm7w/updated_hypothetical_european_championship/,1756709203,2025-09-01T06:46:43Z,2025-09-01,FALSE,True,posts.part001.csv
submission,1n5kxyu,formula1,Tin_OSpam,McLaren F1 arm valued at over £3bn in stake sale,,218,218,0,35,0.92,:post-news: News,False,False,False,False,https://news.sky.com/story/mclaren-f1-arm-valued-at-over-3bn-in-stake-sale-13422859,https://www.reddit.com/r/formula1/comments/1n5kxyu/mclaren_f1_arm_valued_at_over_3bn_in_stake_sale/,1756721798,2025-09-01T10:16:38Z,2025-09-01,FALSE,False,posts.part001.csv
submission,1n5krbg,formula1,Medium_Welder_1898,Why Sainz's Penalty In Zandvoort Is A Complete Joke,Video by: Yelistener (THE GOAT!!),210,210,0,214,0.68,:post-video: Video,False,False,False,False,https://youtu.be/9M7ULjxt-20?si=QsHNH2rraeDwGYBG,https://www.reddit.com/r/formula1/comments/1n5krbg/why_sainzs_penalty_in_zandvoort_is_a_complete_joke/,1756721138,2025-09-01T10:05:38Z,2025-09-01,FALSE,False,posts.part001.csv
submission,1n5k4wi,formula1,Joseki100,Former F1 driver Tarso Marques arrested in Brazil for alleged illegal possession of luxury car,,62,62,0,12,0.87,:post-news: News,False,False,False,False,https://apnews.com/article/brazil-tarso-marques-arrest-car-c00e43e788d6a260f3924b73220255ba,https://www.reddit.com/r/formula1/comments/1n5k4wi/former_f1_driver_tarso_marques_arrested_in_brazil/,1756718820,2025-09-01T09:27:00Z,2025-09-01,FALSE,False,posts.part001.csv
submission,1n5jxvo,formula1,RLLukeYT,Gaps Between Teammates At The End Of The 2025 Dutch GP,,108,108,0,72,0.93,:post-statistics: Statistics,False,False,False,False,https://i.redd.it/mw9a5brrsimf1.jpeg,https://www.reddit.com/r/formula1/comments/1n5jxvo/gaps_between_teammates_at_the_end_of_the_2025/,1756718078,2025-09-01T09:14:38Z,2025-09-01,FALSE,False,posts.part001.csv
submission,1n5iqc6,formula1,Yottaphy,"Drivers' and Constructors' Standings - Round 15, Netherlands",,120,120,0,14,0.97,:post-statistics: Statistics,False,False,False,False,https://i.redd.it/0psnp7vreimf1.png,https://www.reddit.com/r/formula1/comments/1n5iqc6/drivers_and_constructors_standings_round_15/,1756713373,2025-09-01T07:56:13Z,2025-09-01,FALSE,False,posts.part001.csv
submission,1n5icdn,formula1,FewCollar227,Happy 31st Birthday to Carlos Sainz Vázquez de Castro Cenamor Rincón Rebollo Birto Moreno de Aranda de Anteruriaga Tiapera Deltún,,2152,2152,0,102,0.98,:post-photo: Photo,False,False,False,False,https://www.reddit.com/gallery/1n5icdn,https://www.reddit.com/r/formula1/comments/1n5icdn/happy_31st_birthday_to_carlos_sainz_vázquez_de/,1756711886,2025-09-01T07:31:26Z,2025-09-01,FALSE,False,posts.part001.csv
submission,1n5c5st,formula1,kpopsns28,"[Isack Hadjar via IG] Happy me with half a trophy ! Surreal day, thank you @visacashapprb",[https://www.instagram.com/p/DOCDA22jLLs/](https://www.instagram.com/p/DOCDA22jLLs/),311,311,0,8,0.98,:post-social-media: Social Media,False,False,False,False,https://www.reddit.com/gallery/1n5c5st,https://www.reddit.com/r/formula1/comments/1n5c5st/isack_hadjar_via_ig_happy_me_with_half_a_trophy/,1756691296,2025-09-01T01:48:16Z,2025-09-01,FALSE,False,posts.part001.csv
submission,1n5c4tn,formula1,kpopsns28,"[Max Verstappen via IG] Thank you Zandvoort. The whole weekend has been incredible with so much orange support, thank you all. @isackhadjar, congrats on your first F1 podium",[https://www.instagram.com/p/DOBwqwliCxT/](https://www.instagram.com/p/DOBwqwliCxT/),232,232,0,0,0.94,:post-social-media: Social Media,False,False,False,False,https://www.reddit.com/gallery/1n5c4tn,https://www.reddit.com/r/formula1/comments/1n5c4tn/max_verstappen_via_ig_thank_you_zandvoort_the/,1756691211,2025-09-01T01:46:51Z,2025-09-01,FALSE,False,posts.part001.csv
submission,1n5kfzr,formula1,Joseki100,[Marshall Pruett on Twitter] The much rumored news of Colton Herta racing in F2 next year is expected to be officially confirmed tomorrow,,279,279,0,99,0.95,:post-video: Video,False,False,False,False,https://streamain.com/en/gbbLg894pYuaRz6/watch,https://www.reddit.com/r/formula1/comments/1n5kfzr/marshall_pruett_on_twitter_the_much_rumored_news/,1756720006,2025-09-01T09:46:46Z,2025-09-01,FALSE,False,posts.part001.csv
submission,1n5k2bj,formula1,Aratho,"Racing Bulls accuse Sainz of costing Lawson fifth place by ""crashing into him""",,2223,2223,0,381,0.96,:post-news: News,False,False,False,False,https://www.racefans.net/2025/09/01/racing-bulls-accuse-sainz-of-costing-lawson-fifth-place-by-crashing-into-him/,https://www.reddit.com/r/formula1/comments/1n5k2bj/racing_bulls_accuse_sainz_of_costing_lawson_fifth/,1756718539,2025-09-01T09:22:19Z,2025-09-01,FALSE,False,posts.part001.csv
submission,1n5ieqy,formula1,XsStreamMonsterX,[The Drive]Jonathan Wheatley Interview,,69,69,0,19,0.92,:post-news: News,False,False,False,False,https://www.thedrive.com/news/jonathan-wheatley-interview-path-to-audi-f1-team-principal,https://www.reddit.com/r/formula1/comments/1n5ieqy/the_drivejonathan_wheatley_interview/,1756712147,2025-09-01T07:35:47Z,2025-09-01,FALSE,False,posts.part001.csv
submission,1n5gvwf,formula1,AutoModerator,Ask r/Formula1 Anything - Daily Discussion Thread,"# Welcome to the [r/formula1](https://www.reddit.com/r/formula1/) Daily Discussion / Q&A thread. This thread is a hub for general discussion and questions about Formula 1, that don't need threads of their own. Are you new to Formula 1? This is the place for you. Ever wondered why it's called a lollipop man? Why the cars don't refuel during pitstops? Or when Mika will be back from his sabbatical? Ask any question you might have here, and the community will answer. Also make sure you check out our [guide for new fans](https://www.reddit.com/r/formula1/wiki/newtof1), and our [FAQ for new fans](https://www.reddit.com/r/formula1/wiki/faq). Are you a veteran fan, longing for the days of lollipop men, refueling during pitstops, and Mika Häkkinen? This is the place to introduce new fans to your passion and knowledge of the sport. Remember to keep it civil and welcoming! Gatekeeping within the Daily Discussion will subject users to disciplinary action. Have a meta question about the subreddit? Please [direct these to the moderators](https://www.reddit.com/message/compose/?to=/r/formula1) instead.",11,11,0,55,0.74,:post-daily-discussion: Daily Discussion,False,False,False,False,https://www.reddit.com/r/formula1/comments/1n5gvwf/ask_rformula1_anything_daily_discussion_thread/,https://www.reddit.com/r/formula1/comments/1n5gvwf/ask_rformula1_anything_daily_discussion_thread/,1756706552,2025-09-01T06:02:32Z,2025-09-01,FALSE,True,posts.part001.csv
submission,1n5gvav,formula1,AutoModerator,MONDAY TRASH TALK THREAD,"TRASH TALK 101 FOR ANYONE NEW HERE - BEACAUSE. TRASH. TALK. IS. A. GENERATIONAL. THREAD. &#x200B; STEP ONE: LURK ON THE SUB VERY REGULARLY, MAKING SURE TO SORT BY “NEW”. &#x200B; STEP TWO: GET INSPIRED BY WHATEVER MAD NARRATIVE OR TREND GRIPS THE SUB THAT PARTICULAR DAY / WEEK. OFF SEASON IS QUITE SLOW BUT RACE WEEKS / WEEKENDS SHOULD YIELD A LOT OF SUBJECT MATTER. THE MORE INSANE AND UNREALISTIC, THE BETTER QUALITY SUBJECT MATTER IT IS. WATCH PEOPLES' OBSESSIVE BEHAVIOUR VERY CLOSELY - IT WILL YIELD SOME FASCINATING INSIGHT. &#x200B; STEP THREE: AT THIS STAGE YOU MAY BE FEELING SICK WITH THE AMOUNT OF NONSENSE YOU HAVE FORCED YOURSELF TO VIEW. FEEL FREE TO STEP OVER INTO r/f1circlejerk AND MAKE YOURSELF FEEL BETTER BY POSTING A MOCKING IMITATION OF THE NONSENSE. &#x200B; HOWEVER AS YOU BUILD YOUR TOLERANCE, YOU WILL FIND YOURSELF ABLE TO WAIT FOR MONDAY, THE HOLIEST OF DAYS. PEOPLE WILL TELL YOU RACE DAY SUNDAY IS THE BEST DAY, BUT THOSE PEOPLE ARE UNENLIGHTENED SAVAGES. &#x200B; STEP FOUR: &#x200B; (A) AS SOON AS THE TRASH TALK THREAD IS POSTED, UPVOTE IT. THIS IS IMPORTANT. &#x200B; (B) \[REDACTED\] &#x200B; (C) THEN - UNLOAD YOUR MOCKERY AND SCORN OF ALL THE VILE RUBBISH YOU HAVE WITNESSED FROM SUB USERS AND ""RESPECTED"" ""JOURNALISTS"". &#x200B; (D) SIT BACK AND WATCH THE UPVOTES GATHER. CLEVER PHOTOSHOPS AND META REFERENCES WILL YIELD MORE UPVOTES. &#x200B; STEP FIVE: REALISE THAT TRUTH AND SENSE ONLY EXIST IN THIS THREAD AND MAKE IT YOUR WEEKLY MISSION TO POST HERE. &#x200B; AND REMEMBER: FLAIR UP AND SMASH THAT CAPS LOCK! AAAAAAAAAAAAA! &#x200B; GOOD LUCK AND MAY THE TRASH TALK BE EVER IN YOUR FAVOUR. &#x200B; \---- &#x200B; /r/FORMULA1 \[POSTING GUIDELINES\](/r/formula1/wiki/userguide#wiki\_posting\_guidelines) STILL APPLY.",22,22,0,57,0.73,:post-discussion: Discussion,False,False,False,False,https://www.reddit.com/r/formula1/comments/1n5gvav/monday_trash_talk_thread/,https://www.reddit.com/r/formula1/comments/1n5gvav/monday_trash_talk_thread/,1756706494,2025-09-01T06:01:34Z,2025-09-01,FALSE,True,posts.part001.csv
submission,1n5b02q,formula1,anthn885,The celebrating moment as Hadjar finished P3 in Dutch GP,,215,215,0,3,0.96,:post-video: Video,False,False,False,False,https://streamain.com/en/rFyqyeFFlvnJMBC/watch,https://www.reddit.com/r/formula1/comments/1n5b02q/the_celebrating_moment_as_hadjar_finished_p3_in/,1756687774,2025-09-01T00:49:34Z,2025-09-01,FALSE,False,posts.part001.csv
submission,1n5a3ij,formula1,No_Commercial_9250,what are the little details/stories in f1 that make it more fun to follow?,"hey everyone, i’m pretty new to f1 and i’ve been watching some beginner guides on youtube to get a feel for the basics. they’re super helpful for stuff like rules, points, drs, tires, etc. but i feel like they don’t really cover the other side of the sport. i’d love to hear from people who’ve been following f1 for a while: • are there any controversies, rivalries, or stories that shaped the sport that beginners usually don’t hear about right away? • any small details you wish you knew earlier that made watching races more fun? • stuff that’s not really “official” but more like insider knowledge or fan culture? • even just tips for following along during race weekends or things that the broadcasts don’t always explain. basically… anything you know that’s beyond the surface level guides. would really appreciate any insights :)",0,0,0,7,0.5,:post-discussion: Discussion,False,False,False,False,https://www.reddit.com/r/formula1/comments/1n5a3ij/what_are_the_little_detailsstories_in_f1_that/,https://www.reddit.com/r/formula1/comments/1n5a3ij/what_are_the_little_detailsstories_in_f1_that/,1756685103,2025-09-01T00:05:03Z,2025-09-01,FALSE,True,posts.part001.csv
submission,1n57ok9,formula1,Joseki100,[Colton Herta on Twitter] See ya in 2026,,212,212,0,62,0.83,:post-video: Video,False,False,False,False,https://streamain.com/en/aqtFOvS1Pzf1UV5/watch,https://www.reddit.com/r/formula1/comments/1n57ok9/colton_herta_on_twitter_see_ya_in_2026/,1756678404,2025-08-31T22:13:24Z,2025-08-31,FALSE,False,posts.part001.csv
submission,1n56raj,formula1,nyancat23,Footage of Albon gaining several places at the start since this wasnt shown in the broadcast,,4462,4462,0,117,0.99,:post-video: Video,False,False,False,False,https://streamain.com/2aBuLnolWhMzP7s/watch,https://www.reddit.com/r/formula1/comments/1n56raj/footage_of_albon_gaining_several_places_at_the/,1756675987,2025-08-31T21:33:07Z,2025-08-31,FALSE,False,posts.part001.csv
submission,1n55qji,formula1,randomseocb,"Fans were cheering and singing ""Du du du du Lando Norris"" for Lando after his dnf",,1110,1110,0,128,0.93,:post-video: Video,False,False,False,False,https://streamain.com/IlDlTJFBEb0Ypfm/watch,https://www.reddit.com/r/formula1/comments/1n55qji/fans_were_cheering_and_singing_du_du_du_du_lando/,1756673462,2025-08-31T20:51:02Z,2025-08-31,FALSE,False,posts.part001.csv
submission,1n5509g,formula1,randomseocb,"Lando: “Nice move into turn two"" | Max: ""it was a bit of a drift, a bit of sand there” | Max: ""new engine next week, bit more power?"" | Lando: ""power!!”",,1639,1639,0,127,0.98,:post-video: Video,False,False,False,False,https://streamain.com/S1ueDSTuy5aK6xf/watch,https://www.reddit.com/r/formula1/comments/1n5509g/lando_nice_move_into_turn_two_max_it_was_a_bit_of/,1756671702,2025-08-31T20:21:42Z,2025-08-31,FALSE,False,posts.part001.csv
submission,1n54cs8,formula1,randomseocb,"[Lando on Instagram] unlucky today, but that’s life. will take it on the chin and move on",,2438,2438,0,151,0.97,:post-social-media: Social Media,False,False,False,False,https://i.redd.it/rfzoejd4uemf1.jpeg,https://www.reddit.com/r/formula1/comments/1n54cs8/lando_on_instagram_unlucky_today_but_thats_life/,1756670136,2025-08-31T19:55:36Z,2025-08-31,FALSE,False,posts.part001.csv
submission,1n546dz,formula1,The_Skynet,Dutch GP Fastest Pit Stops and Team Standings after Round 15,,241,241,0,19,0.98,:post-statistics: Statistics,False,False,False,False,https://www.reddit.com/gallery/1n546dz,https://www.reddit.com/r/formula1/comments/1n546dz/dutch_gp_fastest_pit_stops_and_team_standings/,1756669707,2025-08-31T19:48:27Z,2025-08-31,FALSE,False,posts.part001.csv
submission,1n53pha,formula1,-Atlaz-,[FIA] Gabriel Bortoleto - Failing to stop a car with significant and obvious damage: No further action.,,224,224,0,64,0.96,:post-news: News,False,False,False,False,https://www.reddit.com/gallery/1n53pha,https://www.reddit.com/r/formula1/comments/1n53pha/fia_gabriel_bortoleto_failing_to_stop_a_car_with/,1756668567,2025-08-31T19:29:27Z,2025-08-31,FALSE,False,posts.part001.csv
submission,1n53oou,formula1,NegotiationNew9264,"[charles_leclerc] Not the best start of the second half of the season. But the overtakes were fun. Onto the most special week of the year, Monza",,3736,3736,0,89,0.99,:post-social-media: Social Media,False,False,False,False,https://www.reddit.com/gallery/1n53oou,https://www.reddit.com/r/formula1/comments/1n53oou/charles_leclerc_not_the_best_start_of_the_second/,1756668514,2025-08-31T19:28:34Z,2025-08-31,FALSE,False,posts.part001.csv
submission,1n53p0b,formula1,randomseocb,2025 Dutch Grand Prix - McLaren Race Report,"“We’ve identified an issue on the chassis side, and we will do a full review before we go racing again in Monza. This is the first technical problem for the team after a long run of faultless reliability.",108,108,0,60,0.85,:post-news: News,False,False,False,False,https://www.mclaren.com/racing/formula-1/2025/dutch-grand-prix/race-report/,https://www.reddit.com/r/formula1/comments/1n53p0b/2025_dutch_grand_prix_mclaren_race_report/,1756668535,2025-08-31T19:28:55Z,2025-08-31,FALSE,False,posts.part001.csv
submission,1n52ex8,formula1,kcollantine,Lewis Hamilton received two penalty points at the Dutch Grand Prix which ends his record 51-race streak of not collecting any,,748,748,0,67,0.97,:post-statistics: Statistics,False,False,False,False,https://www.racefans.net/2025/08/28/data-verstappen-and-bearman-most-at-risk-of-triggering-a-ban-in-second-half-of-2025/,https://www.reddit.com/r/formula1/comments/1n52ex8/lewis_hamilton_received_two_penalty_points_at_the/,1756665508,2025-08-31T18:38:28Z,2025-08-31,FALSE,False,posts.part001.csv
submission,1n51pe3,formula1,Due_Hunt1137,Antonelli has now the same amount of points as Albon in a Williams.,,1888,1888,0,146,0.97,:post-photo: Photo,False,False,False,False,https://i.redd.it/qdtpwzhebemf1.jpeg,https://www.reddit.com/r/formula1/comments/1n51pe3/antonelli_has_now_the_same_amount_of_points_as/,1756663809,2025-08-31T18:10:09Z,2025-08-31,FALSE,False,posts.part001.csv
submission,1n52ecd,formula1,NorthKoreanMissile7,"Hadjar scored more points today than Perez, Lawson and Tsunoda have scored combined for Red Bull in the last 315 days.",Title. It's utterly bizarre that it's a real possibility that Red Bull will go a full year with that seat scoring single digit points. I also feel very sorry for Hadjar who's inevitably going to be dumped into that Red Bull late this year or for next year and then he'll be ruined unless the 2026 Red Bull is much easier to drive.,7079,7079,0,208,0.97,:post-discussion: Discussion,False,False,False,False,https://www.reddit.com/r/formula1/comments/1n52ecd/hadjar_scored_more_points_today_than_perez_lawson/,https://www.reddit.com/r/formula1/comments/1n52ecd/hadjar_scored_more_points_today_than_perez_lawson/,1756665465,2025-08-31T18:37:45Z,2025-08-31,FALSE,True,posts.part001.csv
submission,1n521iv,formula1,FerrariStrategisttt,Lewis Hamilton awarded 5 grid penalty for the next race and 2 penalty points.,,988,988,0,145,0.96,:post-technical: Technical,False,False,False,False,https://i.redd.it/l892e4vqdemf1.jpeg,https://www.reddit.com/r/formula1/comments/1n521iv/lewis_hamilton_awarded_5_grid_penalty_for_the/,1756664599,2025-08-31T18:23:19Z,2025-08-31,FALSE,False,posts.part001.csv
submission,1n522n8,formula1,SainzSealedDelivered,"[‪@chrismedlandf1] PENALTY: Lewis Hamilton gets a five-place grid penalty for the next race in Monza, for failing to slow under double yellow flags pre-race",,1059,1059,0,130,0.98,:post-news: News,False,False,False,False,https://bsky.app/profile/chrismedlandf1.bsky.social/post/3lxppex2oa224,https://www.reddit.com/r/formula1/comments/1n522n8/chrismedlandf1_penalty_lewis_hamilton_gets_a/,1756664676,2025-08-31T18:24:36Z,2025-08-31,FALSE,False,posts.part001.csv
submission,1n5210c,formula1,mango-yoyo,Norris gives verdict on 'frustrating' Dutch GP retirement,,53,53,0,32,0.79,:post-news: News,False,False,False,False,https://www.formula1.com/en/latest/article/out-of-my-control-norris-gives-verdict-on-frustrating-dutch-grand-prix.1UD0eAO5iz8fr9c5S48K8v,https://www.reddit.com/r/formula1/comments/1n5210c/norris_gives_verdict_on_frustrating_dutch_gp/,1756664564,2025-08-31T18:22:44Z,2025-08-31,FALSE,False,posts.part001.csv
submission,1n520sr,formula1,memloh,"""Alain Prost just texted me!"" Hadjar blown away by breakthrough podium",,2857,2857,0,48,0.99,:post-news: News,False,False,False,False,https://www.racefans.net/2025/08/31/alain-prost-just-texted-me-hadjar-blown-away-by-breakthrough-podium/,https://www.reddit.com/r/formula1/comments/1n520sr/alain_prost_just_texted_me_hadjar_blown_away_by/,1756664550,2025-08-31T18:22:30Z,2025-08-31,FALSE,False,posts.part001.csv
submission,1n51z5p,formula1,Madal13,[FIA] Leclerc x Russell collision - No Further Action,,483,483,0,175,0.96,:post-news: News,False,False,False,False,https://i.redd.it/x4pftv99demf1.png,https://www.reddit.com/r/formula1/comments/1n51z5p/fia_leclerc_x_russell_collision_no_further_action/,1756664438,2025-08-31T18:20:38Z,2025-08-31,FALSE,False,posts.part001.csv
submission,1n50htb,formula1,Previous-Second3286,[redbullracing] A home Podium at the DutchGP Both Bulls finishing in the points for our first race back 💪💙,Yuki would have finished in P5 or P6 if he hadn't pitted early,375,375,0,42,0.95,:post-social-media: Social Media,False,False,False,False,https://i.redd.it/93w5u7z82emf1.png,https://www.reddit.com/r/formula1/comments/1n50htb/redbullracing_a_home_podium_at_the_dutchgp_both/,1756660940,2025-08-31T17:22:20Z,2025-08-31,FALSE,False,posts.part001.csv
submission,1n4zymn,formula1,FCBStar-of-the-South,Dutch Grand Prix - Race Strategy & Performance Recap,,80,80,0,13,0.94,:post-statistics: Statistics,False,False,False,False,https://www.reddit.com/gallery/1n4zymn,https://www.reddit.com/r/formula1/comments/1n4zymn/dutch_grand_prix_race_strategy_performance_recap/,1756659660,2025-08-31T17:01:00Z,2025-08-31,FALSE,False,posts.part001.csv
submission,1n50aw5,formula1,DubiousLLM,[FIA] Kimi gets 10 sec penalty and 2 penalty points for causing collision with Car 16,,575,575,0,54,0.99,:post-news: News,False,False,False,False,https://i.imgur.com/6J5GqDs.jpeg,https://www.reddit.com/r/formula1/comments/1n50aw5/fia_kimi_gets_10_sec_penalty_and_2_penalty_points/,1756660477,2025-08-31T17:14:37Z,2025-08-31,FALSE,False,posts.part001.csv
submission,1n4zr79,formula1,FewCollar227,Video of how Isack's 3rd place trophy was broken,,1748,1748,0,141,0.99,:post-video: Video,False,False,False,False,https://dubz.link/c/9ce141,https://www.reddit.com/r/formula1/comments/1n4zr79/video_of_how_isacks_3rd_place_trophy_was_broken/,1756659176,2025-08-31T16:52:56Z,2025-08-31,FALSE,False,posts.part001.csv
submission,1n4zlql,formula1,Aratho,"[Thomas Maher] In the midst of the team celebrations and photo, Isack Hadjar's third-place trophy has ended up broken. Rueful smiles all around...",,399,399,0,14,0.97,:post-news: News,False,False,False,False,https://bsky.app/profile/thomasmaheronf1.bsky.social/post/3lxpjur6lpc2x,https://www.reddit.com/r/formula1/comments/1n4zlql/thomas_maher_in_the_midst_of_the_team/,1756658812,2025-08-31T16:46:52Z,2025-08-31,FALSE,False,posts.part001.csv
submission,1n4zf5j,formula1,Popular_Composer_822,"19 drivers have achieved a top six finish in the 2025 Season, which is an all time record","After Bearman’s P6 today every driver who has competed in the 2024 season bar Colapinto and Doohan has now scored a top six in a race or sprint, an all time record. Piastri (17) every race bar Australia Norris (15) every race bar China sprint, Canada and Netherlands Verstappen (14) every race bar Miami sprint, Spain, Austria and Hungary Russell (14) every race bar Imola, Monaco, Silverstone and Belgium sprint Leclerc (12) every race bar Australia, China, Miami sprint, Miami, Britain and Netherlands Hamilton (9) Bahrain, Imola, Monaco, Spain, Canada, Austria, Britain and Belgium sprint Antonelli (6) Australia, China, Japan, Saudi, Miami and Canada Albon (5) Australia, Miami, Imola, Belgium and Netherlands Hulkenberg (2) Spain and Britain Hadjar (2) Monaco and Zandvoort Ocon (2) China and Belgium sprint Stroll (2) Australia and Miami sprint Tsunoda (2) China sprint and Miami sprint Alonso (1) Hungary Lawson (1) Austria Gasly (1) Britain Bortoleto (1) Hungary Bearman (1) Netherlands Sainz (1) Belgium sprint Every driver who has driven in every race has managed a top six.",624,624,0,30,0.97,:post-statistics: Statistics,False,False,False,False,https://www.reddit.com/r/formula1/comments/1n4zf5j/19_drivers_have_achieved_a_top_six_finish_in_the/,https://www.reddit.com/r/formula1/comments/1n4zf5j/19_drivers_have_achieved_a_top_six_finish_in_the/,1756658375,2025-08-31T16:39:35Z,2025-08-31,FALSE,True,posts.part001.csv
submission,1n4ze2x,formula1,MoneyLibrarian9032,Race Highlights | 2025 Dutch Grand Prix,,109,109,0,8,0.94,:post-video: Video,False,False,False,False,https://youtu.be/JIRqdeNl2cU?feature=shared,https://www.reddit.com/r/formula1/comments/1n4ze2x/race_highlights_2025_dutch_grand_prix/,1756658301,2025-08-31T16:38:21Z,2025-08-31,FALSE,False,posts.part001.csv
submission,1n4z8al,formula1,FewCollar227,Fernando's reaction after safety car was deployed and he pitted 2 laps earlier,,517,517,0,80,0.99,:post-video: Video,False,False,False,False,https://dubz.link/c/8679c9,https://www.reddit.com/r/formula1/comments/1n4z8al/fernandos_reaction_after_safety_car_was_deployed/,1756657909,2025-08-31T16:31:49Z,2025-08-31,FALSE,False,posts.part001.csv
submission,1n4yqyu,formula1,InWilliamsWeTrust,Dutch GP 2025 - Tyre Strategy and Position change from Starting Grid!,,87,87,0,18,0.96,:post-statistics: Statistics,False,False,False,False,https://i.redd.it/x8frn2jcqdmf1.png,https://www.reddit.com/r/formula1/comments/1n4yqyu/dutch_gp_2025_tyre_strategy_and_position_change/,1756656745,2025-08-31T16:12:25Z,2025-08-31,FALSE,False,posts.part001.csv
submission,1n4z5bt,formula1,TopEbun,Isack has broken the trophy,,27250,27250,0,366,0.98,:post-photo: Photo,False,False,False,False,https://i.redd.it/vvzj2219tdmf1.png,https://www.reddit.com/r/formula1/comments/1n4z5bt/isack_has_broken_the_trophy/,1756657705,2025-08-31T16:28:25Z,2025-08-31,FALSE,False,posts.part001.csv
submission,1n4ym7t,formula1,memloh,"Leclerc claims F1 Dutch GP collision was ""too much"" from Antonelli",,630,630,0,112,0.96,:post-news: News,False,False,False,False,https://www.autosport.com/f1/news/leclerc-claims-f1-dutch-gp-collision-was-too-much-from-antonelli/10755142/,https://www.reddit.com/r/formula1/comments/1n4ym7t/leclerc_claims_f1_dutch_gp_collision_was_too_much/,1756656426,2025-08-31T16:07:06Z,2025-08-31,FALSE,False,posts.part001.csv
submission,1n4xumf,formula1,Aratho,"[Thomas Maher] While no big announcement will be coming just yet, Toto Wolff has just confirmed Mercedes is set to continue with George Russell and Kimi Antonelli for 2026.",,815,815,0,105,0.98,:post-news: News,False,False,False,False,https://bsky.app/profile/thomasmaheronf1.bsky.social/post/3lxpfvxf7222x,https://www.reddit.com/r/formula1/comments/1n4xumf/thomas_maher_while_no_big_announcement_will_be/,1756654576,2025-08-31T15:36:16Z,2025-08-31,FALSE,False,posts.part001.csv
submission,1n4xkv4,formula1,ZareJonathan,Is RB better than Red Bull right now?,"**DISCLAIMER: I AM NOT trying to shit on Red Bull, RB or any of their drivers. I'm genuinely wondering about this.** Watching Hadjar hold his ground in 4th today behind Verstappen (bumped up to 3rd with Norris' DNF) got me wondering this. Obviously, there's plently of jokes about the curse of the second Red Bull seat, and Hadjar getting threatened with a ""demotion"" to Red Bull if he keeps doing well. But honestly, is RB better right now? I mean, Lawson got off to a miserable start in Red Bull. Then he got 'demoted' to RB and has looked much better since. Yuki looked like he was better off last year at VCARB than he is now at Red Bull (though he's looked a little better since Horner got sacked). Hadjar has looked better than Lawson and Tsunoda, and he's been able to stay at RB. We always hear Verstappen complaining about how shit his car is (sometimes before he pulls off a miracle). I can't help but wonder if Verstappen would look better in an RB car? I mean, what if RB has been the faster car for a few races now and Verstappen has just been working his usual Verstappen magic to make the Red Bull not look as horrible as it is?",172,172,0,268,0.69,:post-discussion: Discussion,False,False,False,False,https://www.reddit.com/r/formula1/comments/1n4xkv4/is_rb_better_than_red_bull_right_now/,https://www.reddit.com/r/formula1/comments/1n4xkv4/is_rb_better_than_red_bull_right_now/,1756653924,2025-08-31T15:25:24Z,2025-08-31,FALSE,True,posts.part001.csv
submission,1n4xhrr,formula1,Accomplished_Duty808,Charles Leclerc sitting on the hill after he got DNFed; crashed by Antonelli at the 2025 Dutch GP.,,7713,7713,0,162,0.99,:post-photo: Photo,False,False,False,False,https://www.reddit.com/gallery/1n4xhrr,https://www.reddit.com/r/formula1/comments/1n4xhrr/charles_leclerc_sitting_on_the_hill_after_he_got/,1756653715,2025-08-31T15:21:55Z,2025-08-31,FALSE,False,posts.part001.csv
submission,1n4xg2s,formula1,FewCollar227,Isack before the start of the season,,22967,22967,0,181,0.99,:post-photo: Photo,False,False,False,False,https://i.redd.it/r3y5exs1hdmf1.jpeg,https://www.reddit.com/r/formula1/comments/1n4xg2s/isack_before_the_start_of_the_season/,1756653603,2025-08-31T15:20:03Z,2025-08-31,FALSE,False,posts.part001.csv
submission,1n4xfmu,formula1,buumary,Why does F1 give the trophies in the “wrong” order?,"So I’ve noticed something that bugs me every time I watch the podium ceremony this season. In Formula 1, when they hand out the trophies, they do it in the order 1st place → 2nd place → 3rd place. The winner is literally called up first, gets their trophy, and then just kind of stands there waiting while 2nd and 3rd get theirs. It feels anticlimactic. Like… why does the most important moment happen right away, and then we backtrack? Does anyone know why they do it this way? Is it a practical thing or? Honestly, I find it kind of annoying every time. Am I the only one?",272,272,0,71,0.83,:post-technical: Technical,False,False,False,False,https://www.reddit.com/r/formula1/comments/1n4xfmu/why_does_f1_give_the_trophies_in_the_wrong_order/,https://www.reddit.com/r/formula1/comments/1n4xfmu/why_does_f1_give_the_trophies_in_the_wrong_order/,1756653572,2025-08-31T15:19:32Z,2025-08-31,FALSE,True,posts.part001.csv
submission,1n4x7ki,formula1,FerrariStrategisttt,Isack Hadjar with his first podium trophy (via GettyImages),,9188,9188,0,112,0.99,:post-photo: Photo,False,False,False,False,https://www.reddit.com/gallery/1n4x7ki,https://www.reddit.com/r/formula1/comments/1n4x7ki/isack_hadjar_with_his_first_podium_trophy_via/,1756653045,2025-08-31T15:10:45Z,2025-08-31,FALSE,False,posts.part001.csv
submission,1n4xagd,formula1,Joseki100,Drivers and Constructors championships after the Dutch GP,,418,418,0,146,0.98,:post-statistics: Statistics,False,False,False,False,https://i.redd.it/sto3s26wfdmf1.jpeg,https://www.reddit.com/r/formula1/comments/1n4xagd/drivers_and_constructors_championships_after_the/,1756653234,2025-08-31T15:13:54Z,2025-08-31,FALSE,False,posts.part001.csv
submission,1n4x9vg,formula1,Mosh83,Was meant to watch the race but heard something in the distance....,"So I was about to watch the race until I heard something in the distance... I was quite positive it was the roar of an F1 V8 engine. Not sure what year's car, is it a Frankencar or an actual race car? Didn't recognise the driver either, albeit he looks familiar. It was wet so it was super slippery. It did a few slow runs down the runway. But man, I swear it was louder than when I went to Spa in 2023. This was in Helsinki Finland.",473,473,0,15,0.98,:post-photo: Photo,False,False,False,False,https://www.reddit.com/gallery/1n4x9vg,https://www.reddit.com/r/formula1/comments/1n4x9vg/was_meant_to_watch_the_race_but_heard_something/,1756653195,2025-08-31T15:13:15Z,2025-08-31,FALSE,False,posts.part001.csv
submission,1n4wr72,formula1,Kolec507,"Following the 2025 Dutch Grand Prix; Yuki Tsunoda, Gabriel Bortoleto, Carlos Sainz, Liam Lawson, Pierre Gasly, Esteban Ocon, Fernando Alonso, Lance Stroll, Isack Hadjar and Nico Hülkenberg are officially OUT of the World Drivers' Championship title fight. Points needed to remain in contention: 60",,260,260,0,10,0.97,:post-news: News,False,False,False,False,https://i.redd.it/1kzjomk3cdmf1.png,https://www.reddit.com/r/formula1/comments/1n4wr72/following_the_2025_dutch_grand_prix_yuki_tsunoda/,1756651977,2025-08-31T14:52:57Z,2025-08-31,FALSE,False,posts.part001.csv
submission,1n4x3iq,formula1,FerrariStrategisttt,"Hadjar's post-race radio: “COME ON COME ON OH MY GOD YESSS! LET’S GO, OH MY GOD! OH MY GOD, MATE, WHAT HAVE WE DONE!” Hamelin: “P3!!! MAGICAL ISACK, SO HAPPY!”",,3491,3491,0,62,0.99,:post-video: Video,False,False,False,False,https://dubz.link/c/606d0c,https://www.reddit.com/r/formula1/comments/1n4x3iq/hadjars_postrace_radio_come_on_come_on_oh_my_god/,1756652780,2025-08-31T15:06:20Z,2025-08-31,FALSE,False,posts.part001.csv
submission,1n4x434,formula1,kpopsns28,Lewis Hamilton has been summoned to the stewards for alleged speeding under yellow flags.,,584,584,0,87,0.97,:post-news: News,False,False,False,False,https://i.redd.it/saea2qlpedmf1.jpeg,https://www.reddit.com/r/formula1/comments/1n4x434/lewis_hamilton_has_been_summoned_to_the_stewards/,1756652818,2025-08-31T15:06:58Z,2025-08-31,FALSE,False,posts.part001.csv
submission,1n4x330,formula1,FewCollar227,FIA official couldn't catch Isack on time,,504,504,0,45,0.98,:post-video: Video,False,False,False,False,https://dubz.link/c/5e8cc3,https://www.reddit.com/r/formula1/comments/1n4x330/fia_official_couldnt_catch_isack_on_time/,1756652750,2025-08-31T15:05:50Z,2025-08-31,FALSE,False,posts.part001.csv
submission,1n4wyis,formula1,Alvaro_Rey_MN,After the Dutch Grand Prix this is the first time since 2008 where two rookies stand on the podium in the same season!,,923,923,0,62,0.98,:post-statistics: Statistics,False,False,False,False,https://www.reddit.com/gallery/1n4wyis,https://www.reddit.com/r/formula1/comments/1n4wyis/after_the_dutch_grand_prix_this_is_the_first_time/,1756652458,2025-08-31T15:00:58Z,2025-08-31,FALSE,False,posts.part001.csv
submission,1n4wytk,formula1,NukaWomble,The real question is: Who did it better?,,30772,30772,0,582,0.98,:post-photo: Photo,False,False,False,False,https://i.redd.it/u2ugisblddmf1.png,https://www.reddit.com/r/formula1/comments/1n4wytk/the_real_question_is_who_did_it_better/,1756652477,2025-08-31T15:01:17Z,2025-08-31,FALSE,False,posts.part001.csv
submission,1n4wyo4,formula1,ContentPuff,2025 Dutch GP Cooldown Room,,368,368,0,37,0.98,:post-video: Video,False,False,False,False,https://dubz.link/c/887017,https://www.reddit.com/r/formula1/comments/1n4wyo4/2025_dutch_gp_cooldown_room/,1756652467,2025-08-31T15:01:07Z,2025-08-31,FALSE,False,posts.part001.csv
submission,1n4wqp3,formula1,FewCollar227,Isack is the 219th Driver to get a podium. Took 14 races to get his first. Also the youngest Frenchman to stand on one,,337,337,0,15,0.99,:post-statistics: Statistics,False,False,False,False,https://www.reddit.com/gallery/1n4wqp3,https://www.reddit.com/r/formula1/comments/1n4wqp3/isack_is_the_219th_driver_to_get_a_podium_took_14/,1756651943,2025-08-31T14:52:23Z,2025-08-31,FALSE,False,posts.part001.csv
submission,1n4wq2y,formula1,FerrariStrategisttt,Isack Hadjar running to his team celebrating his first F1 podium,,352,352,0,12,0.98,:post-video: Video,False,False,False,False,https://dubz.link/c/812605,https://www.reddit.com/r/formula1/comments/1n4wq2y/isack_hadjar_running_to_his_team_celebrating_his/,1756651901,2025-08-31T14:51:41Z,2025-08-31,FALSE,False,posts.part001.csv
submission,1n4wun9,formula1,Helpful_Hedgehog_204,Russell Summoned to the Stewards for Causing a Collision,,307,307,0,83,0.96,:post-news: News,False,False,False,False,https://i.redd.it/2uhgrwpscdmf1.png,https://www.reddit.com/r/formula1/comments/1n4wun9/russell_summoned_to_the_stewards_for_causing_a/,1756652206,2025-08-31T14:56:46Z,2025-08-31,FALSE,False,posts.part001.csv
submission,1n4wvdt,formula1,BackgroundLie2231,"Lewis Hamilton now holds the record of most races (15 races) without a podium finish with Scuderia Ferrari, overtaking Ivan Capelli (14 races).","Additional stats: he also holds the record as the second-most races before a podium finish (assuming he will get one before the US GP) with Ferrari, which is only behind Didier Pironi (19 races).",4126,4126,0,287,0.99,:post-statistics: Statistics,False,False,False,False,https://i.redd.it/bjhxa1aubdmf1.jpeg,https://www.reddit.com/r/formula1/comments/1n4wvdt/lewis_hamilton_now_holds_the_record_of_most_races/,1756652258,2025-08-31T14:57:38Z,2025-08-31,FALSE,False,posts.part001.csv
submission,1n4wwuj,formula1,kpopsns28,2025 Dutch Grand Prix - Race Classification,,996,996,0,194,0.98,:post-statistics: Statistics,False,False,False,False,https://i.redd.it/lt2rumhcddmf1.jpeg,https://www.reddit.com/r/formula1/comments/1n4wwuj/2025_dutch_grand_prix_race_classification/,1756652357,2025-08-31T14:59:17Z,2025-08-31,FALSE,False,posts.part001.csv
submission,1n4wtnm,formula1,wokwok__,Carlos Sainz receives a 10 second penalty and 2 penalty points for causing a collision,,814,814,0,269,0.96,:post-news: News,False,False,False,False,https://i.redd.it/dmu99z9ncdmf1.jpeg,https://www.reddit.com/r/formula1/comments/1n4wtnm/carlos_sainz_receives_a_10_second_penalty_and_2/,1756652139,2025-08-31T14:55:39Z,2025-08-31,FALSE,False,posts.part001.csv
submission,1n4wtf3,formula1,RedditNameT,TV direction has been a massive step up this weekend,* Timing tower visible for the **entire** race * Showing midflied battles * Good amount of interesting onboards * Quickly cutting to important events especially the two Ferrari crashes * Actual pit stop timer * Great overhead shots * Quick replays of notable events * No goddamn celebrity shots Now i want to be absolutely clear that this *has to be the expectation* from a huge organization like Liberty Media. This is basically the absolute minimum but they have absolutely missed this mark for most of the season so far and this has honestly been refreshing.,564,564,0,54,0.94,:post-discussion: Discussion,False,False,False,False,https://www.reddit.com/r/formula1/comments/1n4wtf3/tv_direction_has_been_a_massive_step_up_this/,https://www.reddit.com/r/formula1/comments/1n4wtf3/tv_direction_has_been_a_massive_step_up_this/,1756652122,2025-08-31T14:55:22Z,2025-08-31,FALSE,True,posts.part001.csv
submission,1n4wsia,formula1,SpiderUST,9 seasons apart... same feeling,"Instantly, this reminded me of Malaysia 2016 when Lewis's engine went out costing him the win... he went on to lose the title by 5 points.",3601,3601,0,256,0.97,:post-photo: Photo,False,False,False,False,https://www.reddit.com/gallery/1n4wsia,https://www.reddit.com/r/formula1/comments/1n4wsia/9_seasons_apart_same_feeling/,1756652062,2025-08-31T14:54:22Z,2025-08-31,FALSE,False,posts.part001.csv
submission,1n4wses,formula1,Money_Temporary,[AlpineF1team] P11 and P17,,205,205,0,88,0.97,:post-social-media: Social Media,False,False,False,False,https://i.redd.it/l5di4qggcdmf1.jpeg,https://www.reddit.com/r/formula1/comments/1n4wses/alpinef1team_p11_and_p17/,1756652056,2025-08-31T14:54:16Z,2025-08-31,FALSE,False,posts.part001.csv
submission,1n4wrj4,formula1,rakesh-69,Race Stint Dutch GP 2025,[https://rakesh-i.github.io/stint-data/](https://rakesh-i.github.io/stint-data/),65,65,0,8,0.95,:post-statistics: Statistics,False,False,False,False,https://www.reddit.com/gallery/1n4wrj4,https://www.reddit.com/r/formula1/comments/1n4wrj4/race_stint_dutch_gp_2025/,1756651999,2025-08-31T14:53:19Z,2025-08-31,FALSE,False,posts.part001.csv
submission,1n4wr99,formula1,Schlapfel9,[WilliamsRacing on IG] Alex brings home his fourth P5 of the season!,,601,601,0,81,0.98,:post-social-media: Social Media,False,False,False,False,https://i.redd.it/3ogg08a8cdmf1.jpeg,https://www.reddit.com/r/formula1/comments/1n4wr99/williamsracing_on_ig_alex_brings_home_his_fourth/,1756651980,2025-08-31T14:53:00Z,2025-08-31,FALSE,False,posts.part001.csv
submission,1n4wqd4,formula1,ContentPuff,Isack Hadjar Post Race Interview,,264,264,0,15,0.98,:post-video: Video,False,False,False,False,https://dubz.link/c/f055cc,https://www.reddit.com/r/formula1/comments/1n4wqd4/isack_hadjar_post_race_interview/,1756651920,2025-08-31T14:52:00Z,2025-08-31,FALSE,False,posts.part001.csv
submission,1n4wps4,formula1,Vegetable-Bee5157,[HaasF1Team] Double points for the team!!,,888,888,0,50,0.98,:post-social-media: Social Media,False,False,False,False,https://www.reddit.com/gallery/1n4wps4,https://www.reddit.com/r/formula1/comments/1n4wps4/haasf1team_double_points_for_the_team/,1756651882,2025-08-31T14:51:22Z,2025-08-31,FALSE,False,posts.part001.csv
submission,1n4wn7y,formula1,JefinLuke,[AstonMartinF1] The chequered flag falls on the DutchGP. A double points finish for the Team,,1699,1699,0,212,0.98,:post-social-media: Social Media,False,False,False,False,https://i.redd.it/u62kfwafbdmf1.jpeg,https://www.reddit.com/r/formula1/comments/1n4wn7y/astonmartinf1_the_chequered_flag_falls_on_the/,1756651711,2025-08-31T14:48:31Z,2025-08-31,FALSE,False,posts.part001.csv
submission,1n4wn9c,formula1,Total_Captain_3833,Your P3 and P2 for today’s race! #DutchGP,,18331,18331,0,109,0.99,:post-photo: Photo,False,False,False,False,https://i.redd.it/z8gqa0lfbdmf1.jpeg,https://www.reddit.com/r/formula1/comments/1n4wn9c/your_p3_and_p2_for_todays_race_dutchgp/,1756651713,2025-08-31T14:48:33Z,2025-08-31,FALSE,False,posts.part001.csv
submission,1n4wm6d,formula1,PrimeyXE,[scuderiaferrari] A tough day for the Team as neither car see the finish line,,728,728,0,116,0.99,:post-social-media: Social Media,False,False,False,False,https://i.redd.it/09ha2306bdmf1.png,https://www.reddit.com/r/formula1/comments/1n4wm6d/scuderiaferrari_a_tough_day_for_the_team_as/,1756651644,2025-08-31T14:47:24Z,2025-08-31,FALSE,False,posts.part001.csv
submission,1n4wfhp,formula1,brokenandsuffering,"Leclerc still sat there, listening to something on his phone.",,9845,9845,0,412,0.99,:post-photo: Photo,False,False,False,False,https://i.redd.it/enyylb8w9dmf1.jpeg,https://www.reddit.com/r/formula1/comments/1n4wfhp/leclerc_still_sat_there_listening_to_something_on/,1756651196,2025-08-31T14:39:56Z,2025-08-31,FALSE,False,posts.part001.csv
submission,1n4widf,formula1,TaxEvaderFrom1961,Oscar Piastri completes his first ever career grand slam Grand Prix event.,,9042,9042,0,434,0.98,:post-discussion: Discussion,False,False,False,False,https://i.redd.it/59c2q88hadmf1.jpeg,https://www.reddit.com/r/formula1/comments/1n4widf/oscar_piastri_completes_his_first_ever_career/,1756651392,2025-08-31T14:43:12Z,2025-08-31,FALSE,False,posts.part001.csv
submission,1n4wjc6,formula1,VanDyne21,[F1] Isack Hadjar Finishes P3,,38743,38743,0,691,0.96,:post-social-media: Social Media,False,False,False,False,https://i.redd.it/tcpcw96oadmf1.jpeg,https://www.reddit.com/r/formula1/comments/1n4wjc6/f1_isack_hadjar_finishes_p3/,1756651457,2025-08-31T14:44:17Z,2025-08-31,FALSE,False,posts.part001.csv
submission,1n4wi50,formula1,ContentPuff,"Oscar Piastri wins the 2025 Dutch GP, Verstappen P2, HADJAR P3",,629,629,0,65,0.97,:post-video: Video,False,False,False,False,https://dubz.link/c/29647f,https://www.reddit.com/r/formula1/comments/1n4wi50/oscar_piastri_wins_the_2025_dutch_gp_verstappen/,1756651376,2025-08-31T14:42:56Z,2025-08-31,FALSE,False,posts.part001.csv
submission,1n4who8,formula1,Bobstin,"F1 HOT or NOT - rate drivers, teams and the race for the 2025 Dutch GP!",,61,61,0,27,0.83,:post-statistics: Statistics,False,False,False,False,https://www.f1hotornot.com/polls/F1/2025/NED/vote,https://www.reddit.com/r/formula1/comments/1n4who8/f1_hot_or_not_rate_drivers_teams_and_the_race_for/,1756651346,2025-08-31T14:42:26Z,2025-08-31,FALSE,False,posts.part001.csv
submission,1n4whf0,formula1,overspeeed,Oscar Piastri wins the 2025 Dutch Grand Prix,,10871,10871,0,613,0.98,:post-grand-prix: Race,False,False,False,False,https://i.redd.it/r4sfb32b9dmf1.png,https://www.reddit.com/r/formula1/comments/1n4whf0/oscar_piastri_wins_the_2025_dutch_grand_prix/,1756651327,2025-08-31T14:42:07Z,2025-08-31,FALSE,False,posts.part001.csv
submission,1n4wh98,formula1,AutoModerator,2025 Dutch GP - Post-Race Discussion,"# ROUND 15 - NETHERLANDS FORMULA 1 HEINEKEN DUTCH GP # 🕒 SESSION TIMES |Day|Session|Time (UTC)| |:-|:-|:-| |~~FRI~~|~~Free Practice 1~~|~~10:30~~| |~~FRI~~|~~Free Practice 2~~|~~14:00~~| |~~SAT~~|~~Free Practice 3~~|~~09:30~~| |~~SAT~~|~~Qualifying~~|~~13:00~~| |~~SUN~~|~~Race~~|~~13:00~~| |SUN|Stewards make up their mind|16:00| [Click here for start times in your area](http://f1calendar.com/) # 🏁 RACE INFORMATION * **Track**: Circuit Zandvoort * **Location**: Zandvoort, Netherlands * **Race laps**: 72 * **Lap length**: 4.259km * **Race distance**: 306.648km * **Lap Record**: 1:11.097, Lewis Hamilton (Mercedes), 2021 # ⏪ LAST TIME AROUND * **Pole position**: 1:09.673, Lando Norris (Mclaren) * **Race winner**: Lando Norris (Mclaren) * **Fastest lap**: 1:13.817, Lando Norris (Mclaren) # 📺 WHERE TO WATCH? F1 is broadcast on F1TV and through several local broadcasters. [Click here](https://www.formula1.com/en/toolbar/content_schedule.html) to find out if F1TV is offered in your region. [Click here](https://www.formula1.com/en/toolbar/broadcast-information.html) to go to the full list of broadcasters. Streams and downloads are not welcome on r/Formula1. Requesting and sharing streams and/or downloads will be met with immediate bans. # ❤️ GOOD CAUSES * 🇺🇦 [Want to support Ukraine? Here's a list of charities.](https://www.reddit.com/r/ukraine/comments/s6g5un/want_to_support_ukraine_heres_a_list_of_charities/?utm_source=reddit&utm_medium=usertext&utm_name=ukraine&utm_content=t3_t5okbs) * 🏳️‍🌈 [Support Stonewall to help improve the lives of LGBTQ+ people.](https://donorbox.org/support-stonewall)",156,156,0,2624,0.97,:post-post-session: Post-Race,False,False,False,False,https://www.reddit.com/r/formula1/comments/1n4wh98/2025_dutch_gp_postrace_discussion/,https://www.reddit.com/r/formula1/comments/1n4wh98/2025_dutch_gp_postrace_discussion/,1756651315,2025-08-31T14:41:55Z,2025-08-31,FALSE,True,posts.part001.csv
submission,1n4waad,formula1,lifeandtimes89,A dejected Lano Norris on the dune after a power failure causes a DNF,,23175,23175,0,819,0.98,:post-photo: Photo,False,False,False,False,https://i.redd.it/avwdgl5q8dmf1.png,https://www.reddit.com/r/formula1/comments/1n4waad/a_dejected_lano_norris_on_the_dune_after_a_power/,1756650843,2025-08-31T14:34:03Z,2025-08-31,FALSE,False,posts.part001.csv
submission,1n4w3va,formula1,krisbryantishot,Charles Leclerc enjoying the race from the sidelines,,5507,5507,0,114,1.0,:post-photo: Photo,False,False,False,False,https://i.redd.it/h09beafl7dmf1.jpeg,https://www.reddit.com/r/formula1/comments/1n4w3va/charles_leclerc_enjoying_the_race_from_the/,1756650422,2025-08-31T14:27:02Z,2025-08-31,FALSE,False,posts.part001.csv
submission,1n4w9os,formula1,Dry_Local7136,Please actually show the midfield,"Race direction, can we please show all those overtakes in the midfield instead of having a giant screen showing 2 drivers staying 1.5 seconds away from each other constantly?! For however boring the RB-Verstappen domination was, at least Verstappen had the decency to just bugger off into the distance and be kept out of view to highlight the midfield.",930,930,0,83,0.95,:post-discussion: Discussion,False,False,False,False,https://www.reddit.com/r/formula1/comments/1n4w9os/please_actually_show_the_midfield/,https://www.reddit.com/r/formula1/comments/1n4w9os/please_actually_show_the_midfield/,1756650806,2025-08-31T14:33:26Z,2025-08-31,FALSE,True,posts.part001.csv
submission,1n4w85q,formula1,ContentPuff,"Norris retires from the race due to engine issues, Safety Car deployed",,5422,5422,0,840,0.98,:post-video: Video,False,False,False,False,https://dubz.link/c/79359f,https://www.reddit.com/r/formula1/comments/1n4w85q/norris_retires_from_the_race_due_to_engine_issues/,1756650707,2025-08-31T14:31:47Z,2025-08-31,FALSE,False,posts.part001.csv
submission,1n4w4ip,formula1,Horror_Conference430,Albon is 6th and going unnoticed,"Albono strikes again. He is 15th at the start of the race and just jumped his competition at the start of the race. He is currently 6th, and he might get 5th because Russell has damage. I am not sure what’s going on, but keep doing what you are doing Albono! I am super impressed by Albon this year.",598,598,0,75,0.91,:post-discussion: Discussion,False,False,False,False,https://www.reddit.com/r/formula1/comments/1n4w4ip/albon_is_6th_and_going_unnoticed/,https://www.reddit.com/r/formula1/comments/1n4w4ip/albon_is_6th_and_going_unnoticed/,1756650465,2025-08-31T14:27:45Z,2025-08-31,FALSE,True,posts.part001.csv
submission,1n4w3aq,formula1,anthn885,Onboard view from Kimi’s cockpit | Dutch GP,,159,159,0,50,0.99,:post-video: Video,False,False,False,False,https://streamain.com/en/8hN1NhCJ2JdmUwH/watch,https://www.reddit.com/r/formula1/comments/1n4w3aq/onboard_view_from_kimis_cockpit_dutch_gp/,1756650383,2025-08-31T14:26:23Z,2025-08-31,FALSE,False,posts.part001.csv
submission,1n4w2zm,formula1,Eldiablo2471,FIA at it again with another decision that makes no sense,"Kimi literally completely ruined Charle's race, and gets 10 seconds penalty. But Sainz somehow got 5 places grid penalty but both drivers are still in the race.... Make it make sense. My take is, you do a mistake right? But like in the Sainz case it wasn't so fatal because both drivers continued the race and they still have a chance of improving or getting something out of it. But in the Kimi - Charles scenario, Charles is absolutely done. There is nothing that he can do to overturn the bad luck. If Kimi manages to secure a 10 second distance from the car in the back, he won't even feel the punishment. FIA is drunk. What is your take guys? Edit 1: Bearman already 9 seconds behind Kimi Edit 2: Sainz indeed got the same penalty as Kimi which was a 10 second penalty and not a 5 place Grid penalty. My bad. My statement is still valid though, the two collisions were very different as one incident caused a DNF but the other didn't.",295,295,0,65,0.76,:post-discussion: Discussion,False,False,False,False,https://www.reddit.com/r/formula1/comments/1n4w2zm/fia_at_it_again_with_another_decision_that_makes/,https://www.reddit.com/r/formula1/comments/1n4w2zm/fia_at_it_again_with_another_decision_that_makes/,1756650362,2025-08-31T14:26:02Z,2025-08-31,1756671354,True,posts.part001.csv
submission,1n4vxjk,formula1,His_Holiness,Leclerc's radio message following DNF,,4944,4944,0,317,0.99,:post-quotes: Quotes,False,False,False,False,https://i.redd.it/7d2pyes86dmf1.jpeg,https://www.reddit.com/r/formula1/comments/1n4vxjk/leclercs_radio_message_following_dnf/,1756649994,2025-08-31T14:19:54Z,2025-08-31,FALSE,False,posts.part001.csv
submission,1n4vsw7,formula1,ContentPuff,"Leclerc out of the race after contact with Antonelli, Safety Car deployed",,2560,2560,0,548,0.99,:post-video: Video,False,False,False,False,https://dubz.link/c/49a021,https://www.reddit.com/r/formula1/comments/1n4vsw7/leclerc_out_of_the_race_after_contact_with/,1756649678,2025-08-31T14:14:38Z,2025-08-31,FALSE,False,posts.part001.csv
submission,1n4vpn2,formula1,anthn885,Lewis shares first reaction after exit | Dutch GP,,239,239,0,33,0.98,:post-video: Video,False,False,False,False,https://streamain.com/qyUIbFtrMbjOTCe/watch,https://www.reddit.com/r/formula1/comments/1n4vpn2/lewis_shares_first_reaction_after_exit_dutch_gp/,1756649455,2025-08-31T14:10:55Z,2025-08-31,FALSE,False,posts.part001.csv
submission,1n4vogp,formula1,ContentPuff,Sainz: Make sure we go visit the stewards after the race. I want to have a talk with them,,1038,1038,0,91,0.98,:post-video: Video,False,False,False,False,https://dubz.link/c/cd8441,https://www.reddit.com/r/formula1/comments/1n4vogp/sainz_make_sure_we_go_visit_the_stewards_after/,1756649378,2025-08-31T14:09:38Z,2025-08-31,FALSE,False,posts.part001.csv
submission,1n4vlss,formula1,ContentPuff,Sainz reaction on receiving 10s penalty for contact with Lawson,,763,763,0,164,0.98,:post-video: Video,False,False,False,False,https://dubz.link/c/0c390e,https://www.reddit.com/r/formula1/comments/1n4vlss/sainz_reaction_on_receiving_10s_penalty_for/,1756649187,2025-08-31T14:06:27Z,2025-08-31,FALSE,False,posts.part001.csv
submission,1n4v6sb,formula1,MoneyLibrarian9032,Lewis apologising to Ferrari on the radio,,1709,1709,0,125,0.98,:post-photo: Photo,False,False,False,False,https://i.redd.it/rznq4v3q0dmf1.jpeg,https://www.reddit.com/r/formula1/comments/1n4v6sb/lewis_apologising_to_ferrari_on_the_radio/,1756648115,2025-08-31T13:48:35Z,2025-08-31,FALSE,False,posts.part001.csv
submission,1n4v3r8,formula1,ItsMuju,Carlo sainz after his incident with Lawson,,6403,6403,0,494,0.99,:post-quotes: Quotes,False,False,False,False,https://i.redd.it/v2w96kf20dmf1.jpeg,https://www.reddit.com/r/formula1/comments/1n4v3r8/carlo_sainz_after_his_incident_with_lawson/,1756647892,2025-08-31T13:44:52Z,2025-08-31,FALSE,False,posts.part001.csv
submission,1n4v72z,formula1,ContentPuff,Leclerc barges past Russell for P4,,1690,1690,0,338,0.99,:post-moderator-comment: P5,False,False,False,False,https://dubz.link/c/b242f6,https://www.reddit.com/r/formula1/comments/1n4v72z/leclerc_barges_past_russell_for_p4/,1756648138,2025-08-31T13:48:58Z,2025-08-31,FALSE,False,posts.part001.csv
submission,1n4v0k9,formula1,IAmA_Wolf,Each race week we cook the F1 Grand Prix host country national dish. This is gehaktballen and hutspot.,,362,362,0,114,0.89,:post-photo: Photo,False,False,False,False,https://i.redd.it/nviebl6dzcmf1.jpeg,https://www.reddit.com/r/formula1/comments/1n4v0k9/each_race_week_we_cook_the_f1_grand_prix_host/,1756647656,2025-08-31T13:40:56Z,2025-08-31,FALSE,False,posts.part001.csv
submission,1n4uxz4,formula1,lifeandtimes89,Good guy Lando checking in on Front Jack,,377,377,0,29,0.9,:post-quotes: Quotes,False,False,False,False,https://i.redd.it/2h3tvvpoycmf1.png,https://www.reddit.com/r/formula1/comments/1n4uxz4/good_guy_lando_checking_in_on_front_jack/,1756647474,2025-08-31T13:37:54Z,2025-08-31,FALSE,False,posts.part001.csv
submission,1n4v3hz,formula1,ContentPuff,"Contact between Lawson & Sainz, under investigation",,269,269,0,260,0.98,:post-video: Video,False,False,False,False,https://dubz.link/c/bc77c2,https://www.reddit.com/r/formula1/comments/1n4v3hz/contact_between_lawson_sainz_under_investigation/,1756647874,2025-08-31T13:44:34Z,2025-08-31,FALSE,False,posts.part001.csv
submission,1n4v332,formula1,FerrariStrategisttt,"Leclerc (after Safety Car deployed): ""NO. FING HELL. WE ARE SO FING UNLUCKY. UNBELIEVABLE.""",,1738,1738,0,67,0.99,:post-video: Video,False,False,False,False,https://dubz.link/c/30e4b2,https://www.reddit.com/r/formula1/comments/1n4v332/leclerc_after_safety_car_deployed_no_fing_hell_we/,1756647844,2025-08-31T13:44:04Z,2025-08-31,FALSE,False,posts.part001.csv
submission,1n4uwj9,formula1,ContentPuff,"Hamilton crashes into the barrier, Safety Car deployed",,2297,2297,0,290,0.99,:post-video: Video,False,False,False,False,https://dubz.link/c/5139d0,https://www.reddit.com/r/formula1/comments/1n4uwj9/hamilton_crashes_into_the_barrier_safety_car/,1756647368,2025-08-31T13:36:08Z,2025-08-31,FALSE,False,posts.part001.csv
submission,1n4ujie,formula1,anthn885,Max Verstappen’s quick start and recovery at Turn 3 | Dutch GP,,195,195,0,14,0.95,:post-video: Video,False,False,False,False,https://streamain.com/DqgGT3U6RrXBSzM/watch,https://www.reddit.com/r/formula1/comments/1n4ujie/max_verstappens_quick_start_and_recovery_at_turn/,1756646409,2025-08-31T13:20:09Z,2025-08-31,FALSE,False,posts.part001.csv
submission,1n4ufva,formula1,ContentPuff,Norris overtakes Verstappen for P2,,366,366,0,76,0.93,:post-video: Video,False,False,False,False,https://dubz.link/c/04623b,https://www.reddit.com/r/formula1/comments/1n4ufva/norris_overtakes_verstappen_for_p2/,1756646147,2025-08-31T13:15:47Z,2025-08-31,FALSE,False,posts.part001.csv
submission,1n4u8ku,formula1,ContentPuff,"Race Start: Verstappen with a huge slide after taking P2, remains P2",,2012,2012,0,138,0.98,:post-video: Video,False,False,False,False,https://dubz.link/c/c03e3a,https://www.reddit.com/r/formula1/comments/1n4u8ku/race_start_verstappen_with_a_huge_slide_after/,1756645612,2025-08-31T13:06:52Z,2025-08-31,FALSE,False,posts.part001.csv
submission,1n4tve1,formula1,AutoModerator,2025 Dutch GP - Race Discussion,"# ROUND 15 - NETHERLANDS FORMULA 1 HEINEKEN DUTCH GP # 🕒 SESSION TIMES |Day|Session|Time (UTC)| |:-|:-|:-| |~~FRI~~|~~Free Practice 1~~|~~10:30~~| |~~FRI~~|~~Free Practice 2~~|~~14:00~~| |~~SAT~~|~~Free Practice 3~~|~~09:30~~| |~~SAT~~|~~Qualifying~~|~~13:00~~| |SUN|Race|13:00| [Click here for start times in your area](http://f1calendar.com/) # 🏁 RACE INFORMATION * **Track**: Circuit Zandvoort * **Location**: Zandvoort, Netherlands * **Race laps**: 72 * **Lap length**: 4.259km * **Race distance**: 306.648km * **Lap Record**: 1:11.097, Lewis Hamilton (Mercedes), 2021 # ⏪ LAST TIME AROUND * **Pole position**: 1:09.673, Lando Norris (Mclaren) * **Race winner**: Lando Norris (Mclaren) * **Fastest lap**: 1:13.817, Lando Norris (Mclaren) # 📺 WHERE TO WATCH? F1 is broadcast on F1TV and through several local broadcasters. [Click here](https://www.formula1.com/en/toolbar/content_schedule.html) to find out if F1TV is offered in your region. [Click here](https://www.formula1.com/en/toolbar/broadcast-information.html) to go to the full list of broadcasters. Streams and downloads are not welcome on r/Formula1. Requesting and sharing streams and/or downloads will be met with immediate bans. # ❤️ GOOD CAUSES * 🇺🇦 [Want to support Ukraine? Here's a list of charities.](https://www.reddit.com/r/ukraine/comments/s6g5un/want_to_support_ukraine_heres_a_list_of_charities/?utm_source=reddit&utm_medium=usertext&utm_name=ukraine&utm_content=t3_t5okbs) * 🏳️‍🌈 [Support Stonewall to help improve the lives of LGBTQ+ people.](https://donorbox.org/support-stonewall)",202,202,0,21842,0.91,:post-grand-prix: Race,False,False,False,False,https://www.reddit.com/r/formula1/comments/1n4tve1/2025_dutch_gp_race_discussion/,https://www.reddit.com/r/formula1/comments/1n4tve1/2025_dutch_gp_race_discussion/,1756644631,2025-08-31T12:50:31Z,2025-08-31,FALSE,True,posts.part001.csv
submission,1n4t4wv,formula1,Aratho,Final Starting Grid - 2025 Dutch Grand Prix,,115,115,0,13,0.96,:post-statistics: Statistics,False,False,False,False,https://i.redd.it/bcgu9wywjcmf1.jpeg,https://www.reddit.com/r/formula1/comments/1n4t4wv/final_starting_grid_2025_dutch_grand_prix/,1756642458,2025-08-31T12:14:18Z,2025-08-31,FALSE,False,posts.part001.csv
submission,1n4rokl,formula1,Laurence-UK,[BBC] Dutch Grand Prix: Meet man trying to go to all 24 F1 races on £20K budget,,224,224,0,36,0.91,:post-misc: Misc,False,False,False,False,https://www.bbc.co.uk/sport/formula1/articles/crevy4v85y0o,https://www.reddit.com/r/formula1/comments/1n4rokl/bbc_dutch_grand_prix_meet_man_trying_to_go_to_all/,1756637566,2025-08-31T10:52:46Z,2025-08-31,FALSE,False,posts.part001.csv
submission,1n4rzys,formula1,rakesh-69,FP2 Race Sim Dutch GP 2025,https://rakesh-i.github.io/stint-data/,48,48,0,10,0.9,:post-statistics: Statistics,False,False,False,False,https://www.reddit.com/gallery/1n4rzys,https://www.reddit.com/r/formula1/comments/1n4rzys/fp2_race_sim_dutch_gp_2025/,1756638697,2025-08-31T11:11:37Z,2025-08-31,FALSE,False,posts.part001.csv
submission,1n4r2ek,formula1,Aratho,[Chris Medland] Pit lane start for Bearman confirmed for taking a new power unit overnight and breaking parc ferme regulations,,305,305,0,11,1.0,:post-news: News,False,False,False,False,https://bsky.app/profile/chrismedlandf1.bsky.social/post/3lxoscs3m5k2e,https://www.reddit.com/r/formula1/comments/1n4r2ek/chris_medland_pit_lane_start_for_bearman/,1756635220,2025-08-31T10:13:40Z,2025-08-31,FALSE,False,posts.part001.csv
submission,1n4qvh6,formula1,AutoModerator,2025 Dutch GP - Pre-Race Discussion,"# ROUND 15 - NETHERLANDS FORMULA 1 HEINEKEN DUTCH GP # 🕒 SESSION TIMES |Day|Session|Time (UTC)| |:-|:-|:-| |~~FRI~~|~~Free Practice 1~~|~~10:30~~| |~~FRI~~|~~Free Practice 2~~|~~14:00~~| |~~SAT~~|~~Free Practice 3~~|~~09:30~~| |~~SAT~~|~~Qualifying~~|~~13:00~~| |SUN|Race|13:00| [Click here for start times in your area](http://f1calendar.com/) # 🏁 RACE INFORMATION * **Track**: Circuit Zandvoort * **Location**: Zandvoort, Netherlands * **Race laps**: 72 * **Lap length**: 4.259km * **Race distance**: 306.648km * **Lap Record**: 1:11.097, Lewis Hamilton (Mercedes), 2021 # ⏪ LAST TIME AROUND * **Pole position**: 1:09.673, Lando Norris (Mclaren) * **Race winner**: Lando Norris (Mclaren) * **Fastest lap**: 1:13.817, Lando Norris (Mclaren) # 📺 WHERE TO WATCH? F1 is broadcast on F1TV and through several local broadcasters. [Click here](https://www.formula1.com/en/toolbar/content_schedule.html) to find out if F1TV is offered in your region. [Click here](https://www.formula1.com/en/toolbar/broadcast-information.html) to go to the full list of broadcasters. Streams and downloads are not welcome on r/Formula1. Requesting and sharing streams and/or downloads will be met with immediate bans. # ❤️ GOOD CAUSES * 🇺🇦 [Want to support Ukraine? Here's a list of charities.](https://www.reddit.com/r/ukraine/comments/s6g5un/want_to_support_ukraine_heres_a_list_of_charities/?utm_source=reddit&utm_medium=usertext&utm_name=ukraine&utm_content=t3_t5okbs) * 🏳️‍🌈 [Support Stonewall to help improve the lives of LGBTQ+ people.](https://donorbox.org/support-stonewall)",34,34,0,562,0.89,:post-pre-session: Pre-Race,False,False,False,False,https://www.reddit.com/r/formula1/comments/1n4qvh6/2025_dutch_gp_prerace_discussion/,https://www.reddit.com/r/formula1/comments/1n4qvh6/2025_dutch_gp_prerace_discussion/,1756634517,2025-08-31T10:01:57Z,2025-08-31,FALSE,True,posts.part001.csv
submission,1n4qqbc,formula1,jovanmilic97,"Red Bull gives Yuki Tsunoda until ""around Mexico"" to prove himself",,3082,3082,0,596,0.97,:post-news: News,False,False,False,False,https://www.motorsport.com/f1/news/red-bull-gives-yuki-tsunoda-until-around-mexico-to-prove-himself/10754744/,https://www.reddit.com/r/formula1/comments/1n4qqbc/red_bull_gives_yuki_tsunoda_until_around_mexico/,1756633974,2025-08-31T09:52:54Z,2025-08-31,FALSE,False,posts.part001.csv
submission,1n4qi92,formula1,InWilliamsWeTrust,Dutch GP Qualifying - Teammate Gaps Visualized,,692,692,0,43,0.96,:post-statistics: Statistics,False,False,False,False,https://i.redd.it/liwi612zrbmf1.png,https://www.reddit.com/r/formula1/comments/1n4qi92/dutch_gp_qualifying_teammate_gaps_visualized/,1756633071,2025-08-31T09:37:51Z,2025-08-31,FALSE,False,posts.part001.csv
submission,1n4q1r4,formula1,afatfilms,Photos I took from yesterday's quali,"First time ever going to anything F1. Had a great time hearing the cars and seeing some legends in person. I tried to use an 18 year old point and shoot to capture some images. My buddy and I couldn't help but laugh that we went to that corner right before stroll crashes. Shame the image was blurry, but I had to include it ;)",369,369,0,11,0.97,:post-photo: Photo,False,False,False,False,https://www.reddit.com/gallery/1n4q1r4,https://www.reddit.com/r/formula1/comments/1n4q1r4/photos_i_took_from_yesterdays_quali/,1756631248,2025-08-31T09:07:28Z,2025-08-31,FALSE,False,posts.part001.csv
submission,1n4l5lx,formula1,Bocca013,Albert Park Pit Building Redevelopment Early Works,Hello everyone Hope everyone is ready for the Dutch GP today. Hoping for Ferrari to do something but that’s not happening. Well I went to Albert Park on a gloomy overcast day to report that the early works for the new pit building are ramping up now. The basketball and futsal courts (where the F2 & F3 garages go) have been blocked off to facilitate these works before the building’s swan song in 2026. A reminder a monthly series will follow tracking the progress of the construction of the new building through to 2028.,53,53,0,0,0.93,:post-photo: Photo,False,False,False,False,https://www.reddit.com/gallery/1n4l5lx,https://www.reddit.com/r/formula1/comments/1n4l5lx/albert_park_pit_building_redevelopment_early_works/,1756613190,2025-08-31T04:06:30Z,2025-08-31,FALSE,False,posts.part001.csv
submission,1n4q0ib,formula1,Aratho,McLaren warns Verstappen has “powerful weapon” in F1 Dutch GP,,492,492,0,115,0.93,:post-news: News,False,False,False,False,https://www.autosport.com/f1/news/mclaren-warns-max-verstappen-has-powerful-weapon-in-f1-dutch-gp-strategy/10754987/,https://www.reddit.com/r/formula1/comments/1n4q0ib/mclaren_warns_verstappen_has_powerful_weapon_in/,1756631117,2025-08-31T09:05:17Z,2025-08-31,FALSE,False,posts.part001.csv
submission,1n4pak3,formula1,Aratho,Possible Race Strategies - 2025 Dutch Grand Prix,,231,231,0,75,0.98,:post-social-media: Social Media,False,False,False,False,https://i.redd.it/1qt3oh7tdbmf1.jpeg,https://www.reddit.com/r/formula1/comments/1n4pak3/possible_race_strategies_2025_dutch_grand_prix/,1756628298,2025-08-31T08:18:18Z,2025-08-31,FALSE,False,posts.part001.csv
submission,1n4pa8q,formula1,Aratho,Available Race Tire Sets - 2025 Dutch Grand Prix,,78,78,0,27,0.95,:post-social-media: Social Media,False,False,False,False,https://i.redd.it/rsk71djpdbmf1.jpeg,https://www.reddit.com/r/formula1/comments/1n4pa8q/available_race_tire_sets_2025_dutch_grand_prix/,1756628264,2025-08-31T08:17:44Z,2025-08-31,FALSE,False,posts.part001.csv
submission,1n4orjp,formula1,PalmyGamingHD,Lawson sympathises with Tsunoda after Red Bull switch,,451,451,0,73,0.97,:post-news: News,False,False,False,False,https://speedcafe.com/f1-news-2025-liam-lawson-yuki-tsunoda-sympathy-red-bull-switch-comments/,https://www.reddit.com/r/formula1/comments/1n4orjp/lawson_sympathises_with_tsunoda_after_red_bull/,1756626268,2025-08-31T07:44:28Z,2025-08-31,FALSE,False,posts.part001.csv
submission,1n4n4ed,formula1,AutoModerator,Ask r/Formula1 Anything - Daily Discussion Thread,"# Welcome to the [r/formula1](https://www.reddit.com/r/formula1/) Daily Discussion / Q&A thread. This thread is a hub for general discussion and questions about Formula 1, that don't need threads of their own. Are you new to Formula 1? This is the place for you. Ever wondered why it's called a lollipop man? Why the cars don't refuel during pitstops? Or when Mika will be back from his sabbatical? Ask any question you might have here, and the community will answer. Also make sure you check out our [guide for new fans](https://www.reddit.com/r/formula1/wiki/newtof1), and our [FAQ for new fans](https://www.reddit.com/r/formula1/wiki/faq). Are you a veteran fan, longing for the days of lollipop men, refueling during pitstops, and Mika Häkkinen? This is the place to introduce new fans to your passion and knowledge of the sport. Remember to keep it civil and welcoming! Gatekeeping within the Daily Discussion will subject users to disciplinary action. Have a meta question about the subreddit? Please [direct these to the moderators](https://www.reddit.com/message/compose/?to=/r/formula1) instead.",13,13,0,145,0.78,:post-daily-discussion: Daily Discussion,False,False,False,False,https://www.reddit.com/r/formula1/comments/1n4n4ed/ask_rformula1_anything_daily_discussion_thread/,https://www.reddit.com/r/formula1/comments/1n4n4ed/ask_rformula1_anything_daily_discussion_thread/,1756620076,2025-08-31T06:01:16Z,2025-08-31,FALSE,True,posts.part001.csv
submission,1n4mp94,formula1,VallcryTurbo75,FACTS AND STATS: Piastri and Norris lock out the front row on Bruce McLaren’s birthday as Zandvoort gets new track record,,107,107,0,3,0.87,:post-news: News,False,False,False,False,https://www.formula1.com/en/latest/article/facts-and-stats-piastri-and-norris-lock-out-the-front-row-on-bruce-mclarens.3CSYg65rhhW2oWwaqkbljT,https://www.reddit.com/r/formula1/comments/1n4mp94/facts_and_stats_piastri_and_norris_lock_out_the/,1756618556,2025-08-31T05:35:56Z,2025-08-31,FALSE,False,posts.part001.csv
submission,1n4ksul,formula1,Auelogic,Why do F1 cars backfire so much under heavy braking?,"I was sitting at Lakeside during Silverstone and noticed how often the cars backfire when they’re braking hard into the pits. I noticed that a lot when the Red Bulls are braking into the pits. I get why sports cars pop and crackle on startup or when revving, but what exactly causes F1 cars to backfire so much while slowing down? Video for context (F2): [https://imgur.com/a/PjZ8oTM](https://imgur.com/a/PjZ8oTM) F1 car: [https://imgur.com/a/eAGvuGm](https://imgur.com/a/eAGvuGm) \- I realised the video I uploaded was an F2 car, let me see if I could find the F1 cars I recorded.",143,143,0,49,0.78,:post-technical: Technical,False,False,False,False,https://www.reddit.com/r/formula1/comments/1n4ksul/why_do_f1_cars_backfire_so_much_under_heavy/,https://www.reddit.com/r/formula1/comments/1n4ksul/why_do_f1_cars_backfire_so_much_under_heavy/,1756612032,2025-08-31T03:47:12Z,2025-08-31,1756613230,True,posts.part001.csv
submission,1n4k4k2,formula1,anthn885,Lewis on Isack’s P4 - Dutch GP,,293,293,0,17,0.97,:post-video: Video,False,False,False,False,https://streamain.com/OVrzIC0cIusYM3b/watch,https://www.reddit.com/r/formula1/comments/1n4k4k2/lewis_on_isacks_p4_dutch_gp/,1756609802,2025-08-31T03:10:02Z,2025-08-31,FALSE,False,posts.part001.csv
submission,1n4ir6y,formula1,CanonNi,Drivers React After Qualifying | 2025 Dutch Grand Prix,,60,60,0,5,0.86,:post-video: Video,False,False,False,False,https://youtu.be/S58x4y8uiNk,https://www.reddit.com/r/formula1/comments/1n4ir6y/drivers_react_after_qualifying_2025_dutch_grand/,1756605501,2025-08-31T01:58:21Z,2025-08-31,FALSE,False,posts.part001.csv
submission,1n4hh8k,formula1,ZephyrSonic,Karun at the SkyPad analyses Oscar Piastri's 2025 Dutch GP Pole Lap,,36,36,0,1,0.71,:post-video: Video,False,False,False,False,https://streamin.one/v/959941de,https://www.reddit.com/r/formula1/comments/1n4hh8k/karun_at_the_skypad_analyses_oscar_piastris_2025/,1756601644,2025-08-31T00:54:04Z,2025-08-31,FALSE,False,posts.part001.csv
submission,1n4f47v,formula1,ZephyrSonic,Channel 4's Lee McKenzie and David Coulthard interviews Zak Brown Post 2025 Dutch GP Qualifying,,14,14,0,0,0.6,:post-video: Video,False,False,False,False,https://streamin.one/v/d56af91c,https://www.reddit.com/r/formula1/comments/1n4f47v/channel_4s_lee_mckenzie_and_david_coulthard/,1756594759,2025-08-30T22:59:19Z,2025-08-30,FALSE,False,posts.part001.csv
submission,1n4eqaz,formula1,ZephyrSonic,Channel 4's David Coulthard going out for a driving interview with Lando Norris Pre 2025 Dutch GP Qualifying,,37,37,0,6,0.71,:post-video: Video,False,False,False,False,https://streamin.one/v/29c35f3d,https://www.reddit.com/r/formula1/comments/1n4eqaz/channel_4s_david_coulthard_going_out_for_a/,1756593671,2025-08-30T22:41:11Z,2025-08-30,FALSE,False,posts.part001.csv
submission,1n4e9f8,formula1,ZephyrSonic,Channel 4's Lee McKenzie and David Coulthard interviews returning driver next year in 2026 Valtteri Bottas for his new team Cadillac Pre 2025 Dutch GP Qualifying,,58,58,0,2,0.79,:post-video: Video,False,False,False,False,https://streamin.one/v/c819a657,https://www.reddit.com/r/formula1/comments/1n4e9f8/channel_4s_lee_mckenzie_and_david_coulthard/,1756592361,2025-08-30T22:19:21Z,2025-08-30,FALSE,False,posts.part001.csv
submission,1n4d4tv,formula1,musicallunatic,"Mercedes’ Toto Wolff aware of celebrity status, AI ‘Deepfake Porn’ in his likeness",,2769,2769,0,199,0.97,:post-news: News,False,False,False,False,https://www.motorsport.com/f1/news/the-surprising-reasons-why-toto-wolff-can-laugh-about-deepfake-porn-tributes/10754565/,https://www.reddit.com/r/formula1/comments/1n4d4tv/mercedes_toto_wolff_aware_of_celebrity_status_ai/,1756589383,2025-08-30T21:29:43Z,2025-08-30,FALSE,False,posts.part001.csv
submission,1n4chf1,formula1,Vuk13,Longest consecutive race weekends unbeaten in qualifying by a teammate,This is only for post 1980 F1. Before that it wasn't that uncommon that teams ran more than 2 cars especially in 50s and 60s therefore i decided to only focus on more modern era of F1 **1. Michael Schumacher - 56 race weekends** 16 Brundle (1992) + 16 Patrese (1993) + 8 Verstappen (1994) + 4 Lehto (1994) + 12 Herbert (1994-1995) **2. Alex Albon - 48 race weekends** 11 Latifi (2022) + 36 Sargeant (2023-2024) + 1 Colapinto (2024) **3. Ayrton Senna - 44 race weekends** 6 de Angelis (1985) + 16 Dumfries (1986) +16 Nakajima (1987) + 6 Prost (1988) **4. George Russell - 36 race weekend** 21 Kubica (2019) +15 Latifi (2020) **5. Max Verstappen - 33 race weekends** 33 Perez (2023-2024) **6. Fernando Alonso - 27 race weekends (still ongoing)** 27 Stroll (2024-2025) **6. Fernando Alonso - 27 race weekends** 26 Vandoorne (2017-2018) + 1 Ocon (2021) **6. Ayrton Senna - 27 race weekends** 14 Berger (1992) + 13 Andretti (1993) **9. Fernando Alonso - 26 race weekends** 26 Piquet Jr. (2008-2009) **10. Max Verstappen - 25 race weekends** 24 Albon (2019-2020) + 1 Perez (2021),242,242,0,45,0.94,:post-statistics: Statistics,False,False,False,False,https://www.reddit.com/r/formula1/comments/1n4chf1/longest_consecutive_race_weekends_unbeaten_in/,https://www.reddit.com/r/formula1/comments/1n4chf1/longest_consecutive_race_weekends_unbeaten_in/,1756587690,2025-08-30T21:01:30Z,2025-08-30,FALSE,True,posts.part001.csv
submission,1n46mie,formula1,kpopsns28,"[Max Verstappen via IG] Very happy with P3 in qualifying here at my home race. Thank you to everyone around the track, the orange energy has been amazing so far",[https://www.instagram.com/p/DN\_F0TvCKW6/](https://www.instagram.com/p/DN_F0TvCKW6/),446,446,0,25,0.95,:post-social-media: Social Media,False,False,False,False,https://www.reddit.com/gallery/1n46mie,https://www.reddit.com/r/formula1/comments/1n46mie/max_verstappen_via_ig_very_happy_with_p3_in/,1756573004,2025-08-30T16:56:44Z,2025-08-30,FALSE,False,posts.part001.csv
submission,1n46ugk,formula1,beanbagreg,Bearman not compliant with Parc Ferme conditions,,114,114,0,11,0.98,:post-news: News,False,False,False,False,https://i.redd.it/jxl6kxszu6mf1.jpeg,https://www.reddit.com/r/formula1/comments/1n46ugk/bearman_not_compliant_with_parc_ferme_conditions/,1756573543,2025-08-30T17:05:43Z,2025-08-30,FALSE,False,posts.part001.csv
submission,1n48dkp,formula1,MoneyLibrarian9032,Oscar Piastri & Lando Norris' Ghost Car Comparison Laps! | 2025 Dutch Grand Prix,,132,132,0,54,0.95,:post-video: Video,False,False,False,False,https://youtu.be/yvnzgvtSwdk?feature=shared,https://www.reddit.com/r/formula1/comments/1n48dkp/oscar_piastri_lando_norris_ghost_car_comparison/,1756577346,2025-08-30T18:09:06Z,2025-08-30,FALSE,False,posts.part001.csv
submission,1n47pc7,formula1,mrlprns,Haas referred to stewards for unusual F1 rule breach,,183,183,0,34,0.92,:post-news: News,False,False,False,False,https://www.the-race.com/formula-1/haas-referred-to-stewards-for-unusual-f1-rule-breach/,https://www.reddit.com/r/formula1/comments/1n47pc7/haas_referred_to_stewards_for_unusual_f1_rule/,1756575663,2025-08-30T17:41:03Z,2025-08-30,FALSE,False,posts.part001.csv
submission,1n45ide,formula1,Aratho,"[Adam Cooper] Hamilton in an upbeat mood today after securing P7 on the Zandvoort grid: I tried to have a slight different approach into the weekend. I'm not going to go into details of what that is, but some tweaks before I even got here, and then through the weekend, and it's been a lot smoother.",,992,992,0,58,0.98,:post-social-media: Social Media,False,False,False,False,https://bsky.app/profile/adamcooperf1.bsky.social/post/3lxmvcc2u7c22,https://www.reddit.com/r/formula1/comments/1n45ide/adam_cooper_hamilton_in_an_upbeat_mood_today/,1756570274,2025-08-30T16:11:14Z,2025-08-30,FALSE,False,posts.part001.csv
submission,1n45fsq,formula1,Aratho,"[Adam Cooper] Antonelli on P11 in Zandvoort qualifying: Going off in FP1 so early compromised the rest of the weekend. I found myself always chasing, and missed many single laps, so that didn't help. Having to do a long run this morning also didn't help, but it was all because of my mistake in FP1.",,154,154,0,24,0.95,:post-social-media: Social Media,False,False,False,False,https://bsky.app/profile/adamcooperf1.bsky.social/post/3lxmwsbt4g222,https://www.reddit.com/r/formula1/comments/1n45fsq/adam_cooper_antonelli_on_p11_in_zandvoort/,1756570100,2025-08-30T16:08:20Z,2025-08-30,FALSE,False,posts.part001.csv
submission,1n45186,formula1,memloh,“I've been very poor” - Charles Leclerc's damning assessment of his qualifying performance,,659,659,0,154,0.98,:post-news: News,False,False,False,False,https://www.motorsport.com/f1/news/poor-charles-leclerc-qualifying-performance/10754833/,https://www.reddit.com/r/formula1/comments/1n45186/ive_been_very_poor_charles_leclercs_damning/,1756569090,2025-08-30T15:51:30Z,2025-08-30,FALSE,False,posts.part001.csv
submission,1n44hc6,formula1,beanbagreg,Average qualifying differences between teammates (sprints included),"To mitigate the differences between track lengths (2 tenths off in Monaco is worse than in Spa!), I’ve switched to percentages. The times from the highest session reached by both drivers has been used - so for example if Max reached Q3 but Yuki went out Q1, I’ve used the Q1 times for both. This is to try and control for track evolution the best I can. If a driver couldn’t set a time in the highest session both reached its been excluded completely to try and make it fair. An example of why is Saudi with the McLarens - Lando crashed and didn’t set a Q3 time, but if I used Q2 instead it has him faster than Oscar, which doesn’t seem representative. Sprints have been included because I don’t see why not :)",980,980,0,163,0.97,:post-statistics: Statistics,False,False,False,False,https://i.redd.it/860im9und6mf1.jpeg,https://www.reddit.com/r/formula1/comments/1n44hc6/average_qualifying_differences_between_teammates/,1756567714,2025-08-30T15:28:34Z,2025-08-30,FALSE,False,posts.part001.csv
submission,1n44baf,formula1,ConstructionAny8440,no further action for max,,690,690,0,50,0.97,:post-news: News,False,False,False,False,https://i.redd.it/vqrc5g9fc6mf1.jpeg,https://www.reddit.com/r/formula1/comments/1n44baf/no_further_action_for_max/,1756567299,2025-08-30T15:21:39Z,2025-08-30,FALSE,False,posts.part001.csv
submission,1n445fp,formula1,NeverSawOz,The name of the 'Frisian' corner in the Zandvoort circuit is the result of a tragic event,"https://preview.redd.it/egq9nwd7b6mf1.jpg?width=1200&format=pjpg&auto=webp&s=aa2c85524e038c35dcc338b6fdcf823223c50680 It happened on Sunday, June 9, 1957. Car races were also held on the dune circuit that day. In one of them, Willem Adriaan Gerlach, a doctor from the village Appelscha, started in his Porsche 1600 S. Shortly before the end of the race, however, he lost control of the car in the first corner after the Tarzan corner. The car rolled over three times and, according to a journalist from the Leeuwarder Courant, ended up in a potato field. Gerlach was thrown from the car. Unconscious, the driver was taken to the Sint Elisabethgasthuis hospital in Haarlem. There, his condition proved so serious that he died of his injuries that night. Gerlach was 47 years old. He had run a general practice in Appelscha since 1940, also serving residents of Fochteloo and Zorgvlied. He left behind a wife and three children. The bend where the fatal accident occurred was later named the Gerlach corner. The accompanying photo of Gerlach's crashed car appeared in several newspapers on Tuesday, June 11, 1957,",127,127,0,5,0.92,:post-throwback: Throwback,False,False,False,False,https://www.reddit.com/r/formula1/comments/1n445fp/the_name_of_the_frisian_corner_in_the_zandvoort/,https://www.reddit.com/r/formula1/comments/1n445fp/the_name_of_the_frisian_corner_in_the_zandvoort/,1756566905,2025-08-30T15:15:05Z,2025-08-30,FALSE,True,posts.part001.csv
submission,1n43ts6,formula1,Nickemonio,Piastri got pole today with help from a Lawson slipstream,,1492,1492,0,174,0.83,:post-discussion: Discussion,False,False,False,False,https://www.reddit.com/gallery/1n43ts6,https://www.reddit.com/r/formula1/comments/1n43ts6/piastri_got_pole_today_with_help_from_a_lawson/,1756566117,2025-08-30T15:01:57Z,2025-08-30,FALSE,False,posts.part001.csv
submission,1n43two,formula1,kcollantine,Verstappen under investigation for driving too slowly at end of qualifying,,489,489,0,48,0.93,:post-news: News,False,False,False,False,https://www.racefans.net/2025/08/30/verstappen-under-investigation-for-driving-too-slowly-in-qualifying/,https://www.reddit.com/r/formula1/comments/1n43two/verstappen_under_investigation_for_driving_too/,1756566125,2025-08-30T15:02:05Z,2025-08-30,FALSE,False,posts.part001.csv
submission,1n435pm,formula1,FewCollar227,[@justformulacar] Dutch GP Qualifying Gaps Visualized,,6192,6192,0,207,0.99,:post-photo: Photo,False,False,False,False,https://i.redd.it/7wynu6a246mf1.jpeg,https://www.reddit.com/r/formula1/comments/1n435pm/justformulacar_dutch_gp_qualifying_gaps_visualized/,1756564487,2025-08-30T14:34:47Z,2025-08-30,FALSE,False,posts.part001.csv
submission,1n42wll,formula1,aellanovalie,[FIA] 2025 Dutch GP - Qualifying Classification,,278,278,0,21,0.98,:post-statistics: Statistics,False,False,False,False,https://i.redd.it/zd1n711526mf1.jpeg,https://www.reddit.com/r/formula1/comments/1n42wll/fia_2025_dutch_gp_qualifying_classification/,1756563843,2025-08-30T14:24:03Z,2025-08-30,FALSE,False,posts.part001.csv
submission,1n42npw,formula1,Decent-Party-9274,David Coulthard is hysterical,"I love David Coulthard’s color commentary from the first words in his accent and analysis of the racing, but today I had to replay his gems… Taller drivers are sitting on the floor directly and Yuki Tsunoda is on a booster seat… Lando Norris has come down to find his sun lounger only to find Oscar’s towel on it already!!! These are the fun thoughts running through his mind while analyzing an F1 qualifying session… God I love that guy!!!",2709,2709,0,183,0.96,:post-discussion: Discussion,False,False,False,False,https://www.reddit.com/r/formula1/comments/1n42npw/david_coulthard_is_hysterical/,https://www.reddit.com/r/formula1/comments/1n42npw/david_coulthard_is_hysterical/,1756563213,2025-08-30T14:13:33Z,2025-08-30,1756593238,True,posts.part001.csv
submission,1n42izh,formula1,Schlapfel9,"Oscar Piastri sets a new lap record around Zandvoort, beating the previous time of 1:08.855 set by Verstappen in 2021",,4602,4602,0,151,0.99,:post-statistics: Statistics,False,False,False,False,https://i.redd.it/98gynpmbz5mf1.jpeg,https://www.reddit.com/r/formula1/comments/1n42izh/oscar_piastri_sets_a_new_lap_record_around/,1756562892,2025-08-30T14:08:12Z,2025-08-30,FALSE,False,posts.part001.csv
submission,1n42ifs,formula1,PrimeyXE,[@scuderiaferrari] A tricky Quali in Zandvoort,,1044,1044,0,104,0.99,:post-social-media: Social Media,False,False,False,False,https://i.redd.it/hlzkt5b7z5mf1.jpeg,https://www.reddit.com/r/formula1/comments/1n42ifs/scuderiaferrari_a_tricky_quali_in_zandvoort/,1756562851,2025-08-30T14:07:31Z,2025-08-30,FALSE,False,posts.part001.csv
submission,1n42hpd,formula1,Axezelt,[Williams] Points to play for tomorrow. Here's where we'll line up for the Dutch GP,,274,274,0,21,0.97,:post-social-media: Social Media,False,False,False,False,https://i.redd.it/o6q5kgn1z5mf1.jpeg,https://www.reddit.com/r/formula1/comments/1n42hpd/williams_points_to_play_for_tomorrow_heres_where/,1756562798,2025-08-30T14:06:38Z,2025-08-30,FALSE,False,posts.part001.csv
submission,1n42g5i,formula1,FewCollar227,[@visacashapprb] Absolute cinema!!!,,6678,6678,0,151,0.99,:post-social-media: Social Media,False,False,False,False,https://www.reddit.com/gallery/1n42g5i,https://www.reddit.com/r/formula1/comments/1n42g5i/visacashapprb_absolute_cinema/,1756562686,2025-08-30T14:04:46Z,2025-08-30,FALSE,False,posts.part001.csv
submission,1n42dt5,formula1,ContentPuff,"Piastri on pole, Norris P2, Verstappen P3",,533,533,0,82,0.95,:post-video: Video,False,False,False,False,https://dubz.link/c/d079dc,https://www.reddit.com/r/formula1/comments/1n42dt5/piastri_on_pole_norris_p2_verstappen_p3/,1756562513,2025-08-30T14:01:53Z,2025-08-30,FALSE,False,posts.part001.csv
submission,1n42dh2,formula1,overspeeed,Oscar Piastri takes pole position for the 2025 Dutch Grand Prix,,11820,11820,0,743,0.96,:post-grand-prix: Qualifying,False,False,False,False,https://i.redd.it/j0ftbvvxx5mf1.png,https://www.reddit.com/r/formula1/comments/1n42dh2/oscar_piastri_takes_pole_position_for_the_2025/,1756562487,2025-08-30T14:01:27Z,2025-08-30,FALSE,False,posts.part001.csv
submission,1n42d74,formula1,AutoModerator,2025 Dutch GP - Post-Qualifying Discussion,"# ROUND 15 - NETHERLANDS FORMULA 1 HEINEKEN DUTCH GP # 🕒 SESSION TIMES |Day|Session|Time (UTC)| |:-|:-|:-| |~~FRI~~|~~Free Practice 1~~|~~10:30~~| |~~FRI~~|~~Free Practice 2~~|~~14:00~~| |~~SAT~~|~~Free Practice 3~~|~~09:30~~| |~~SAT~~|~~Qualifying~~|~~13:00~~| |SUN|Race|13:00| [Click here for start times in your area](http://f1calendar.com/) # 🏁 RACE INFORMATION * **Track**: Circuit Zandvoort * **Location**: Zandvoort, Netherlands * **Race laps**: 72 * **Lap length**: 4.259km * **Race distance**: 306.648km * **Lap Record**: 1:11.097, Lewis Hamilton (Mercedes), 2021 # ⏪ LAST TIME AROUND * **Pole position**: 1:09.673, Lando Norris (Mclaren) * **Race winner**: Lando Norris (Mclaren) * **Fastest lap**: 1:13.817, Lando Norris (Mclaren) # 📺 WHERE TO WATCH? F1 is broadcast on F1TV and through several local broadcasters. [Click here](https://www.formula1.com/en/toolbar/content_schedule.html) to find out if F1TV is offered in your region. [Click here](https://www.formula1.com/en/toolbar/broadcast-information.html) to go to the full list of broadcasters. Streams and downloads are not welcome on r/Formula1. Requesting and sharing streams and/or downloads will be met with immediate bans. # ❤️ GOOD CAUSES * 🇺🇦 [Want to support Ukraine? Here's a list of charities.](https://www.reddit.com/r/ukraine/comments/s6g5un/want_to_support_ukraine_heres_a_list_of_charities/?utm_source=reddit&utm_medium=usertext&utm_name=ukraine&utm_content=t3_t5okbs) * 🏳️‍🌈 [Support Stonewall to help improve the lives of LGBTQ+ people.](https://donorbox.org/support-stonewall)",100,100,0,693,0.94,:post-post-session: Post-Qualifying,False,False,False,False,https://www.reddit.com/r/formula1/comments/1n42d74/2025_dutch_gp_postqualifying_discussion/,https://www.reddit.com/r/formula1/comments/1n42d74/2025_dutch_gp_postqualifying_discussion/,1756562469,2025-08-30T14:01:09Z,2025-08-30,FALSE,True,posts.part001.csv
submission,1n41zyp,formula1,ContentPuff,Bortoleto / Tsunoda impeding incident,,84,84,0,27,0.85,:post-video: Video,False,False,False,False,https://dubz.link/c/93fe36,https://www.reddit.com/r/formula1/comments/1n41zyp/bortoleto_tsunoda_impeding_incident/,1756561466,2025-08-30T13:44:26Z,2025-08-30,FALSE,False,posts.part001.csv
submission,1n41ym3,formula1,ContentPuff,"Antonelli, Gasly, Bortoleto, Tsunoda & Albon out of Q2",,331,331,0,181,0.97,:post-video: Video,False,False,False,False,https://dubz.link/c/255574,https://www.reddit.com/r/formula1/comments/1n41ym3/antonelli_gasly_bortoleto_tsunoda_albon_out_of_q2/,1756561357,2025-08-30T13:42:37Z,2025-08-30,FALSE,False,posts.part001.csv
submission,1n41tti,formula1,ContentPuff,Verstappen / Norris incident on track,,48,48,0,43,0.62,:post-video: Video,False,False,False,False,https://dubz.link/c/c39fc3,https://www.reddit.com/r/formula1/comments/1n41tti/verstappen_norris_incident_on_track/,1756560987,2025-08-30T13:36:27Z,2025-08-30,FALSE,False,posts.part001.csv
submission,1n41op5,formula1,ContentPuff,Leclerc spots a fox crossing the track,,413,413,0,30,0.98,:post-video: Video,False,False,False,False,https://dubz.link/c/9f7073,https://www.reddit.com/r/formula1/comments/1n41op5/leclerc_spots_a_fox_crossing_the_track/,1756560602,2025-08-30T13:30:02Z,2025-08-30,FALSE,False,posts.part001.csv
submission,1n41itl,formula1,ContentPuff,"Colapinto, Hulkenberg, Ocon, Bearman & Stroll out of Q1",,220,220,0,60,0.95,:post-video: Video,False,False,False,False,https://dubz.link/c/3c9cb2,https://www.reddit.com/r/formula1/comments/1n41itl/colapinto_hulkenberg_ocon_bearman_stroll_out_of_q1/,1756560150,2025-08-30T13:22:30Z,2025-08-30,FALSE,False,posts.part001.csv
submission,1n41738,formula1,ContentPuff,"Stroll spins out and crashes into the barriers, damaged front wing",,1689,1689,0,219,0.99,:post-video: Video,False,False,False,False,https://dubz.link/c/99e4f6,https://www.reddit.com/r/formula1/comments/1n41738/stroll_spins_out_and_crashes_into_the_barriers/,1756559235,2025-08-30T13:07:15Z,2025-08-30,FALSE,False,posts.part001.csv
submission,1n40ip8,formula1,Legacy_GT,Dutch marshalls dancing during a DJ set while waiting for quali to start,,526,526,0,3,0.97,:post-photo: Photo,False,False,False,False,https://i.redd.it/2cnpw5bhi5mf1.jpeg,https://www.reddit.com/r/formula1/comments/1n40ip8/dutch_marshalls_dancing_during_a_dj_set_while/,1756557301,2025-08-30T12:35:01Z,2025-08-30,FALSE,False,posts.part001.csv
submission,1n40u7e,formula1,AutoModerator,2025 Dutch GP - Qualifying Discussion,"# ROUND 15 - NETHERLANDS FORMULA 1 HEINEKEN DUTCH GP # 🕒 SESSION TIMES |Day|Session|Time (UTC)| |:-|:-|:-| |~~FRI~~|~~Free Practice 1~~|~~10:30~~| |~~FRI~~|~~Free Practice 2~~|~~14:00~~| |~~SAT~~|~~Free Practice 3~~|~~09:30~~| |SAT|Qualifying|13:00| |SUN|Race|13:00| [Click here for start times in your area](http://f1calendar.com/) # 🏁 RACE INFORMATION * **Track**: Circuit Zandvoort * **Location**: Zandvoort, Netherlands * **Race laps**: 72 * **Lap length**: 4.259km * **Race distance**: 306.648km * **Lap Record**: 1:11.097, Lewis Hamilton (Mercedes), 2021 # ⏪ LAST TIME AROUND * **Pole position**: 1:09.673, Lando Norris (Mclaren) * **Race winner**: Lando Norris (Mclaren) * **Fastest lap**: 1:13.817, Lando Norris (Mclaren) # 📺 WHERE TO WATCH? F1 is broadcast on F1TV and through several local broadcasters. [Click here](https://www.formula1.com/en/toolbar/content_schedule.html) to find out if F1TV is offered in your region. [Click here](https://www.formula1.com/en/toolbar/broadcast-information.html) to go to the full list of broadcasters. Streams and downloads are not welcome on r/Formula1. Requesting and sharing streams and/or downloads will be met with immediate bans. # ❤️ GOOD CAUSES * 🇺🇦 [Want to support Ukraine? Here's a list of charities.](https://www.reddit.com/r/ukraine/comments/s6g5un/want_to_support_ukraine_heres_a_list_of_charities/?utm_source=reddit&utm_medium=usertext&utm_name=ukraine&utm_content=t3_t5okbs) * 🏳️‍🌈 [Support Stonewall to help improve the lives of LGBTQ+ people.](https://donorbox.org/support-stonewall)",97,97,0,3031,0.91,:post-grand-prix: Qualifying,False,False,False,False,https://www.reddit.com/r/formula1/comments/1n40u7e/2025_dutch_gp_qualifying_discussion/,https://www.reddit.com/r/formula1/comments/1n40u7e/2025_dutch_gp_qualifying_discussion/,1756558231,2025-08-30T12:50:31Z,2025-08-30,FALSE,True,posts.part001.csv
submission,1n3zmxp,formula1,memloh,"Wolff: Strange to not have ""great enemy"" Horner in F1",,898,898,0,56,0.98,:post-news: News,False,False,False,False,https://www.autosport.com/f1/news/wolff-strange-to-not-have-great-enemy-horner-in-f1/10754676/,https://www.reddit.com/r/formula1/comments/1n3zmxp/wolff_strange_to_not_have_great_enemy_horner_in_f1/,1756554603,2025-08-30T11:50:03Z,2025-08-30,FALSE,False,posts.part001.csv
submission,1n3zmlc,formula1,FerrariStrategisttt,"George Russell has been warned, and Mercedes has been fined €7,500, for his ""dangerous situation"" with Fernando Alonso in FP3",,1615,1615,0,151,0.98,:post-technical: Technical,False,False,False,False,https://cdn.imgchest.com/files/7ogcbmbdxny.jpg,https://www.reddit.com/r/formula1/comments/1n3zmlc/george_russell_has_been_warned_and_mercedes_has/,1756554569,2025-08-30T11:49:29Z,2025-08-30,FALSE,False,posts.part001.csv
submission,1n3y8ns,formula1,anthn885,Alonso and Russell almost come together -DutchGP,,497,497,0,104,0.98,:post-video: Video,False,False,False,False,https://streamain.com/en/19qDfQMfPj8oBvh/watch,https://www.reddit.com/r/formula1/comments/1n3y8ns/alonso_and_russell_almost_come_together_dutchgp/,1756549708,2025-08-30T10:28:28Z,2025-08-30,FALSE,False,posts.part001.csv
submission,1n3xvlf,formula1,No_Sun_2121,"Flavio Briatore confirms talks with Pierre Gasly over a contract extension. As for Colapinto, nothing has been decided yet.",,364,364,0,105,0.96,:post-news: News,False,False,False,False,https://www.autohebdof1.com/news/f1/Flavio-Briatore-confirms-thatalpine-Pierre-Gasly-is-negotiating-to-extend-his-contract.html,https://www.reddit.com/r/formula1/comments/1n3xvlf/flavio_briatore_confirms_talks_with_pierre_gasly/,1756548305,2025-08-30T10:05:05Z,2025-08-30,FALSE,False,posts.part001.csv
submission,1n3xry4,formula1,l3w1s1234,'20-30%' - Huge differences claimed in F1 teams' 2026 estimates,,262,262,0,106,0.94,:post-news: News,False,False,False,False,https://www.the-race.com/formula-1/pirelli-admission-f1-2026-performance-gaps/,https://www.reddit.com/r/formula1/comments/1n3xry4/2030_huge_differences_claimed_in_f1_teams_2026/,1756547931,2025-08-30T09:58:51Z,2025-08-30,FALSE,False,posts.part001.csv
submission,1n3btjo,formula1,Farrisioso,F1 Bingo Round 15- Zandvoort- Prediction Competition Game Link in Comments,,45,45,0,8,0.98,:post-statistics: Statistics,False,False,False,False,https://i.redd.it/qoycncbkhzlf1.jpeg,https://www.reddit.com/r/formula1/comments/1n3btjo/f1_bingo_round_15_zandvoort_prediction/,1756484277,2025-08-29T16:17:57Z,2025-08-29,FALSE,False,posts.part001.csv
submission,1n3wdws,formula1,ARTWARS_209,I designed stake f1 teams official Dutch gp poster!!,Yes I'm the same person who made a post about my hungary poster Competition entry (the second Pic). Yous comments inspired me to try again and here I am collaborating with a formula one team.i still can't comprehend that fact lol,3494,3494,0,63,0.98,:post-poster: Poster,False,False,False,False,https://www.reddit.com/gallery/1n3wdws,https://www.reddit.com/r/formula1/comments/1n3wdws/i_designed_stake_f1_teams_official_dutch_gp_poster/,1756542309,2025-08-30T08:25:09Z,2025-08-30,FALSE,False,posts.part001.csv
submission,1n3x7q5,formula1,AutoModerator,2025 Dutch GP - Free Practice 3 Discussion,"# ROUND 15 - NETHERLANDS FORMULA 1 HEINEKEN DUTCH GP # 🕒 SESSION TIMES |Day|Session|Time (UTC)| |:-|:-|:-| |~~FRI~~|~~Free Practice 1~~|~~10:30~~| |~~FRI~~|~~Free Practice 2~~|~~14:00~~| |SAT|Free Practice 3|09:30| |SAT|Qualifying|13:00| |SUN|Race|13:00| [Click here for start times in your area](http://f1calendar.com/) # 🏁 RACE INFORMATION * **Track**: Circuit Zandvoort * **Location**: Zandvoort, Netherlands * **Race laps**: 72 * **Lap length**: 4.259km * **Race distance**: 306.648km * **Lap Record**: 1:11.097, Lewis Hamilton (Mercedes), 2021 # ⏪ LAST TIME AROUND * **Pole position**: 1:09.673, Lando Norris (Mclaren) * **Race winner**: Lando Norris (Mclaren) * **Fastest lap**: 1:13.817, Lando Norris (Mclaren) # 📺 WHERE TO WATCH? F1 is broadcast on F1TV and through several local broadcasters. [Click here](https://www.formula1.com/en/toolbar/content_schedule.html) to find out if F1TV is offered in your region. [Click here](https://www.formula1.com/en/toolbar/broadcast-information.html) to go to the full list of broadcasters. Streams and downloads are not welcome on r/Formula1. Requesting and sharing streams and/or downloads will be met with immediate bans. # ❤️ GOOD CAUSES * 🇺🇦 [Want to support Ukraine? Here's a list of charities.](https://www.reddit.com/r/ukraine/comments/s6g5un/want_to_support_ukraine_heres_a_list_of_charities/?utm_source=reddit&utm_medium=usertext&utm_name=ukraine&utm_content=t3_t5okbs) * 🏳️‍🌈 [Support Stonewall to help improve the lives of LGBTQ+ people.](https://donorbox.org/support-stonewall)",64,64,0,769,0.96,:post-grand-prix: Free Practice,False,False,False,False,https://www.reddit.com/r/formula1/comments/1n3x7q5/2025_dutch_gp_free_practice_3_discussion/,https://www.reddit.com/r/formula1/comments/1n3x7q5/2025_dutch_gp_free_practice_3_discussion/,1756545655,2025-08-30T09:20:55Z,2025-08-30,FALSE,True,posts.part001.csv
submission,1n3u47s,formula1,AutoModerator,Ask r/Formula1 Anything - Daily Discussion Thread,"# Welcome to the [r/formula1](https://www.reddit.com/r/formula1/) Daily Discussion / Q&A thread. This thread is a hub for general discussion and questions about Formula 1, that don't need threads of their own. Are you new to Formula 1? This is the place for you. Ever wondered why it's called a lollipop man? Why the cars don't refuel during pitstops? Or when Mika will be back from his sabbatical? Ask any question you might have here, and the community will answer. Also make sure you check out our [guide for new fans](https://www.reddit.com/r/formula1/wiki/newtof1), and our [FAQ for new fans](https://www.reddit.com/r/formula1/wiki/faq). Are you a veteran fan, longing for the days of lollipop men, refueling during pitstops, and Mika Häkkinen? This is the place to introduce new fans to your passion and knowledge of the sport. Remember to keep it civil and welcoming! Gatekeeping within the Daily Discussion will subject users to disciplinary action. Have a meta question about the subreddit? Please [direct these to the moderators](https://www.reddit.com/message/compose/?to=/r/formula1) instead.",12,12,0,97,0.87,:post-daily-discussion: Daily Discussion,False,False,False,False,https://www.reddit.com/r/formula1/comments/1n3u47s/ask_rformula1_anything_daily_discussion_thread/,https://www.reddit.com/r/formula1/comments/1n3u47s/ask_rformula1_anything_daily_discussion_thread/,1756533663,2025-08-30T06:01:03Z,2025-08-30,FALSE,True,posts.part001.csv
submission,1n3nmst,formula1,sl4z3r,Team Torque Ep.7 | Dutch GP,,87,87,0,8,0.86,:post-video: Video,False,False,False,False,https://www.youtube.com/watch?v=FBpXpF7auxQ,https://www.reddit.com/r/formula1/comments/1n3nmst/team_torque_ep7_dutch_gp/,1756513009,2025-08-30T00:16:49Z,2025-08-30,FALSE,False,posts.part001.csv
submission,1n3ndqf,formula1,anthn885,Russell & Piastri Near Miss in the Pit Lane | Dutch GP FP2,,201,201,0,48,0.96,:post-video: Video,False,False,False,False,https://streamain.com/U6QlDgCH8ARV8Oc/watch,https://www.reddit.com/r/formula1/comments/1n3ndqf/russell_piastri_near_miss_in_the_pit_lane_dutch/,1756512273,2025-08-30T00:04:33Z,2025-08-30,FALSE,False,posts.part001.csv
submission,1n3k0vg,formula1,Shroft,It’s been 33 years since F1 saw a female driver compete. When will the next one come along ?,,1222,1222,0,566,0.84,:post-news: News,False,False,False,False,https://www.nytimes.com/athletic/6579866/2025/08/29/f1-female-driver-giovanna-amati/?source=twitterhq&utm_campaign=twhq&utm_medium=social,https://www.reddit.com/r/formula1/comments/1n3k0vg/its_been_33_years_since_f1_saw_a_female_driver/,1756503469,2025-08-29T21:37:49Z,2025-08-29,FALSE,False,posts.part001.csv
submission,1n3iw3f,formula1,Any_Inflation_2543,George Russell contract: Mercedes team principal Toto Wolff says new deal is 'a formality' at Dutch Grand Prix,,419,419,0,54,0.95,:post-news: News,False,False,False,False,https://www.skysports.com/f1/news/12433/13420348/george-russell-contract-mercedes-team-principal-toto-wolff-says-new-deal-is-a-formality-at-dutch-grand-prix,https://www.reddit.com/r/formula1/comments/1n3iw3f/george_russell_contract_mercedes_team_principal/,1756500672,2025-08-29T20:51:12Z,2025-08-29,FALSE,False,posts.part001.csv
submission,1n3htj9,formula1,sppy1,Leclerc seeks 'miracle' after 'worst Friday of the season',,401,401,0,59,0.96,:post-news: News,False,False,False,False,https://www.formula1.com/en/latest/article/leclerc-seeks-miracle-to-recover-from-worst-friday-of-the-season-in.PtOAzqINCC91vqbNHZQNK,https://www.reddit.com/r/formula1/comments/1n3htj9/leclerc_seeks_miracle_after_worst_friday_of_the/,1756498086,2025-08-29T20:08:06Z,2025-08-29,FALSE,False,posts.part001.csv
submission,1n3fv9o,formula1,turinturambar66,Discussions underway for possible Herta move to F2 in 2026 | RACER,,193,193,0,136,0.92,:post-news: News,False,False,False,False,https://racer.com/2025/08/29/discussions-underway-for-possible-herta-move-to-f2-in-2026,https://www.reddit.com/r/formula1/comments/1n3fv9o/discussions_underway_for_possible_herta_move_to/,1756493500,2025-08-29T18:51:40Z,2025-08-29,FALSE,False,posts.part001.csv
submission,1n3e8z0,formula1,wyxegake,FP2 Highlights | 2025 Dutch Grand Prix,,78,78,0,9,0.93,:post-video: Video,False,False,False,False,https://youtu.be/zRuF3P_JgVw?si=jCBURGu5HC8wLRTR,https://www.reddit.com/r/formula1/comments/1n3e8z0/fp2_highlights_2025_dutch_grand_prix/,1756489774,2025-08-29T17:49:34Z,2025-08-29,FALSE,False,posts.part001.csv
submission,1n3c3z9,formula1,sellyme,"Decision Document - €5,000 fine for McLaren over PIA pit lane infringement",,853,853,0,66,0.98,:post-news: News,False,False,False,False,https://cdn.imgchest.com/files/4apc5e9ng64.png,https://www.reddit.com/r/formula1/comments/1n3c3z9/decision_document_5000_fine_for_mclaren_over_pia/,1756484932,2025-08-29T16:28:52Z,2025-08-29,FALSE,False,posts.part001.csv
submission,1n3agpu,formula1,Aratho,[RaceFans] Both McLaren drivers have been summoned to the stewards regarding the incident with George Russell in the pit lane during second practice.,,786,786,0,84,0.97,:post-moderator-comment: Only Piastri now.,False,False,False,False,https://bsky.app/profile/racefans.net/post/3lxkehiw5zs2d,https://www.reddit.com/r/formula1/comments/1n3agpu/racefans_both_mclaren_drivers_have_been_summoned/,1756481188,2025-08-29T15:26:28Z,2025-08-29,FALSE,False,posts.part001.csv
submission,1n3a4j6,formula1,FSUfan35,2025 Dutch GP - FP2 Classification,,526,526,0,100,0.96,:post-statistics: Statistics,False,False,False,False,https://pbs.twimg.com/media/Gzh0cZVXMAELDHU?format=jpg&name=large,https://www.reddit.com/r/formula1/comments/1n3a4j6/2025_dutch_gp_fp2_classification/,1756480414,2025-08-29T15:13:34Z,2025-08-29,FALSE,False,posts.part001.csv
submission,1n390h4,formula1,Shroft,"Bernie Ecclestone , Christian Horner and Flavio Briatore at Alpine F1 team would be ' Mafia reunion ' - Toto Wolff",,2487,2487,0,215,0.98,:post-quotes: Quotes,False,False,False,False,https://www.motorsport.com/f1/news/ecclestone-horner-briatore-alpine-mafia-wolff/10754390/,https://www.reddit.com/r/formula1/comments/1n390h4/bernie_ecclestone_christian_horner_and_flavio/,1756477853,2025-08-29T14:30:53Z,2025-08-29,FALSE,False,posts.part001.csv
submission,1n39brk,formula1,anthn885,Replay: Lance Stroll crashes at Turn 3 |DutchGP,,625,625,0,87,0.98,:post-video: Video,False,False,False,False,https://streamain.com/sZ0oI6BCfNj4Xjq/watch,https://www.reddit.com/r/formula1/comments/1n39brk/replay_lance_stroll_crashes_at_turn_3_dutchgp/,1756478594,2025-08-29T14:43:14Z,2025-08-29,FALSE,False,posts.part001.csv
submission,1n39a29,formula1,beanbagreg,Franco Colapinto F1 future in doubt after fierce Flavio Briatore criticism,,890,890,0,279,0.93,:post-news: News,False,False,False,False,https://racingnews365.com/franco-colapinto-f1-future-in-doubt-after-fierce-flavio-briatore-criticism,https://www.reddit.com/r/formula1/comments/1n39a29/franco_colapinto_f1_future_in_doubt_after_fierce/,1756478485,2025-08-29T14:41:25Z,2025-08-29,FALSE,False,posts.part001.csv
submission,1n37lgy,formula1,Adrian-The-Great,Zandvoort GP Weather forecast,"Weather forecast for the weekend The 2024 Formula 1 Dutch Grand Prix, held in 2024, saw Lando Norris of McLaren take a dominant victory, ending Max Verstappen's three-race winning streak at his home Grand Prix. This race, held in 2023, was marked by unpredictable and dramatic rain showers that impacted the strategy and outcome. Max Verstappen emerged victorious, equaling Sebastian Vettel's record of nine consecutive F1 wins.",138,138,0,15,0.88,:post-news: News,False,False,False,False,https://i.redd.it/edprtuccoylf1.jpeg,https://www.reddit.com/r/formula1/comments/1n37lgy/zandvoort_gp_weather_forecast/,1756474451,2025-08-29T13:34:11Z,2025-08-29,FALSE,False,posts.part001.csv
submission,1n350j6,formula1,Mryplays,Verstappen cleaning up the gravel on his car after the crash,,3200,3200,0,71,0.98,:post-photo: Photo,False,False,False,False,https://www.reddit.com/gallery/1n350j6,https://www.reddit.com/r/formula1/comments/1n350j6/verstappen_cleaning_up_the_gravel_on_his_car/,1756467415,2025-08-29T11:36:55Z,2025-08-29,FALSE,False,posts.part001.csv
submission,1n3843v,formula1,AutoModerator,2025 Dutch GP - Free Practice 2 Discussion,"# ROUND 15 - NETHERLANDS FORMULA 1 HEINEKEN DUTCH GP # 🕒 SESSION TIMES |Day|Session|Time (UTC)| |:-|:-|:-| |~~FRI~~|~~Free Practice 1~~|~~10:30~~| |FRI|Free Practice 2|14:00| |SAT|Free Practice 3|09:30| |SAT|Qualifying|13:00| |SUN|Race|13:00| [Click here for start times in your area](http://f1calendar.com/) # 🏁 RACE INFORMATION * **Track**: Circuit Zandvoort * **Location**: Zandvoort, Netherlands * **Race laps**: 72 * **Lap length**: 4.259km * **Race distance**: 306.648km * **Lap Record**: 1:11.097, Lewis Hamilton (Mercedes), 2021 # ⏪ LAST TIME AROUND * **Pole position**: 1:09.673, Lando Norris (Mclaren) * **Race winner**: Lando Norris (Mclaren) * **Fastest lap**: 1:13.817, Lando Norris (Mclaren) # 📺 WHERE TO WATCH? F1 is broadcast on F1TV and through several local broadcasters. [Click here](https://www.formula1.com/en/toolbar/content_schedule.html) to find out if F1TV is offered in your region. [Click here](https://www.formula1.com/en/toolbar/broadcast-information.html) to go to the full list of broadcasters. Streams and downloads are not welcome on r/Formula1. Requesting and sharing streams and/or downloads will be met with immediate bans. # ❤️ GOOD CAUSES * 🇺🇦 [Want to support Ukraine? Here's a list of charities.](https://www.reddit.com/r/ukraine/comments/s6g5un/want_to_support_ukraine_heres_a_list_of_charities/?utm_source=reddit&utm_medium=usertext&utm_name=ukraine&utm_content=t3_t5okbs) * 🏳️‍🌈 [Support Stonewall to help improve the lives of LGBTQ+ people.](https://donorbox.org/support-stonewall)",55,55,0,816,0.85,:post-grand-prix: Free Practice,False,False,False,False,https://www.reddit.com/r/formula1/comments/1n3843v/2025_dutch_gp_free_practice_2_discussion/,https://www.reddit.com/r/formula1/comments/1n3843v/2025_dutch_gp_free_practice_2_discussion/,1756475731,2025-08-29T13:55:31Z,2025-08-29,FALSE,True,posts.part001.csv
submission,1n37mzm,formula1,wyxegake,FP1 Highlights | 2025 Dutch Grand Prix,,96,96,0,10,0.93,:post-video: Video,False,False,False,False,https://youtu.be/0jWlfFTXDNI?si=sJZX0jzzDxDs73fb,https://www.reddit.com/r/formula1/comments/1n37mzm/fp1_highlights_2025_dutch_grand_prix/,1756474554,2025-08-29T13:35:54Z,2025-08-29,FALSE,False,posts.part001.csv
submission,1n37g7y,formula1,anthn885,Kimi Antonelli triggered a red flag after getting stuck in the gravel - DutchGP,,194,194,0,3,0.97,:post-video: Video,False,False,False,False,https://streamain.com/LT9sWFDDlc6iZB1/watch,https://www.reddit.com/r/formula1/comments/1n37g7y/kimi_antonelli_triggered_a_red_flag_after_getting/,1756474083,2025-08-29T13:28:03Z,2025-08-29,FALSE,False,posts.part001.csv
submission,1n37e1d,formula1,memloh,"Verstappen tells F1 not to replace Zandvoort with ""another street circuit""",,5230,5230,0,359,0.98,:post-news: News,False,False,False,False,https://www.racefans.net/2025/08/29/verstappen-tells-f1-not-to-replace-zandvoort-with-another-street-circuit/,https://www.reddit.com/r/formula1/comments/1n37e1d/verstappen_tells_f1_not_to_replace_zandvoort_with/,1756473924,2025-08-29T13:25:24Z,2025-08-29,FALSE,False,posts.part001.csv
submission,1n36623,formula1,anthn885,Stroll reacts to Tsunoda moving slowly on the racing line | Dutch GP,,190,190,0,12,0.95,:post-video: Video,False,False,False,False,https://streamain.com/KwGZWsSabrRl04P/watch,https://www.reddit.com/r/formula1/comments/1n36623/stroll_reacts_to_tsunoda_moving_slowly_on_the/,1756470756,2025-08-29T12:32:36Z,2025-08-29,FALSE,False,posts.part001.csv
submission,1n35ya1,formula1,FSUfan35,2025 Dutch GP - FP1 Classification,,217,217,0,54,0.94,:post-statistics: Statistics,False,False,False,False,https://pbs.twimg.com/media/GzhMcIJXsAAio5P?format=jpg&name=4096x4096,https://www.reddit.com/r/formula1/comments/1n35ya1/2025_dutch_gp_fp1_classification/,1756470162,2025-08-29T12:22:42Z,2025-08-29,FALSE,False,posts.part001.csv
submission,1n35qak,formula1,--Nimbus--,2025 Dutch GP: FP1 sector times,,265,265,0,42,0.98,:post-statistics: Statistics,False,False,False,False,https://i.redd.it/yfs0sw1p9ylf1.png,https://www.reddit.com/r/formula1/comments/1n35qak/2025_dutch_gp_fp1_sector_times/,1756469525,2025-08-29T12:12:05Z,2025-08-29,FALSE,False,posts.part001.csv
submission,1n356sn,formula1,anthn885,Verstappen almost hits the barriers at Turn 1 after a practice start | Dutch GP,,1200,1200,0,74,0.98,:post-video: Video,False,False,False,False,https://streamain.com/mGp2KDkn3Spqsnf/watch,https://www.reddit.com/r/formula1/comments/1n356sn/verstappen_almost_hits_the_barriers_at_turn_1/,1756467942,2025-08-29T11:45:42Z,2025-08-29,FALSE,False,posts.part001.csv
submission,1n2ymcv,formula1,curse_annihlator,[schecoperez] what a pleasure it was to see you again 🇲🇽 we are coming back. (PS: Is this a sneak peek to the official livery of cadillac? Cause it looks good),,517,517,0,55,0.95,:post-social-media: Social Media,False,False,False,False,https://i.redd.it/y0bsizjv5wlf1.png,https://www.reddit.com/r/formula1/comments/1n2ymcv/schecoperez_what_a_pleasure_it_was_to_see_you/,1756444028,2025-08-29T05:07:08Z,2025-08-29,FALSE,False,posts.part001.csv
submission,1n32uwe,formula1,cafk,[FIA] Car Updates for Zandvoort 2025,"Original PDF: https://www.fia.com/system/files/decision-document/2025_dutch_grand_prix_-_car_presentation_submissions.pdf From: https://www.fia.com/documents/championships/fia-formula-one-world-championship-14/season/season-2025-2071 Only Sauber, Red Bull & Alpine have updates.",149,149,0,7,0.97,:post-technical: Technical,False,False,False,False,https://www.reddit.com/gallery/1n32uwe,https://www.reddit.com/r/formula1/comments/1n32uwe/fia_car_updates_for_zandvoort_2025/,1756460141,2025-08-29T09:35:41Z,2025-08-29,FALSE,False,posts.part001.csv
submission,1n343qs,formula1,jovanmilic97,Antonelli's radio after he was stuck in the gravel,,9196,9196,0,106,0.98,:post-photo: Photo,False,False,False,False,https://i.redd.it/rom3ldmtuxlf1.jpeg,https://www.reddit.com/r/formula1/comments/1n343qs/antonellis_radio_after_he_was_stuck_in_the_gravel/,1756464542,2025-08-29T10:49:02Z,2025-08-29,FALSE,False,posts.part001.csv
submission,1n34cti,formula1,anthn885,Hamilton spins 360° at Turn 3 in FP1 | Dutch GP 2025,,673,673,0,54,0.98,:post-video: Video,False,False,False,False,https://streamain.com/n9n0psPt3zDIZAP/watch,https://www.reddit.com/r/formula1/comments/1n34cti/hamilton_spins_360_at_turn_3_in_fp1_dutch_gp_2025/,1756465363,2025-08-29T11:02:43Z,2025-08-29,FALSE,False,posts.part001.csv
submission,1n33lp7,formula1,AutoModerator,2025 Dutch GP - Free Practice 1 Discussion,"# ROUND 15 - NETHERLANDS FORMULA 1 HEINEKEN DUTCH GP # 🕒 SESSION TIMES |Day|Session|Time (UTC)| |:-|:-|:-| |FRI|Free Practice 1|10:30| |FRI|Free Practice 2|14:00| |SAT|Free Practice 3|09:30| |SAT|Qualifying|13:00| |SUN|Race|13:00| [Click here for start times in your area](http://f1calendar.com/) # 🏁 RACE INFORMATION * **Track**: Circuit Zandvoort * **Location**: Zandvoort, Netherlands * **Race laps**: 72 * **Lap length**: 4.259km * **Race distance**: 306.648km * **Lap Record**: 1:11.097, Lewis Hamilton (Mercedes), 2021 # ⏪ LAST TIME AROUND * **Pole position**: 1:09.673, Lando Norris (Mclaren) * **Race winner**: Lando Norris (Mclaren) * **Fastest lap**: 1:13.817, Lando Norris (Mclaren) # 📺 WHERE TO WATCH? F1 is broadcast on F1TV and through several local broadcasters. [Click here](https://www.formula1.com/en/toolbar/content_schedule.html) to find out if F1TV is offered in your region. [Click here](https://www.formula1.com/en/toolbar/broadcast-information.html) to go to the full list of broadcasters. Streams and downloads are not welcome on r/Formula1. Requesting and sharing streams and/or downloads will be met with immediate bans. # ❤️ GOOD CAUSES * 🇺🇦 [Want to support Ukraine? Here's a list of charities.](https://www.reddit.com/r/ukraine/comments/s6g5un/want_to_support_ukraine_heres_a_list_of_charities/?utm_source=reddit&utm_medium=usertext&utm_name=ukraine&utm_content=t3_t5okbs) * 🏳️‍🌈 [Support Stonewall to help improve the lives of LGBTQ+ people.](https://donorbox.org/support-stonewall)",84,84,0,868,0.92,:post-grand-prix: Free Practice,False,False,False,False,https://www.reddit.com/r/formula1/comments/1n33lp7/2025_dutch_gp_free_practice_1_discussion/,https://www.reddit.com/r/formula1/comments/1n33lp7/2025_dutch_gp_free_practice_1_discussion/,1756462830,2025-08-29T10:20:30Z,2025-08-29,FALSE,True,posts.part001.csv
submission,1n2vg1c,formula1,Meteorologist_15,2025 Dutch GP Weekend Weather Forecast,"There's been a lot of chatter about the weather for this weekend in Zandvoort, so I thought I'd put out a forecast for the race weekend. This time, instead of just putting out the headline forecast and calling it there, I thought I'd also include a breakdown of the weather pattern and why it might be so tough for teams to figure out what kind of setup and strategies to build. Even if FP2 is the only session truly impacted by rain the others will be disrupted enough to prevent the teams from learning as much data as they'd like. It's really the cooler and breezier conditions that might cause some teams problems, especially with the wind coming right off the sea, one of the overlooked potential troubles with racing on a seaside track. To get some discussion going about weather impacts to the actual race running, I'll put my personal opinions here: McLaren have seen pretty infallible when it comes to setup since their car can run in such a wide range of conditions, so to me the only hope for us non-papaya supporters is for on/off rain during the race to force a strategy error. Even then, both Red Bull and especially Ferrari have suffered when it comes to setup and operating conditions this year, so I'm not sure if either team will be able to capitalize on a potential McLaren misstep. Maybe Mercedes will be ready. And for a bit of fun: the rain Sunday morning is (in part) associated with the remnants of Tropical Storm Fernand... o! Alonso win number 33 confirmed.",100,100,0,11,0.95,:post-off-topic: Off-Topic,False,False,False,False,https://www.reddit.com/gallery/1n2vg1c,https://www.reddit.com/r/formula1/comments/1n2vg1c/2025_dutch_gp_weekend_weather_forecast/,1756434121,2025-08-29T02:22:01Z,2025-08-29,FALSE,False,posts.part001.csv
submission,1n32myw,formula1,Task_Force-191,[Rory Mitchell] The FIA has upgraded the Safety Car to the Aston Martin Vantage S. It's faster and features a new twin turbo V8 that outputs 680bhp.,,2348,2348,0,172,0.98,:post-news: News,False,False,False,False,https://bsky.app/profile/rorymitchellf1.bsky.social/post/3lxjowfjdlk25,https://www.reddit.com/r/formula1/comments/1n32myw/rory_mitchell_the_fia_has_upgraded_the_safety_car/,1756459331,2025-08-29T09:22:11Z,2025-08-29,FALSE,False,posts.part001.csv
submission,1n31wo0,formula1,memloh,Some upgrades “should never have happened” claims Alonso,,886,886,0,49,0.99,:post-news: News,False,False,False,False,https://www.motorsport.com/f1/news/Some-Aston-Martin-F1-upgrades-should-never-have-happened-claims-Fernando-Alonso/10754171/,https://www.reddit.com/r/formula1/comments/1n31wo0/some_upgrades_should_never_have_happened_claims/,1756456482,2025-08-29T08:34:42Z,2025-08-29,FALSE,False,posts.part001.csv
submission,1n2zkdh,formula1,Aratho,Red Bull's poster for the Dutch Grand Prix,,1495,1495,0,37,0.97,:post-poster: Poster,False,False,False,False,https://i.redd.it/b1tjdta2gwlf1.jpeg,https://www.reddit.com/r/formula1/comments/1n2zkdh/red_bulls_poster_for_the_dutch_grand_prix/,1756447453,2025-08-29T06:04:13Z,2025-08-29,FALSE,False,posts.part001.csv
submission,1n2zwuw,formula1,Aratho,"Norris will ""thank Andrea for the rest of my life"" for McLaren's 2025 success",,1188,1188,0,53,0.96,:post-news: News,False,False,False,False,https://www.racefans.net/2025/08/29/norris-will-thank-andrea-for-the-rest-of-my-life-for-mclarens-2025-success/,https://www.reddit.com/r/formula1/comments/1n2zwuw/norris_will_thank_andrea_for_the_rest_of_my_life/,1756448749,2025-08-29T06:25:49Z,2025-08-29,FALSE,False,posts.part001.csv
submission,1n2zncf,formula1,mango-yoyo,Alonso and Russell back Hamilton to bounce back,,304,304,0,70,0.94,:post-news: News,False,False,False,False,https://www.formula1.com/en/latest/article/lewis-is-a-fighter-alonso-and-russell-back-hamilton-to-bounce-back-at.7l2pzUGPoW0vdmRQ1khHvv,https://www.reddit.com/r/formula1/comments/1n2zncf/alonso_and_russell_back_hamilton_to_bounce_back/,1756447769,2025-08-29T06:09:29Z,2025-08-29,FALSE,False,posts.part001.csv
submission,1n2ziax,formula1,AutoModerator,Ask r/Formula1 Anything - Daily Discussion Thread,"# Welcome to the [r/formula1](https://www.reddit.com/r/formula1/) Daily Discussion / Q&A thread. This thread is a hub for general discussion and questions about Formula 1, that don't need threads of their own. Are you new to Formula 1? This is the place for you. Ever wondered why it's called a lollipop man? Why the cars don't refuel during pitstops? Or when Mika will be back from his sabbatical? Ask any question you might have here, and the community will answer. Also make sure you check out our [guide for new fans](https://www.reddit.com/r/formula1/wiki/newtof1), and our [FAQ for new fans](https://www.reddit.com/r/formula1/wiki/faq). Are you a veteran fan, longing for the days of lollipop men, refueling during pitstops, and Mika Häkkinen? This is the place to introduce new fans to your passion and knowledge of the sport. Remember to keep it civil and welcoming! Gatekeeping within the Daily Discussion will subject users to disciplinary action. Have a meta question about the subreddit? Please [direct these to the moderators](https://www.reddit.com/message/compose/?to=/r/formula1) instead.",23,23,0,66,0.9,:post-daily-discussion: Daily Discussion,False,False,False,False,https://www.reddit.com/r/formula1/comments/1n2ziax/ask_rformula1_anything_daily_discussion_thread/,https://www.reddit.com/r/formula1/comments/1n2ziax/ask_rformula1_anything_daily_discussion_thread/,1756447247,2025-08-29T06:00:47Z,2025-08-29,FALSE,True,posts.part001.csv
submission,1n2ycv5,formula1,CanonNi,"Antonelli responds to Marko dig amid Mercedes ""pressure"" in F1 2025",,86,86,0,50,0.81,:post-news: News,False,False,False,False,https://www.autosport.com/f1/news/antonelli-responds-to-marko-dig-amid-mercedes-pressure-in-f1-2025/10754121/,https://www.reddit.com/r/formula1/comments/1n2ycv5/antonelli_responds_to_marko_dig_amid_mercedes/,1756443122,2025-08-29T04:52:02Z,2025-08-29,FALSE,False,posts.part001.csv
submission,1n2wjvm,formula1,XsStreamMonsterX,[Mercedes AMG F1]Red flag or green flag? Valtteri Bottas rates his hair eras,,120,120,0,14,0.93,:post-video: Video,False,False,False,False,https://www.youtube.com/watch?v=kQBhc8rw_ZM,https://www.reddit.com/r/formula1/comments/1n2wjvm/mercedes_amg_f1red_flag_or_green_flag_valtteri/,1756437357,2025-08-29T03:15:57Z,2025-08-29,FALSE,False,posts.part001.csv
submission,1n2ugv5,formula1,CanonNi,Drivers Return From Summer Break | 2025 Dutch Grand Prix,,78,78,0,18,0.93,:post-video: Video,False,False,False,False,https://youtu.be/XJyQm7KVm9A?si=teh7QZoVM1O96RAX,https://www.reddit.com/r/formula1/comments/1n2ugv5/drivers_return_from_summer_break_2025_dutch_grand/,1756431356,2025-08-29T01:35:56Z,2025-08-29,FALSE,False,posts.part001.csv
submission,1n2s93m,formula1,lycan2005,Cadillac Promotional Video with Keanu Reeves,,200,200,0,30,0.93,:post-video: Video,False,False,False,False,https://youtube.com/shorts/93n0P5ZjW2A?si=KS6bDsxiN-7lJyhx,https://www.reddit.com/r/formula1/comments/1n2s93m/cadillac_promotional_video_with_keanu_reeves/,1756425217,2025-08-28T23:53:37Z,2025-08-28,FALSE,False,posts.part001.csv
submission,1n2rcye,formula1,_dlcg_,Schumacher & Hill 1994,"I want to do this post as a way of proving something rather unpopular (to my own amusement). The general consensus in here seems to be that Schumacher did not deserve the championship, when in reality it was Hill who, even with the clear faster car, the FIA and the media on his side, couldn’t battle with Schumacher with 4 races less. I’m going to go race by race proving how this general idea is just wrong: Races 1-4: Senna and the early Season Upon the start of the 1994 season, Senna (past his prime already) although struggling was outpacing Hill by an alarming margin, the first 3 races saw how Hill got severely outpaced by more than 0.7% (even reaching 2% at the first qualy in Brazil), the race pace was no different, we saw that in Brazil were before Senna's DNF, Hill already got lapped by lap 50. Without Senna nothing changed in Monaco where he got outqualified by an inferior Ferrari and Mclaren, and crashed into Hakkinen on turn one retiring on the spot. Races 5-8: First win and first ""real"" controversy In Spain Hill gets his first victory, a race where he won due to Schumacher's problem with the gearbox, where he had to do almost 2/3 of the race stuck in 5th gear. Canada and France came and with that 2 appalling qualifying sessions, being just 0.1% infront of a rookie and a 41 year old driver that came out of retirement, although in favor of him, he clearly outpaced them in the race, but this was not enough to beat a Schumacher at his best and even though he had the faster car in both cases, he came behind. Great Britain came and with that the first ""real"" controversy, Schumacher overtook Hill on the formation laps, something done also by other drivers but ignored (eg: Hakkinen clearly overtook Alesi), that was not allowed and that 5 second stop/go penalty was deserved, what clearly was not was the DSQ which only ocurred due to FIA not communicating correctly with Benetton (the penalty was first believed to be for a non existant false start and later rectified), that and the 2 race ban was just a farce needed to keep the interest in F1 alive because of Schumacher's domination of the season and the lack of champions in the grid (which was one of the reasons Williams called Mansell to race again). Races 9-13: Hill's ""Golden"" Run In Germany he crashed into Katayama and had to pit and fall to the back of the grid not getting any points in a crucial race where Schumacher had to retire due to an engine failure. In Hungary he could only achieved second against a mighty Schumacher (although to be fair he had slightly the worse car). Fast forward to Belgium, Italy and Portugal, the latter 2 without Schumacher, this 3 races (and the others I've pointed out) were very important in the point I am stressing, in them, Hill was outpaced by a rookie teammate and only ended up ahead due to team orders prioritizing him, 3 race wins in a row where team orders and heavy luck came in handy since he also won due to Ferrari's mechanical DNF's in both Italy and Portugal were even without Schumacher he was unable to win fair and square. Race 14-16: Title Deciders At Jerez, Schumacher came back and Hill went back to the same old not being able to take the battle to him even though he had the faster car. In Suzuka he was benefited with the SC and subsequent red flag due to Schumacher's low fuel strategy that was characteristic of the Benetton team, this allowed Hill to run on free air which ultimately gave him the victory (more luck for Hill). In came Australia, again Hill, unable to deliver saw how (again with the faster car) his teammate got pole and his (artificially fabricated) title contender qualified in front of him. Here is where I have to say that although I firmly think the crash was not deliberate it was totally Schumacher's fault. Now with this context in mind let's get some data (team performance table and championship points): https://preview.redd.it/91zj4enleulf1.png?width=1877&format=png&auto=webp&s=af1e4b4234fc867df3632cb81a54b322ebd27221 https://preview.redd.it/hh4sqenleulf1.png?width=1843&format=png&auto=webp&s=0322415660b10643bbca7d2fbbf89efe642f8796 To not be accused of being biased I've excluded the team orders and included Belgium DSQ (although the two tables are available) If we correct the bad luck and remove the team orders, Schumacher could’ve sealed the championship as early as Belgium, five races before the end. In that context, the 2 race ban wouldn’t have mattered. So in conclusion, all this data (which is just a miniscule of all that there is) proves just the opposite of the general idea. 1994 should be hailed as one of Schumacher's greatest seasons. Hill, even while having the car, the FIA, and the media on his side, he still couldn’t deliver.",0,0,0,65,0.43,:post-discussion: Discussion,False,False,False,False,https://www.reddit.com/r/formula1/comments/1n2rcye/schumacher_hill_1994/,https://www.reddit.com/r/formula1/comments/1n2rcye/schumacher_hill_1994/,1756422828,2025-08-28T23:13:48Z,2025-08-28,1756423150,True,posts.part001.csv
submission,1n2py7i,formula1,anthn885,"Valtteri Bottas excited to race again: ""Feels almost as good as signing my first F1 contract"" DutchGP",,589,589,0,5,0.99,:post-video: Video,False,False,False,False,https://streamain.com/cPO2YzWjI3KTxUa/watch,https://www.reddit.com/r/formula1/comments/1n2py7i/valtteri_bottas_excited_to_race_again_feels/,1756419220,2025-08-28T22:13:40Z,2025-08-28,FALSE,False,posts.part001.csv
submission,1n2mrkm,formula1,memloh,Tsunoda: Marko wasn't aware of difference between Red Bull F1 cars,,1820,1820,0,137,0.94,:post-news: News,False,False,False,False,https://www.autosport.com/f1/news/tsunoda-marko-wasnt-aware-of-difference-between-red-bull-f1-cars/10754129/,https://www.reddit.com/r/formula1/comments/1n2mrkm/tsunoda_marko_wasnt_aware_of_difference_between/,1756411613,2025-08-28T20:06:53Z,2025-08-28,FALSE,False,posts.part001.csv
submission,1n2mf40,formula1,DemiFiendRSA,[Box Office Report] Warner Bros. & Apple's F1 The Movie has grossed an estimated $420.6M internationally through Wednesday. Estimated global total through Wednesday stands at $607.1M. F1 The Movie has now overtaken Superman globally.,,1390,1390,0,186,0.96,:post-news: News,False,False,False,False,https://bsky.app/profile/boxofficereport.bsky.social/post/3lxiatma7r22o,https://www.reddit.com/r/formula1/comments/1n2mf40/box_office_report_warner_bros_apples_f1_the_movie/,1756410833,2025-08-28T19:53:53Z,2025-08-28,FALSE,False,posts.part001.csv
submission,1n2m9ys,formula1,Ok-Distance6320,Ollie Bearman did an amateur kart race undercover as an elderly man,,520,520,0,65,0.88,:post-video: Video,False,False,False,False,https://youtu.be/vylke4pLqlI?feature=shared,https://www.reddit.com/r/formula1/comments/1n2m9ys/ollie_bearman_did_an_amateur_kart_race_undercover/,1756410509,2025-08-28T19:48:29Z,2025-08-28,FALSE,False,posts.part001.csv
submission,1n29vxx,formula1,Maxvdh27,My GF designed and made this for me as a gift for getting my degree in Law School,,5824,5824,0,114,0.99,:post-discussion: Discussion,False,False,False,False,https://www.reddit.com/gallery/1n29vxx,https://www.reddit.com/r/formula1/comments/1n29vxx/my_gf_designed_and_made_this_for_me_as_a_gift_for/,1756381192,2025-08-28T11:39:52Z,2025-08-28,FALSE,False,posts.part001.csv
submission,1n2ehck,formula1,1ncognito,Who would you put on your Mt. Rushmore of F1 Team Principals/Lead designers?,"Obviously drivers like Schumacher, Hamilton, Senna, etc. have had massive impacts on the sport, but how do folks rank the various non-drivers who have significantly impacted the sport? How do you think about folks like Newey and Chapman’s contributions to the sport in comparison to folks like Frank Williams or Tyrrell? How do you compare team principals who’ve won a huge amount with huge backing to ones who never won but competed well with significantly smaller budgets? I’m a new fan and I’m curious how y’all who’ve been watching for years think about these kinds of discussions",0,0,0,53,0.43,:post-discussion: Discussion,False,False,False,False,https://www.reddit.com/r/formula1/comments/1n2ehck/who_would_you_put_on_your_mt_rushmore_of_f1_team/,https://www.reddit.com/r/formula1/comments/1n2ehck/who_would_you_put_on_your_mt_rushmore_of_f1_team/,1756392937,2025-08-28T14:55:37Z,2025-08-28,FALSE,True,posts.part001.csv
submission,1n2eblr,formula1,racingplaybook,[OC] A visualisation of driver turnover for every team since their last major ownership change,"Even though this year’s silly season may be very quiet, I wanted to see the movement of drivers between teams and how true certain stereotypes are (looking at Red Bull and RB changing drivers like they are trading cards). Which team do you think has handled driver changes the best (or worst) in recent years? A few quick notes and takeaways: * The decision for the cutoff point being each team’s last major ownership change was because (at least in theory) the ownership would have some decision making power and thus the results would represent the most recent team policy. Let me know if you want to see the all-time results but that will probably take a while. * The common perception that Red Bull has a systematic, ruthless policy of “perform immediately or be replaced”, seems to hold some truth, but much of it stems from their junior team, which is used as the testing ground for executing the strategy. * It looks like Red Bull, at least for their 2nd driver, follow patterns similar to other teams. * Alpine’s 2nd seat looks increasingly unstable recently. Doohan has already been replaced by Colapinto, whose seat is now under pressure. * 2025 was one of the biggest shuffles in recent history. After a completely static grid in 2024, half the grid in 2025 is drivers in new seats.",183,183,0,14,0.95,:post-discussion: Discussion,False,False,False,False,https://i.redd.it/aq640u7mwrlf1.png,https://www.reddit.com/r/formula1/comments/1n2eblr/oc_a_visualisation_of_driver_turnover_for_every/,1756392583,2025-08-28T14:49:43Z,2025-08-28,FALSE,False,posts.part001.csv
submission,1n2g37v,formula1,AZfirefight,Our personal F1 Fantasy game so far…,"In honor of summer break finally ending! I thought I would share the fantasy league that myself and five friends have been playing, and how it’s working out so far. A little back story, there are six of us that work together at a fire station, and we are huge fans of F1, but everyone’s knowledge of the details varies. I wanted to come up with a fantasy game that gave everyone a good chance of points each weekend. So here it is. First I made a board along with everyone’s names attached to some Velcro. In order to determine picking order, each week we race the PS4 game at the designated track. This also helps when watching the race because you feel like you really know the track. None of us are huge gamers so it’s sort of the great equalizer. Occasionally we have people gone on vacation or we were too busy at work to accomplish practice and qualifying sessions. In those cases we draw names from a hat and do a running pick either via text or FaceTime. Once quali has determined picking order, everyone gets to choose ONE team and TWO drivers. The number one pick chooses EITHER one team, or one driver. Then the second person goes and so on. Once the 6th person picks their first pick, they pick again, then picking goes in reverse order, and back down again. (Ex: 1, 2, 3, 4, 5, 6, 6, 5, 4, 3, 2, 1, 1, 2…6) Picking first is obviously a big advantage, but it does not necessarily mean you will have the best combined score for the weekend. Everyone’s points for the weekend are added up at the end and we get to look forward to the next race on the calendar. The game has been a big success. It’s relatively still close at the summer break. We also added a race on the calendar where you’ll see Andretti on the calendar. This is a karting facility nearby where we physically went together and raced for points. Each weekend you end up cheering for new drivers and teams which keeps it exciting. This format has worked out so much better than I planned, and it’s really given us a whole new level of enjoyment this season. Hope you enjoy our shenanigans. Glad break is over. Lights out and away we go! Pictures: the board pre-picks, the board mostly through picking, the total points so far, 4 of the 6 of us in Vegas the first year.",161,161,0,15,0.89,:post-discussion: Discussion,False,False,False,False,https://www.reddit.com/gallery/1n2g37v,https://www.reddit.com/r/formula1/comments/1n2g37v/our_personal_f1_fantasy_game_so_far/,1756396506,2025-08-28T15:55:06Z,2025-08-28,FALSE,False,posts.part001.csv
submission,1n2itg8,formula1,littletreble07,"[The Race] Oscar Piastri's race engineer, Tom Stallard, on his 2025 transformation: ""It (his progress) is only inevitable if all the good work that leads up to makes it happen""",Insightful article that goes a bit deeper into why Piastri's form is better this year. Also interesting to know his take on the championship - he's clearly thinking long-term.,146,146,0,6,0.9,:post-news: News,False,False,False,False,https://www.the-race.com/formula-1/oscar-piastri-2025-transformation-mclaren-f1-title-bid-tom-stallard/,https://www.reddit.com/r/formula1/comments/1n2itg8/the_race_oscar_piastris_race_engineer_tom/,1756402623,2025-08-28T17:37:03Z,2025-08-28,1756402806,False,posts.part001.csv
submission,1n2j86k,formula1,PaleBlueDave,Hamilton wants to ‘drown out noise’ and focus on F1,,314,314,0,79,0.92,:post-news: News,False,False,False,False,https://www.bbc.co.uk/sport/formula1/articles/c0qlx9pjjjdo,https://www.reddit.com/r/formula1/comments/1n2j86k/hamilton_wants_to_drown_out_noise_and_focus_on_f1/,1756403536,2025-08-28T17:52:16Z,2025-08-28,FALSE,False,posts.part001.csv
submission,1n2ipid,formula1,randomseocb,"Lando Norris claps back at Jolyon Palmer's ""luck"" argument amid intense F1 title fight",,647,647,0,329,0.85,:post-news: News,False,False,False,False,https://www.motorsport.com/f1/news/lando-norris-claps-back-at-jolyon-palmers-luck-argument-amid-intense-f1-title-fight/10754149/,https://www.reddit.com/r/formula1/comments/1n2ipid/lando_norris_claps_back_at_jolyon_palmers_luck/,1756402378,2025-08-28T17:32:58Z,2025-08-28,FALSE,False,posts.part001.csv
submission,1n2gcwu,formula1,FewCollar227,[@espnf1] Max Verstappen clearly remembers meeting the young Brazilian Gabriel Bortoleto back in 2017,,556,556,0,18,0.95,:post-social-media: Social Media,False,False,False,False,https://dubz.link/c/a90242,https://www.reddit.com/r/formula1/comments/1n2gcwu/espnf1_max_verstappen_clearly_remembers_meeting/,1756397110,2025-08-28T16:05:10Z,2025-08-28,FALSE,False,posts.part001.csv
submission,1n2fvkh,formula1,FewCollar227,[@mercedesamgf1] SURPRISE VALTTERI!!! Traditions are traditions,,356,356,0,14,0.96,:post-social-media: Social Media,False,False,False,False,https://dubz.link/c/8b65b0,https://www.reddit.com/r/formula1/comments/1n2fvkh/mercedesamgf1_surprise_valtteri_traditions_are/,1756396024,2025-08-28T15:47:04Z,2025-08-28,FALSE,False,posts.part001.csv
submission,1n2ezuq,formula1,jovanmilic97,"Verstappen on Perez's return: ""When I saw the news come out, I sent a message to him. I'm very happy for him that he got a seat. He's a great guy and we always got along very well, so I’m happy to see him back on the grid""",,10846,10846,0,315,0.98,:post-video: Video,False,False,False,False,https://streamain.com/HepxUCtc1KxZ04d/watch,https://www.reddit.com/r/formula1/comments/1n2ezuq/verstappen_on_perezs_return_when_i_saw_the_news/,1756394042,2025-08-28T15:14:02Z,2025-08-28,FALSE,False,posts.part001.csv
submission,1n2emcq,formula1,General_Agency9905,[@kimi.antonelli] Happy birthday,,3586,3586,0,23,0.99,:post-social-media: Social Media,False,False,False,False,https://i.redd.it/qz284xdsyrlf1.jpeg,https://www.reddit.com/r/formula1/comments/1n2emcq/kimiantonelli_happy_birthday/,1756393235,2025-08-28T15:00:35Z,2025-08-28,FALSE,False,posts.part001.csv
submission,1n2e4b3,formula1,turinturambar66,"[Motorsport.com] (Alex Palou on Red Bull rumors): ""There's been nothing, nothing at all. The only thing I've heard was it was a manager for some other driver in Indycar who would like to have my seat who said it to start something.",,360,360,0,27,0.96,:post-social-media: Social Media,False,False,False,False,https://xcancel.com/Motorsport/status/1961050163121639449?t=WTiaWKo_ohf7roA7lzedZg&s=19,https://www.reddit.com/r/formula1/comments/1n2e4b3/motorsportcom_alex_palou_on_red_bull_rumors/,1756392138,2025-08-28T14:42:18Z,2025-08-28,FALSE,False,posts.part001.csv
submission,1n2dsad,formula1,turinturambar66,Helmut Marko: No Alex Palou and a phone call with Sergio Perez at Red Bull,,358,358,0,84,0.94,:post-news: News,False,False,False,False,https://www.kleinezeitung.at/sport/motorsport/formel1/20038253/helmut-marko-kein-alex-palou-und-ein-telefonat-mit-sergio-perez-bei-red,https://www.reddit.com/r/formula1/comments/1n2dsad/helmut_marko_no_alex_palou_and_a_phone_call_with/,1756391384,2025-08-28T14:29:44Z,2025-08-28,FALSE,False,posts.part001.csv
submission,1n2ds9y,formula1,anthn885,The Gabi and Max show – Dutch GP,,113,113,0,5,0.89,:post-video: Video,False,False,False,False,https://streamain.com/en/6q7pzaLXvTQDaul/watch,https://www.reddit.com/r/formula1/comments/1n2ds9y/the_gabi_and_max_show_dutch_gp/,1756391383,2025-08-28T14:29:43Z,2025-08-28,FALSE,False,posts.part001.csv
submission,1n2d4x9,formula1,randomseocb,"Lando Norris reflects on his biggest 2025 mistakes: ""Don’t try to be a hero""",,236,236,0,23,0.9,:post-news: News,False,False,False,False,https://www.motorsport.com/f1/news/lando-norris-biggest-2025-mistakes-hero/10754069/,https://www.reddit.com/r/formula1/comments/1n2d4x9/lando_norris_reflects_on_his_biggest_2025/,1756389897,2025-08-28T14:04:57Z,2025-08-28,FALSE,False,posts.part001.csv
submission,1n2cgjg,formula1,Aratho,"Kimi Antonelli was at risk at Mercedes for F1 2026, George Russell claims",,1197,1197,0,286,0.9,:post-news: News,False,False,False,False,https://www.motorsport.com/f1/news/kimi-antonelli-risk-mercedes-f1-2026-george-russell-claims/10754065/,https://www.reddit.com/r/formula1/comments/1n2cgjg/kimi_antonelli_was_at_risk_at_mercedes_for_f1/,1756388259,2025-08-28T13:37:39Z,2025-08-28,FALSE,False,posts.part001.csv
submission,1n2bhdc,formula1,grumpypantaloon,"What is your favorite statistical ""fun fact"" about F1?","I recently started to query various LLMs about some data, facts and figures about F1, there are many obscure ones as you go deep into the rabbit hole, I don't want to place specific figures because I don't trust the LLMs to be precise, often they are incorrect, but for all the dozens of interesting figures you can query, for me it still is kinda amazing that in the history of F1, less than 5% of all drivers won the title, and less than 30% of the drivers took a podium. For me it is interesting because people not following F1 often snark if there is some pundit, commentator and they display ""won 4 GPs and started 45 times""... they feel like it isn't a good driver unless he has 4 titles, yet winning even one grand prix puts him in the top 30%, winning more than 4 races puts him in top 8%...in 75 years of the F1. For me that is quite fascinating. What is your statistics that amazes you?",42,42,0,191,0.6,:post-statistics: Statistics,False,False,False,False,https://www.reddit.com/r/formula1/comments/1n2bhdc/what_is_your_favorite_statistical_fun_fact_about/,https://www.reddit.com/r/formula1/comments/1n2bhdc/what_is_your_favorite_statistical_fun_fact_about/,1756385748,2025-08-28T12:55:48Z,2025-08-28,FALSE,True,posts.part001.csv
submission,1n2b7gd,formula1,Dr_VidyaGeam,Circuit Zandvoort pitlane open webcam,,208,208,0,22,0.94,:post-video: Video,False,False,False,False,https://www.youtube.com/watch?v=fx3ny_5WVLc,https://www.reddit.com/r/formula1/comments/1n2b7gd/circuit_zandvoort_pitlane_open_webcam/,1756384989,2025-08-28T12:43:09Z,2025-08-28,FALSE,False,posts.part001.csv
submission,1n2anpq,formula1,Aratho,"[Rory Mitchell] Verstappen asked if IndyCar driver Alex Palou could switch to F1: ""I know Alex already from go-karting. What he is achieving in IndyCar is incredible. It's so impressive to see, but it's impossible to know how people will do in F1, and it's the same question the other way around.""",,3052,3052,0,116,0.99,:post-social-media: Social Media,False,False,False,False,https://bsky.app/profile/rorymitchellf1.bsky.social/post/3lxhjejezac2y,https://www.reddit.com/r/formula1/comments/1n2anpq/rory_mitchell_verstappen_asked_if_indycar_driver/,1756383466,2025-08-28T12:17:46Z,2025-08-28,FALSE,False,posts.part001.csv
submission,1n27ybp,formula1,diego_02,Dutch Grand Prix trophies,,9942,9942,0,223,0.98,:post-photo: Photo,False,False,False,False,https://i.redd.it/s6vcu2xjfqlf1.jpeg,https://www.reddit.com/r/formula1/comments/1n27ybp/dutch_grand_prix_trophies/,1756374639,2025-08-28T09:50:39Z,2025-08-28,FALSE,False,posts.part001.csv
submission,1n27bpl,formula1,sppy1,What Ferrari analysis of Leclerc's race-losing F1 problem has revealed,,408,408,0,104,0.93,:post-news: News,False,False,False,False,https://www.the-race.com/formula-1/what-ferrari-analysis-of-leclercs-race-losing-f1-problem-has-revealed/,https://www.reddit.com/r/formula1/comments/1n27bpl/what_ferrari_analysis_of_leclercs_racelosing_f1/,1756372267,2025-08-28T09:11:07Z,2025-08-28,FALSE,False,posts.part001.csv
submission,1n26r8l,formula1,Shroft,"Aston Martin F1 team's plan to become a "" Creative , Chaotic innovation machine """,,341,341,0,55,0.94,:post-news: News,False,False,False,False,https://www.motorsport.com/f1/news/aston-martin-creative-chaotic-innovation-machine/10753954/,https://www.reddit.com/r/formula1/comments/1n26r8l/aston_martin_f1_teams_plan_to_become_a_creative/,1756370013,2025-08-28T08:33:33Z,2025-08-28,FALSE,False,posts.part001.csv
submission,1n24ek5,formula1,AutoModerator,Ask r/Formula1 Anything - Daily Discussion Thread,"# Welcome to the [r/formula1](https://www.reddit.com/r/formula1/) Daily Discussion / Q&A thread. This thread is a hub for general discussion and questions about Formula 1, that don't need threads of their own. Are you new to Formula 1? This is the place for you. Ever wondered why it's called a lollipop man? Why the cars don't refuel during pitstops? Or when Mika will be back from his sabbatical? Ask any question you might have here, and the community will answer. Also make sure you check out our [guide for new fans](https://www.reddit.com/r/formula1/wiki/newtof1), and our [FAQ for new fans](https://www.reddit.com/r/formula1/wiki/faq). Are you a veteran fan, longing for the days of lollipop men, refueling during pitstops, and Mika Häkkinen? This is the place to introduce new fans to your passion and knowledge of the sport. Remember to keep it civil and welcoming! Gatekeeping within the Daily Discussion will subject users to disciplinary action. Have a meta question about the subreddit? Please [direct these to the moderators](https://www.reddit.com/message/compose/?to=/r/formula1) instead.",28,28,0,79,0.85,:post-daily-discussion: Daily Discussion,False,False,False,False,https://www.reddit.com/r/formula1/comments/1n24ek5/ask_rformula1_anything_daily_discussion_thread/,https://www.reddit.com/r/formula1/comments/1n24ek5/ask_rformula1_anything_daily_discussion_thread/,1756360865,2025-08-28T06:01:05Z,2025-08-28,FALSE,True,posts.part001.csv
submission,1n22oys,formula1,outremer_empire,McLaren F1 Team Drivers Design Custom Trading Cards with Agentforce,,31,31,0,10,0.64,:post-video: Video,False,False,False,False,https://youtu.be/1_Tec_UrUm8,https://www.reddit.com/r/formula1/comments/1n22oys/mclaren_f1_team_drivers_design_custom_trading/,1756354823,2025-08-28T04:20:23Z,2025-08-28,FALSE,False,posts.part001.csv
submission,1n1yjuh,formula1,DubiousLLM,[F1 BTG] James Hinchcliffe: F1TV Expert On Surviving Ovals & Being Inspired By Villeneuve,,125,125,0,15,0.9,:post-video: Video,False,False,False,False,https://youtu.be/fhA-qIH5GQI,https://www.reddit.com/r/formula1/comments/1n1yjuh/f1_btg_james_hinchcliffe_f1tv_expert_on_surviving/,1756342565,2025-08-28T00:56:05Z,2025-08-28,FALSE,False,posts.part001.csv
submission,1n1qgnl,formula1,T-Altmeyer,Takuma Sato Onboard | Williams Honda FW11 at Laguna Seca,,195,195,0,23,0.94,:post-video: Video,False,False,False,False,https://www.youtube.com/watch?v=BtjLZy5U-v8,https://www.reddit.com/r/formula1/comments/1n1qgnl/takuma_sato_onboard_williams_honda_fw11_at_laguna/,1756322534,2025-08-27T19:22:14Z,2025-08-27,FALSE,False,posts.part001.csv
submission,1n1p4iy,formula1,doland3314,McLaren banks Mastercard as 2026 F1 title partner,,923,923,0,167,0.96,:post-news: News,False,False,False,False,https://www.motorsport.com/f1/news/mclaren-banks-mastercard-as-2026-f1-title-partner/10753851/,https://www.reddit.com/r/formula1/comments/1n1p4iy/mclaren_banks_mastercard_as_2026_f1_title_partner/,1756319518,2025-08-27T18:31:58Z,2025-08-27,FALSE,False,posts.part001.csv
submission,1n1oghv,formula1,turinturambar66,"F2 leader Fornaroli's boss calls his lack of F1 role ""mind-blowing"" - Formula Scout",,452,452,0,209,0.94,:post-off-topic: Off-Topic,False,False,False,False,https://formulascout.com/f2-leader-fornarolis-boss-calls-his-lack-of-f1-role-mind-blowing/133977,https://www.reddit.com/r/formula1/comments/1n1oghv/f2_leader_fornarolis_boss_calls_his_lack_of_f1/,1756318035,2025-08-27T18:07:15Z,2025-08-27,FALSE,False,posts.part001.csv
submission,1n1iagh,formula1,User-K549125,Press Conference Schedule - 2025 Dutch GP,,124,124,0,5,0.94,:post-misc: Misc,False,False,False,False,https://i.redd.it/ggvy1o78mklf1.png,https://www.reddit.com/r/formula1/comments/1n1iagh/press_conference_schedule_2025_dutch_gp/,1756304246,2025-08-27T14:17:26Z,2025-08-27,FALSE,False,posts.part001.csv
submission,1n1kez5,formula1,BarnyH,Why McLaren F1 finally said yes to Mastercard after a decade without a title sponsor - The Athletic,,1662,1662,0,251,0.96,:post-news: News,False,False,False,False,https://www.nytimes.com/athletic/6578523/2025/08/27/mclaren-mastercard-f1-title-sponsor/,https://www.reddit.com/r/formula1/comments/1n1kez5/why_mclaren_f1_finally_said_yes_to_mastercard/,1756309065,2025-08-27T15:37:45Z,2025-08-27,FALSE,False,posts.part001.csv
submission,1n1jhlz,formula1,wyxegake,THE FINALE! Badly Described Races Challenge | Grill The Grid 2025,,417,417,0,86,0.95,:post-video: Video,False,False,False,False,https://youtu.be/jgfEOekYBeM?feature=shared,https://www.reddit.com/r/formula1/comments/1n1jhlz/the_finale_badly_described_races_challenge_grill/,1756306972,2025-08-27T15:02:52Z,2025-08-27,FALSE,False,posts.part001.csv
submission,1n1h4bg,formula1,Peterd1900,Bottas has five-place penalty for first race back in F1 with Cadillac next year,,5348,5348,0,211,0.98,:post-news: News,False,False,False,False,https://www.racefans.net/2025/08/27/bottas-has-five-place-penalty-for-first-race-back-in-f1-with-cadillac-next-year/,https://www.reddit.com/r/formula1/comments/1n1h4bg/bottas_has_fiveplace_penalty_for_first_race_back/,1756301459,2025-08-27T13:30:59Z,2025-08-27,FALSE,False,posts.part001.csv
submission,1n1fsp6,formula1,Master_Jason,Mercedes poster for the 2025 Dutch Grand Prix,,1449,1449,0,54,0.98,:post-poster: Poster,False,False,False,False,https://i.redd.it/6u6hmaym3klf1.jpeg,https://www.reddit.com/r/formula1/comments/1n1fsp6/mercedes_poster_for_the_2025_dutch_grand_prix/,1756298091,2025-08-27T12:34:51Z,2025-08-27,FALSE,False,posts.part001.csv
submission,1n1fwts,formula1,Master_Jason,Alpine poster for the 2025 Dutch Grand Prix,,521,521,0,21,0.97,:post-poster: Poster,False,False,False,False,https://i.redd.it/awo022ht4klf1.jpeg,https://www.reddit.com/r/formula1/comments/1n1fwts/alpine_poster_for_the_2025_dutch_grand_prix/,1756298399,2025-08-27T12:39:59Z,2025-08-27,FALSE,False,posts.part001.csv
submission,1n1fn83,formula1,turinturambar66,[Sky Sports F1] (Simon Lazenby): (Colton Herta) doesn't have enough SL points yet. We understand he is going to do a season in F2 to try to amend that next year.,,105,105,0,117,0.83,:post-video: Video,False,False,False,False,https://youtu.be/B9IApEqyjos?si=8crr1H7O1jgNMJTo&t=1720,https://www.reddit.com/r/formula1/comments/1n1fn83/sky_sports_f1_simon_lazenby_colton_herta_doesnt/,1756297674,2025-08-27T12:27:54Z,2025-08-27,FALSE,False,posts.part001.csv
submission,1n1fi1e,formula1,enesracing,Bottas eager to take on the challenges of building up Cadillac,,182,182,0,18,0.94,:post-news: News,False,False,False,False,https://racer.com/2025/08/27/bottas-eager-to-take-on-the-challenges-of-building-up-cadillac,https://www.reddit.com/r/formula1/comments/1n1fi1e/bottas_eager_to_take_on_the_challenges_of/,1756297264,2025-08-27T12:21:04Z,2025-08-27,FALSE,False,posts.part001.csv
submission,1n1f8xo,formula1,turinturambar66,[OT] Colton Herta dodges questions on rumored move to F1 feeder system,,253,253,0,139,0.93,:post-off-topic: Off-Topic,False,False,False,False,https://apnews.com/article/indycar-herta-f2-12ca19c0d835ee59bbf6696a303db25b,https://www.reddit.com/r/formula1/comments/1n1f8xo/ot_colton_herta_dodges_questions_on_rumored_move/,1756296552,2025-08-27T12:09:12Z,2025-08-27,FALSE,False,posts.part001.csv
submission,1n1ejru,formula1,julesvr5,[AMuS] FIA has defined track dependent rules for energy management in 2026. According to the latest version teams will not be allowed to use full electrical power at Monaco and Singapore. Energy recovery will also be restricted on certain tracks.,,938,938,0,277,0.97,:post-news: News,False,False,False,False,https://www.auto-motor-und-sport.de/formel-1/power-management-hybrid-motoren-2026-fia-daten/,https://www.reddit.com/r/formula1/comments/1n1ejru/amus_fia_has_defined_track_dependent_rules_for/,1756294472,2025-08-27T11:34:32Z,2025-08-27,FALSE,False,posts.part001.csv
submission,1n1ec9h,formula1,anthn885,Kevin Magnussen overtaken by 4 cars – cooldown room moment at Zandvoort 2024,,235,235,0,11,0.96,:post-video: Video,False,False,False,False,https://streamain.com/raUG4EzlSmPkPpo/watch,https://www.reddit.com/r/formula1/comments/1n1ec9h/kevin_magnussen_overtaken_by_4_cars_cooldown_room/,1756293818,2025-08-27T11:23:38Z,2025-08-27,FALSE,False,posts.part001.csv
submission,1n1d0k4,formula1,Shroft,Cadillac to test F1 car from rival team ahead of 2026 debut,,725,725,0,55,0.96,:post-news: News,False,False,False,False,https://www.motorsport.com/f1/news/cadillac-to-test-f1-car-from-rival-team-ahead-of-2026-debut/10753766/,https://www.reddit.com/r/formula1/comments/1n1d0k4/cadillac_to_test_f1_car_from_rival_team_ahead_of/,1756289408,2025-08-27T10:10:08Z,2025-08-27,FALSE,False,posts.part001.csv
submission,1n1abv4,formula1,FewCollar227,"[@skysportsf1] Sergio Perez, who has signed with Cadillac for 2026, comments on his Red Bull replacements' struggles...",,6799,6799,0,437,0.98,:post-social-media: Social Media,False,False,False,False,https://i.redd.it/hh3lgp2yiilf1.jpeg,https://www.reddit.com/r/formula1/comments/1n1abv4/skysportsf1_sergio_perez_who_has_signed_with/,1756278927,2025-08-27T07:15:27Z,2025-08-27,FALSE,False,posts.part001.csv
submission,1n1bykb,formula1,D0mex_,Which tracks would you like to see back on the F1 calendar?,"Hey everyone, I was wondering what you guys think about the current F1 calendar. Personally, I feel like we could use a bit more variety. Don’t get me wrong, some of the newer venues are exciting, but I really miss some of the classics that had a lot of character. For example, I’d love to see **Malaysia (Sepang)** make a comeback the track always gave us great races and unpredictable weather. **Istanbul Park** is another one I think many fans miss, especially with that legendary Turn 8. Are you happy with the way the calendar looks right now, or would you also prefer a bit more rotation and diversity? Which tracks would be on your wishlist to return?",57,57,0,153,0.81,:post-discussion: Discussion,False,False,False,False,https://www.reddit.com/r/formula1/comments/1n1bykb/which_tracks_would_you_like_to_see_back_on_the_f1/,https://www.reddit.com/r/formula1/comments/1n1bykb/which_tracks_would_you_like_to_see_back_on_the_f1/,1756285439,2025-08-27T09:03:59Z,2025-08-27,FALSE,True,posts.part001.csv
submission,1n1bcm8,formula1,Tomach82,Palmer: Luck is keeping Lando Norris in championship contention,,2575,2575,0,849,0.87,:post-news: News,False,False,False,False,https://au.motorsport.com/f1/news/luck-is-keeping-lando-norris-in-championship-contention-says-jolyon-palmer/10753488/,https://www.reddit.com/r/formula1/comments/1n1bcm8/palmer_luck_is_keeping_lando_norris_in/,1756282995,2025-08-27T08:23:15Z,2025-08-27,FALSE,False,posts.part001.csv
submission,1n1agv1,formula1,paqtak,Interview with Bottas and Perez about their Cadillac Contract,,149,149,0,51,0.9,:post-video: Video,False,False,False,False,https://www.youtube.com/watch?v=WJg0Y2zOHbU,https://www.reddit.com/r/formula1/comments/1n1agv1/interview_with_bottas_and_perez_about_their/,1756279468,2025-08-27T07:24:28Z,2025-08-27,FALSE,False,posts.part001.csv
submission,1n194xh,formula1,AutoModerator,Ask r/Formula1 Anything - Daily Discussion Thread,"# Welcome to the [r/formula1](https://www.reddit.com/r/formula1/) Daily Discussion / Q&A thread. This thread is a hub for general discussion and questions about Formula 1, that don't need threads of their own. Are you new to Formula 1? This is the place for you. Ever wondered why it's called a lollipop man? Why the cars don't refuel during pitstops? Or when Mika will be back from his sabbatical? Ask any question you might have here, and the community will answer. Also make sure you check out our [guide for new fans](https://www.reddit.com/r/formula1/wiki/newtof1), and our [FAQ for new fans](https://www.reddit.com/r/formula1/wiki/faq). Are you a veteran fan, longing for the days of lollipop men, refueling during pitstops, and Mika Häkkinen? This is the place to introduce new fans to your passion and knowledge of the sport. Remember to keep it civil and welcoming! Gatekeeping within the Daily Discussion will subject users to disciplinary action. Have a meta question about the subreddit? Please [direct these to the moderators](https://www.reddit.com/message/compose/?to=/r/formula1) instead.",19,19,0,126,0.89,:post-daily-discussion: Daily Discussion,False,False,False,False,https://www.reddit.com/r/formula1/comments/1n194xh/ask_rformula1_anything_daily_discussion_thread/,https://www.reddit.com/r/formula1/comments/1n194xh/ask_rformula1_anything_daily_discussion_thread/,1756274421,2025-08-27T06:00:21Z,2025-08-27,FALSE,True,posts.part001.csv
submission,1n184a3,formula1,dpk1357,"""On Board"" With Valtteri",,112,112,0,8,0.91,:post-video: Video,False,False,False,False,https://youtube.com/shorts/X5ubm7FRKz4?feature=shared,https://www.reddit.com/r/formula1/comments/1n184a3/on_board_with_valtteri/,1756270709,2025-08-27T04:58:29Z,2025-08-27,FALSE,False,posts.part001.csv
submission,1n16pza,formula1,anthn885,A message from Valtteri Bottas & Sergio Pérez to Cadillac F1 fans,,423,423,0,57,0.95,:post-video: Video,False,False,False,False,https://streamain.com/XzhM0C9GmpVQjQR/watch,https://www.reddit.com/r/formula1/comments/1n16pza/a_message_from_valtteri_bottas_sergio_pérez_to/,1756266103,2025-08-27T03:41:43Z,2025-08-27,FALSE,False,posts.part001.csv
submission,1n10tny,formula1,StreetCarp665,A valid hypothetical question - would these 3 changes have altered the course of the 2005 season entirely?,"Hello hello Formula 1 fans. I recently found my 2005 season review DVD (""Fantastic Fernando"") and inspired by the season review + some Bring Back V10s discussions, it occurred to me that there a bunch of very likely to have happened ""What if"" scenarios in this year which are not totally far-fetched, abstract nonsense - you know, nothing like ""what if Lewis and Max raced in 2005"" but things that were plausibly likely in the 2005 season. I have excluded a compromise outcome on the USGP because that GP is a bit like Fukushima's reactor. Not healthy to touch! The question I have for you all is - do they make a material difference to the outcome, which is the first WDC crown for Fernando Alonso. Fernando takes home 133 points vs Kimi Raikkonen in P2 on 112. These are the three hypotheticals: \- In his biography and on some podcasts, **Mark Webber** has revealed that his manager Flavio Briatore wanted him to sign for Renault and drive alongside Fernado Alonso for '05. Mark instead went to Williams, because of the nostalgia pull of it being the team where Alan Jones won his title. Mark had a decent season with the car in 2005, but history would show him a better driver than the actual team-mate of Fernando, Giancarlo Fisichella (who finished P5 in the standings with less than half of Fernando's points). What changes would this have had to the season? (Notwithstanding the obvious; that Mark wins his first race before 2009). \- **McLaren-Mercedes** pairing of Kimi Raikkonen and Juan-Pablo Montoya (plus Alex Wurz and Pedro de la Rosa, who did 2 races for an injured Montoya) finished 2nd and 4th in the title. Reliability hampered the McLaren, it provided an impediment to the team that the Renault of Fernando didn't suffer (Fernando retired once due to a broken suspension; Fisi, by contrast, had mechanical gremlins more often). Assuming the reliability had been comparable between Alonso and Raikkonen, does this change the season outcome? \- **Ferrari,** as the lead **Bridgestone** customer, were caught flat footed when the rules banned tyre changes for 2005. Tyres now had to last the whole race unless there was safety risks involved with keeping boots on. Kimi's crash at Germany that year was an example of the risks associated with 50/50 calls on tyres, for example. Bridgestone had been integral to Ferrari's dominance of the prior seasons, with bespoke tyres just for the Scuderia. Their ability to construct competitive, durable rubber that could meet or exceed the Michelin rubber was not comparable. Hence, the only Bridgestone win is USA 2005. This rule only lasted for 2005, which was longer than the stupid aggregate qualifying. In 2006, Michelin withdraw from F1 and it's only Bridgestone left, with Fernando taking title #2. If the 2005 tyre rule isn't there - either, allowing tyre changes or going straight to the 2006 Michelin withdrawal, does the season look different as a result?",24,24,0,16,0.66,:post-discussion: Discussion,False,False,False,False,https://www.reddit.com/r/formula1/comments/1n10tny/a_valid_hypothetical_question_would_these_3/,https://www.reddit.com/r/formula1/comments/1n10tny/a_valid_hypothetical_question_would_these_3/,1756249512,2025-08-26T23:05:12Z,2025-08-26,FALSE,True,posts.part001.csv
submission,1n106se,formula1,RobbieJ4444,The worst rookie in every F1 season I’ve watched,"For reference, I will not be counting one off drivers like Lotterer, Aitkin or Fittipaldi **2012:** Ricciardo, Vergne, Grosjean, **Pic**: Bit unfair to give this one to Pic as he was stuck driving a Manor all year, but the other three were consistently good to great (albeit Ricciardo and Vergne’s Toro Rossi was awful for most of the season). **2013:** Bottas, **Gutierrez**, Bianchi, Chilton, Van Der Garde: An undertalked about driver in my opinion when it comes to discussing the 2010’s worst drivers. Gutierrez was in point scoring cars for two of his three seasons in F1, and he finished in the points a grand total of once. **2014:** Magnussen, Kvyat, **Ericsson**: I don’t want to be too mean on Marcus, because he is a reasonable driver in F1, and has had more convincing performances than he gets credit for, especially in his last season. Having said that, him being overtaken by Bianchi in Monaco of all places costed his team dearly. **2015:** Sainz, Verstappen, Nasr, **Stevens**, Mehri: For some reason every time I look up driver ranking lists, Stevens is always ranked over Mehri, despite Mehri finishing higher than him in the standings. Granted, Stevens beat him in more races, but it was hardly Verstappen team mate dominance. **2016:** Palmer, Ocon, **Haryanto**, Wherlein: I feel for this lineup, because all of them were driving terrible cars. To Haryanto’s credit, he did occasionally beat Wherlein in qualifying, but he never beat him in the races. **2017: Vandoorne**, Stroll: As much as people like to hate on Lance Stroll, even in this season alone, his accomplishments were a lot higher than Vandoorne’s. **2018:** Gasly, Leclerc, Sirotkin, **Hartley**: Always looked out of his depth, despite driving a points scoring capable car. Whenever he qualified well, he would tumble terribly in the race. Only scored four points, all of which came down to crazy races or shocking disqualifications. **2019:** Russell, **Giovinazzi**, Norris, Albon: By far the worst interesting of the three. Had no standout moments all year and was easily beaten by an aging Raikonnen. **2020: Latifi:** He’s the only rookie in this particular year, but considering the quality of his performances, I think calling him the worst rookie of the year suits him far more than being the best. **2021:** Tsunoda, **Mazepin**, Schumacher: No words are required here. **2022: Zhou:** Unlike Latifi, Zhou’s rookie year was alright. Nothing spectacular, but I would say his rookie year was the best rookie year of all the worst rookies on this list. **2023: Sargeant**, De Vries, Lawson, Piastri: Close between Sargeant and De Vries, but ultimately went with Logan due to De Vries having occasionally out qualified Tsunoda. **2024: Colapinto**: Really the only driver who can be called a full time rookie in 2024, but he still did alright. Shame he didn’t show the promise from this year currently at Alpine. Agree with my picks or disagree with them? Let me know in the comments below.",1422,1422,0,302,0.91,:post-discussion: Discussion,False,False,False,False,https://www.reddit.com/r/formula1/comments/1n106se/the_worst_rookie_in_every_f1_season_ive_watched/,https://www.reddit.com/r/formula1/comments/1n106se/the_worst_rookie_in_every_f1_season_ive_watched/,1756247886,2025-08-26T22:38:06Z,2025-08-26,FALSE,True,posts.part001.csv
submission,1n0yjki,formula1,EnterShakira_,Sergio Perez REACTS to signing for Cadillac for 2026 | The F1 Show,,65,65,0,26,0.76,:post-video: Video,False,False,False,False,https://youtu.be/B9IApEqyjos?si=HOowdrB3C9i2RnS7,https://www.reddit.com/r/formula1/comments/1n0yjki/sergio_perez_reacts_to_signing_for_cadillac_for/,1756243863,2025-08-26T21:31:03Z,2025-08-26,FALSE,False,posts.part001.csv
submission,1n0w25c,formula1,docherself,"i photographed this year's belgian grand prix, here are some of the shots. please enjoy :o)",,77,77,0,9,0.99,:post-photo: Photo,False,False,False,False,https://www.reddit.com/gallery/1n0w25c,https://www.reddit.com/r/formula1/comments/1n0w25c/i_photographed_this_years_belgian_grand_prix_here/,1756238158,2025-08-26T19:55:58Z,2025-08-26,FALSE,False,posts.part001.csv
submission,1n0uwyh,formula1,CatSplat,[OC] Zak Brown pilots Lauda's 1984 McLaren MP4/2 through the Corkscrew,,51,51,0,4,0.97,:post-photo: Photo,False,False,False,False,https://i.imgur.com/Z1jUXOG.jpeg,https://www.reddit.com/r/formula1/comments/1n0uwyh/oc_zak_brown_pilots_laudas_1984_mclaren_mp42/,1756235517,2025-08-26T19:11:57Z,2025-08-26,FALSE,False,posts.part001.csv
submission,1n0uv7h,formula1,turinturambar66,"[Marshall Pruett] Chip Ganassi shuts down the Palou-to-Red Bull rumors on a Zoom call just now: ""No other expectations"" for Palou to be anywhere but the 10 Honda CGR car next year. Adds, ""Alex had an opportunity to leave, and didn't.""",,333,333,0,42,0.96,:post-news: News,False,False,False,False,https://xcancel.com/marshallpruett/status/1960410965255839970,https://www.reddit.com/r/formula1/comments/1n0uv7h/marshall_pruett_chip_ganassi_shuts_down_the/,1756235408,2025-08-26T19:10:08Z,2025-08-26,FALSE,False,posts.part001.csv
submission,1n0t272,formula1,MoneyLibrarian9032,Why Did Cadillac Sign Valtteri Bottas & Sergio Perez?,,89,89,0,107,0.72,:post-video: Video,False,False,False,False,https://youtu.be/poPKTxr1GTg?feature=shared,https://www.reddit.com/r/formula1/comments/1n0t272/why_did_cadillac_sign_valtteri_bottas_sergio_perez/,1756231268,2025-08-26T18:01:08Z,2025-08-26,FALSE,False,posts.part001.csv
submission,1n0ohcs,formula1,FewCollar227,[@cadillacf1] Just in: team selfie,,11037,11037,0,132,0.99,:post-social-media: Social Media,False,False,False,False,https://i.redd.it/wpimojevqdlf1.jpeg,https://www.reddit.com/r/formula1/comments/1n0ohcs/cadillacf1_just_in_team_selfie/,1756221058,2025-08-26T15:10:58Z,2025-08-26,FALSE,False,posts.part001.csv
submission,1n0pgbj,formula1,SwimmingFantastic564,"For those remotely interested, this appears to be what the Cadillac driver numbers will look like.",[From the Cadillac website](https://www.cadillacf1team.com),1040,1040,0,110,0.96,:post-photo: Photo,False,False,False,False,https://www.reddit.com/gallery/1n0pgbj,https://www.reddit.com/r/formula1/comments/1n0pgbj/for_those_remotely_interested_this_appears_to_be/,1756223232,2025-08-26T15:47:12Z,2025-08-26,FALSE,False,posts.part001.csv
submission,1n0pmsv,formula1,pinkfloydfan101,What’s the future for Yuki Tsunoda?,"What’s the outcome for him after this year? I heard many rumours from not so reliable sources, is he staying in Red Bull for 2026? Many people are saying that he is being dropped after this season or possibly replaced sometime before. I honestly don’t think they’ve given him long enough to get used to the car or team and to already debate his departure when he only debuted in Red Bull in April doesn’t seem fair at all and that they’re expecting him to be on the same level as Max. I hope they keep him so he can show his potential.",0,0,0,102,0.5,:post-discussion: Discussion,False,False,False,False,https://www.reddit.com/r/formula1/comments/1n0pmsv/whats_the_future_for_yuki_tsunoda/,https://www.reddit.com/r/formula1/comments/1n0pmsv/whats_the_future_for_yuki_tsunoda/,1756223649,2025-08-26T15:54:09Z,2025-08-26,FALSE,True,posts.part001.csv
submission,1n0pvlf,formula1,Gjab,[F1] Cadillac's line-up for 2026 is STACKED. Take a look at Checo and Valtteri's numbers over the years...,,3600,3600,0,227,0.97,:post-social-media: Social Media,False,False,False,False,https://i.redd.it/iy1apr280elf1.jpeg,https://www.reddit.com/r/formula1/comments/1n0pvlf/f1_cadillacs_lineup_for_2026_is_stacked_take_a/,1756224202,2025-08-26T16:03:22Z,2025-08-26,FALSE,False,posts.part001.csv
submission,1n0qtay,formula1,enesracing,"""I have nothing to prove"" says Perez ahead of F1 return with Cadillac",,1429,1429,0,254,0.97,:post-news: News,False,False,False,False,https://racer.com/2025/08/26/-i-have-nothing-to-prove-says-perez-ahead-of-f1-return-with-cadillac,https://www.reddit.com/r/formula1/comments/1n0qtay/i_have_nothing_to_prove_says_perez_ahead_of_f1/,1756226341,2025-08-26T16:39:01Z,2025-08-26,FALSE,False,posts.part001.csv
submission,1n0pajt,formula1,ProbablyRickSantorum,New Cadillac F1 team drivers revealed on 'GMA',,1408,1408,0,199,0.98,:post-video: Video,False,False,False,False,https://www.youtube.com/watch?v=WJg0Y2zOHbU,https://www.reddit.com/r/formula1/comments/1n0pajt/new_cadillac_f1_team_drivers_revealed_on_gma/,1756222865,2025-08-26T15:41:05Z,2025-08-26,FALSE,False,posts.part001.csv
submission,1n0mc6b,formula1,FewCollar227,[@f1] Checo and Valtteri react to @cadillacf1's driver announcements... you'll never guess who it was?!,,866,866,0,77,0.98,:post-social-media: Social Media,False,False,False,False,https://dubz.link/c/600718,https://www.reddit.com/r/formula1/comments/1n0mc6b/f1_checo_and_valtteri_react_to_cadillacf1s_driver/,1756216071,2025-08-26T13:47:51Z,2025-08-26,FALSE,False,posts.part001.csv
submission,1n0l39b,formula1,anthn885,Zandvoort 2023 – Record number of overtakes at the Dutch GP,,94,94,0,13,0.88,:post-video: Video,False,False,False,False,https://streamain.com/en/gsuV9PvVWEsC5qJ/watch,https://www.reddit.com/r/formula1/comments/1n0l39b/zandvoort_2023_record_number_of_overtakes_at_the/,1756212967,2025-08-26T12:56:07Z,2025-08-26,FALSE,False,posts.part001.csv
submission,1n0ku40,formula1,CanonNi,F1 driver market: Six seats yet to be filled for 2026,,460,460,0,111,0.97,:post-news: News,False,False,False,False,https://www.autosport.com/f1/news/f1-driver-market-six-seats-yet-to-be-filled-for-2026/10753571/,https://www.reddit.com/r/formula1/comments/1n0ku40/f1_driver_market_six_seats_yet_to_be_filled_for/,1756212290,2025-08-26T12:44:50Z,2025-08-26,FALSE,False,posts.part001.csv
submission,1n0kqmg,formula1,jackrazor95,Cadillac Sign Valtteri Bottas and Sergio Perez For 2026!,,368,368,0,21,0.96,:post-video: Video,False,False,False,False,https://www.youtube.com/watch?v=jxyvfM1fgH4,https://www.reddit.com/r/formula1/comments/1n0kqmg/cadillac_sign_valtteri_bottas_and_sergio_perez/,1756212032,2025-08-26T12:40:32Z,2025-08-26,FALSE,False,posts.part001.csv
submission,1n0jz17,formula1,jovanmilic97,Bottas and Perez's first photo for Cadillac,,29691,29691,0,885,0.98,:post-photo: Photo,False,False,False,False,https://i.redd.it/3rdwp4wmtclf1.jpeg,https://www.reddit.com/r/formula1/comments/1n0jz17/bottas_and_perezs_first_photo_for_cadillac/,1756209895,2025-08-26T12:04:55Z,2025-08-26,FALSE,False,posts.part001.csv
submission,1n0k167,formula1,Intrepid-Ad4511,[CarlosSainz55] Summer dump | lifestyle edition,,1292,1292,0,125,0.94,:post-social-media: Social Media,False,False,False,False,https://www.reddit.com/gallery/1n0k167,https://www.reddit.com/r/formula1/comments/1n0k167/carlossainz55_summer_dump_lifestyle_edition/,1756210060,2025-08-26T12:07:40Z,2025-08-26,FALSE,False,posts.part001.csv
submission,1n0k0xh,formula1,FewCollar227,[@schecoperez] Do you remember I told you we will see each other again? #WeAreBack #SP11,,466,466,0,66,0.94,:post-social-media: Social Media,False,False,False,False,https://dubz.link/c/e7001c,https://www.reddit.com/r/formula1/comments/1n0k0xh/schecoperez_do_you_remember_i_told_you_we_will/,1756210042,2025-08-26T12:07:22Z,2025-08-26,FALSE,False,posts.part001.csv
submission,1n0jzk6,formula1,Task_Force-191,"[Chris Medland] Cadillac F1 Team and TWG Motorsports CEO Dan Towriss admits there were questions for Perez given how his Red Bull stint ended, but that Checo answered them emphatically in meetings, adding: ""Clearly none of the other (Red Bull) drivers have fared well in that second seat""",,3454,3454,0,205,0.99,:post-news: News,False,False,False,False,https://bsky.app/profile/chrismedlandf1.bsky.social/post/3lxchjp6pws22,https://www.reddit.com/r/formula1/comments/1n0jzk6/chris_medland_cadillac_f1_team_and_twg/,1756209938,2025-08-26T12:05:38Z,2025-08-26,FALSE,False,posts.part001.csv
submission,1n0jo25,formula1,turinturambar66,Cadillac firmly rules out Horner F1 approach,,623,623,0,64,0.98,:post-news: News,False,False,False,False,https://www.the-race.com/formula-1/cadillac-firmly-rules-out-horner-f1-approach/,https://www.reddit.com/r/formula1/comments/1n0jo25/cadillac_firmly_rules_out_horner_f1_approach/,1756209013,2025-08-26T11:50:13Z,2025-08-26,FALSE,False,posts.part001.csv
submission,1n0jzoy,formula1,Funkmanchu,Video from Valteri's Facebook,,46,46,0,6,0.85,:post-news: News,False,False,False,False,https://www.facebook.com/reel/1441497176901668,https://www.reddit.com/r/formula1/comments/1n0jzoy/video_from_valteris_facebook/,1756209946,2025-08-26T12:05:46Z,2025-08-26,FALSE,False,posts.part001.csv
submission,1n0jm40,formula1,beanbagreg,Cadillac’s lineup of Perez and Bottas would have the third most overall F1 starts against the current grid,,1537,1537,0,88,0.98,:post-statistics: Statistics,False,False,False,False,https://i.redd.it/s6pbv5jlqclf1.jpeg,https://www.reddit.com/r/formula1/comments/1n0jm40/cadillacs_lineup_of_perez_and_bottas_would_have/,1756208857,2025-08-26T11:47:37Z,2025-08-26,FALSE,False,posts.part001.csv
submission,1n0jev6,formula1,Hazel_Transport,Perez and Bottas to make F1 returns in 2026 with Cadillac,,2237,2237,0,284,0.98,:post-news: News,False,False,False,False,https://www.formula1.com/en/latest/article/perez-and-bottas-to-make-f1-returns-in-2026-with-cadillac.6sqKNbUEoFjveym9YfGkxQ,https://www.reddit.com/r/formula1/comments/1n0jev6/perez_and_bottas_to_make_f1_returns_in_2026_with/,1756208243,2025-08-26T11:37:23Z,2025-08-26,FALSE,False,posts.part001.csv
submission,1n0jdyh,formula1,Boss452,"‘F1: The Movie’ Crosses $600M At Box Office, Becomes Highest-Grossing Original Film Of 2025.",,1585,1585,0,261,0.97,:post-news: News,False,False,False,False,https://theplaylist.net/f1-movie-brad-pitt-apple-wb-box-office-600-million-joseph-kosinski-20250825/,https://www.reddit.com/r/formula1/comments/1n0jdyh/f1_the_movie_crosses_600m_at_box_office_becomes/,1756208160,2025-08-26T11:36:00Z,2025-08-26,FALSE,False,posts.part001.csv
submission,1n0jbid,formula1,garfungle_,Cadillac Formula 1 Team: Two paths. One call of destiny. The Cadillac Formula 1 Team's future begins with them.,,864,864,0,82,0.97,:post-video: Video,False,False,False,False,https://streamin.one/v/d5969e37,https://www.reddit.com/r/formula1/comments/1n0jbid/cadillac_formula_1_team_two_paths_one_call_of/,1756207945,2025-08-26T11:32:25Z,2025-08-26,FALSE,False,posts.part001.csv
submission,1n0jb5f,formula1,FerrariStrategisttt,"[Thomas Maher] CONFIRMED: Sergio Perez and Valtteri Bottas will drive for Cadillac in the F1 2026 season, forming a line-up of over 500 Grands Prix experience between them.",,7994,7994,0,466,0.98,:post-news: News,False,False,False,False,https://bsky.app/profile/thomasmaheronf1.bsky.social/post/3lxcfz5axdc2y,https://www.reddit.com/r/formula1/comments/1n0jb5f/thomas_maher_confirmed_sergio_perez_and_valtteri/,1756207914,2025-08-26T11:31:54Z,2025-08-26,FALSE,False,posts.part001.csv
submission,1n0iqp7,formula1,wokwok__,Valtteri Bottas on Instagram,,28295,28295,0,516,0.95,:post-social-media: Social Media,False,False,False,False,https://i.redd.it/ni6wq2bbiclf1.jpeg,https://www.reddit.com/r/formula1/comments/1n0iqp7/valtteri_bottas_on_instagram/,1756206125,2025-08-26T11:02:05Z,2025-08-26,FALSE,False,posts.part001.csv
submission,1n0j33v,formula1,LC1597,[Cadillac F1 Team] Radio check. Do you copy?,,414,414,0,28,0.97,:post-video: Video,False,False,False,False,https://streamin.one/v/4f97fd2f,https://www.reddit.com/r/formula1/comments/1n0j33v/cadillac_f1_team_radio_check_do_you_copy/,1756207225,2025-08-26T11:20:25Z,2025-08-26,FALSE,False,posts.part001.csv
submission,1n0h7la,formula1,memloh,Aston Martin can't help but wonder – what could Adrian Newey have done to its 2025 F1 car?,,340,340,0,26,0.92,:post-news: News,False,False,False,False,https://www.motorsport.com/f1/news/aston-martin-cant-help-but-wonder-what-could-adrian-newey-have-done-to-its-2025-f1-car/10753521/,https://www.reddit.com/r/formula1/comments/1n0h7la/aston_martin_cant_help_but_wonder_what_could/,1756200645,2025-08-26T09:30:45Z,2025-08-26,FALSE,False,posts.part001.csv
submission,1n0gwl2,formula1,Due_Hunt1137,"Looking at mid-season ratings, do you still think that results from 2024 F2 are not representative of rookies performance?","I will preface by saying that I know it has been just 14 races and things could change in the future. At the same time however, it is enough to draw some conslusions. In 2024 there were many discussions about how we shouldn't look to much into 2024 F2 results. This notion applied almost exclusively to Prema, because both of its overhyped drivers had underwhelming rusults. (in comparison to expactations). Also both of their drivers were set to join F1 basically from the beginning of that year. So it seemed easier to blame the team than to acknowledge that the Prema boys might have been underperformimg. Meanwhile rookies like Bortoleto and Hadjar were barely talked about. As for now, after 14 races it seems that the F2 2024 standings generally reflect the order, in which rookies are rated on F1 grid. Moreover I still kinda don't understand, how some people are surprised that Bortoleto (literally F3 and F2 back to back champion) is doing that well.",130,130,0,86,0.83,:post-discussion: Discussion,False,False,False,False,https://www.reddit.com/r/formula1/comments/1n0gwl2/looking_at_midseason_ratings_do_you_still_think/,https://www.reddit.com/r/formula1/comments/1n0gwl2/looking_at_midseason_ratings_do_you_still_think/,1756199446,2025-08-26T09:10:46Z,2025-08-26,FALSE,True,posts.part001.csv
submission,1n0345i,formula1,wf1ricciardo3,Started my first week at Williams and GF made this!!,,2327,2327,0,63,0.98,:post-discussion: Discussion,False,False,False,False,https://i.redd.it/37x62ac9g8lf1.jpeg,https://www.reddit.com/r/formula1/comments/1n0345i/started_my_first_week_at_williams_and_gf_made_this/,1756156955,2025-08-25T21:22:35Z,2025-08-25,FALSE,False,posts.part001.csv
submission,1n0e08f,formula1,AutoModerator,Ask r/Formula1 Anything - Daily Discussion Thread,"# Welcome to the [r/formula1](https://www.reddit.com/r/formula1/) Daily Discussion / Q&A thread. This thread is a hub for general discussion and questions about Formula 1, that don't need threads of their own. Are you new to Formula 1? This is the place for you. Ever wondered why it's called a lollipop man? Why the cars don't refuel during pitstops? Or when Mika will be back from his sabbatical? Ask any question you might have here, and the community will answer. Also make sure you check out our [guide for new fans](https://www.reddit.com/r/formula1/wiki/newtof1), and our [FAQ for new fans](https://www.reddit.com/r/formula1/wiki/faq). Are you a veteran fan, longing for the days of lollipop men, refueling during pitstops, and Mika Häkkinen? This is the place to introduce new fans to your passion and knowledge of the sport. Remember to keep it civil and welcoming! Gatekeeping within the Daily Discussion will subject users to disciplinary action. Have a meta question about the subreddit? Please [direct these to the moderators](https://www.reddit.com/message/compose/?to=/r/formula1) instead.",18,18,0,80,0.84,:post-daily-discussion: Daily Discussion,False,False,False,False,https://www.reddit.com/r/formula1/comments/1n0e08f/ask_rformula1_anything_daily_discussion_thread/,https://www.reddit.com/r/formula1/comments/1n0e08f/ask_rformula1_anything_daily_discussion_thread/,1756188063,2025-08-26T06:01:03Z,2025-08-26,FALSE,True,posts.part001.csv
submission,1n08rpw,formula1,XsStreamMonsterX,[Off-Topic]Around The World in 8 Days I The CONCEPT AMG GT XX[Mercedes-AMG],,66,66,0,7,0.89,:post-video: Video,False,False,False,False,https://youtu.be/2Q2jIDBkKeo,https://www.reddit.com/r/formula1/comments/1n08rpw/offtopicaround_the_world_in_8_days_i_the_concept/,1756171474,2025-08-26T01:24:34Z,2025-08-26,FALSE,False,posts.part001.csv
submission,1n05u6b,formula1,anthn885,Memorable moments from F1 team radio messages this season,,116,116,0,19,0.91,:post-video: Video,False,False,False,False,https://streamain.com/en/3UwDYByzq11czn3/watch,https://www.reddit.com/r/formula1/comments/1n05u6b/memorable_moments_from_f1_team_radio_messages/,1756163608,2025-08-25T23:13:28Z,2025-08-25,FALSE,False,posts.part001.csv
submission,1n016oh,formula1,catsgr8rthanspoonies,Dennis Hauger secures 2025 Indy NXT championship,,299,299,0,45,0.94,:post-off-topic: Off-Topic,False,False,False,False,https://www.motorsport.com/indylights/news/dennis-hauger-secures-2025-indy-nxt-championship/10753178/,https://www.reddit.com/r/formula1/comments/1n016oh/dennis_hauger_secures_2025_indy_nxt_championship/,1756152572,2025-08-25T20:09:32Z,2025-08-25,FALSE,False,posts.part001.csv
submission,1mzyj2s,formula1,Visionary_Socialist,F1 | ZANDVOORT: FIA Increases Speed Limit IN Pit Lane to “Liven Up” the GP,,707,707,0,136,0.97,:post-news: News,False,False,False,False,https://it.motorsport.com/f1/news/f1-zandvoort-la-fia-aumenta-il-limite-di-velocita-in-pit-lane-per-vivacizzare-il-gp/10753410/,https://www.reddit.com/r/formula1/comments/1mzyj2s/f1_zandvoort_fia_increases_speed_limit_in_pit/,1756146512,2025-08-25T18:28:32Z,2025-08-25,FALSE,False,posts.part001.csv
submission,1mzwyrx,formula1,Abdullah-Alturki,Simulation lap of the 2028 Qiddiya Speed Park track! looks absolutely insane,,19,19,0,112,0.55,:post-video: Video,False,False,False,False,https://youtu.be/hQRMd_Ftmyc?si=lxTGpeTAw3lAFDWF,https://www.reddit.com/r/formula1/comments/1mzwyrx/simulation_lap_of_the_2028_qiddiya_speed_park/,1756143078,2025-08-25T17:31:18Z,2025-08-25,FALSE,False,posts.part001.csv
submission,1mzwdxm,formula1,Rechuchatumare,How Formula 1 Cars Are Made,,110,110,0,8,0.87,:post-video: Video,False,False,False,False,https://www.youtube.com/watch?v=OnUouEol6ng,https://www.reddit.com/r/formula1/comments/1mzwdxm/how_formula_1_cars_are_made/,1756141797,2025-08-25T17:09:57Z,2025-08-25,FALSE,False,posts.part001.csv
submission,1mzqknu,formula1,racingplaybook,F1 media mid-season average driver ratings VS championship standings,"Here is a collection of the mid-season driver ratings from major F1 media outlets, compared to the actual championship standings. What do you think of the bias in the media's impression of driver performance vs the reality? I plan to update this table with race-by-race ratings from media outlets worldwide, to track any regional bias and find the most reliable outlets. Feel free to share any media you would like to see.",665,665,0,313,0.93,:post-discussion: Discussion,False,False,False,False,https://i.redd.it/40dfm5tk26lf1.png,https://www.reddit.com/r/formula1/comments/1mzqknu/f1_media_midseason_average_driver_ratings_vs/,1756128668,2025-08-25T13:31:08Z,2025-08-25,FALSE,False,posts.part001.csv
submission,1mzn6by,formula1,HkF1WEC,[F1 on Ig] Tanti auguri Kimi! The Mercedes rookie is 19 today. What better way to celebrate than Race Week!,,256,256,0,10,0.96,:post-social-media: Social Media,False,False,False,False,https://i.redd.it/hkrxoj5bb5lf1.jpeg,https://www.reddit.com/r/formula1/comments/1mzn6by/f1_on_ig_tanti_auguri_kimi_the_mercedes_rookie_is/,1756118967,2025-08-25T10:49:27Z,2025-08-25,FALSE,False,posts.part001.csv
submission,1mzn802,formula1,Dizzy-Screen-6618,Average Qualifying/Finishing Position for first 14 races (inc Sprints),IMPORTANT NOTE: Positions are calculated AFTER penlaties. Pit-lane starts are counted as P20!,233,233,0,15,0.93,:post-statistics: Statistics,False,False,False,False,https://www.reddit.com/gallery/1mzn802,https://www.reddit.com/r/formula1/comments/1mzn802/average_qualifyingfinishing_position_for_first_14/,1756119126,2025-08-25T10:52:06Z,2025-08-25,FALSE,False,posts.part001.csv
submission,1mzt4tf,formula1,User-K549125,Max Verstappen’s Trainer: What I’ve Seen in Max That NO ONE Else Has [High Performance Podcast],,0,0,0,55,0.47,:post-video: Video,False,False,False,False,https://www.youtube.com/watch?v=FjYlqPoLw8A,https://www.reddit.com/r/formula1/comments/1mzt4tf/max_verstappens_trainer_what_ive_seen_in_max_that/,1756134676,2025-08-25T15:11:16Z,2025-08-25,FALSE,False,posts.part001.csv
submission,1mzqrd9,formula1,wheres-the-audio,Extended highlights: 2022 Dutch Grand Prix,,24,24,0,8,0.64,:post-video: Video,False,False,False,False,https://youtu.be/UbWdBR0xHtw?si=KApDiB84LkLrlZ2e,https://www.reddit.com/r/formula1/comments/1mzqrd9/extended_highlights_2022_dutch_grand_prix/,1756129146,2025-08-25T13:39:06Z,2025-08-25,FALSE,False,posts.part001.csv
submission,1mzpccj,formula1,Je_suis_Pomme,Why we don’t bring fueling/charging back?,"Maybe it’s nostalgia speaking. But I loved the strategies based on fuel. Light, slower cars could challenge heavy, better cars. More pit stops. More possibilities of mistake, but also unexpected advantage. There were some accidents in the past but I’m sure it can be made safer and with possible electric direction. It should be safer I assume? What do you think?",0,0,0,107,0.34,:post-discussion: Discussion,False,False,False,False,https://www.reddit.com/r/formula1/comments/1mzpccj/why_we_dont_bring_fuelingcharging_back/,https://www.reddit.com/r/formula1/comments/1mzpccj/why_we_dont_bring_fuelingcharging_back/,1756125528,2025-08-25T12:38:48Z,2025-08-25,FALSE,True,posts.part001.csv
submission,1mzoofg,formula1,443610,Why Haas' Toyota partnership might have come too late for 2026 shift,,466,466,0,38,0.96,:post-news: News,False,False,False,False,https://www.motorsport.com/f1/news/where-toyota-deal-could-prove-critical-for-haas-but-not-in-time-for-f1-2026-shift/10753329/,https://www.reddit.com/r/formula1/comments/1mzoofg/why_haas_toyota_partnership_might_have_come_too/,1756123648,2025-08-25T12:07:28Z,2025-08-25,FALSE,False,posts.part001.csv
submission,1mzolx7,formula1,TrueParadox,F1 Driver vs Rally Car | How fast can you go in ONLY 5 laps?,,244,244,0,73,0.87,:post-video: Video,False,False,False,False,https://youtu.be/BkYzfQwwglg?si=lSsGQn8xj8wfTS5u,https://www.reddit.com/r/formula1/comments/1mzolx7/f1_driver_vs_rally_car_how_fast_can_you_go_in/,1756123444,2025-08-25T12:04:04Z,2025-08-25,FALSE,False,posts.part001.csv
submission,1mzmhkt,formula1,turinturambar66,"[Paywall] Red Bull Racing interested in 4-time IndyCar champion Alex Palou for Formula 1 seat, sources say",,2314,2314,0,430,0.95,:post-news: News,False,False,False,False,https://www.indystar.com/story/sports/motor/2025/08/25/alex-palou-red-bull-rumors-formula-1-news-indycar-silly-season/85808563007/?gca-cat=pp&gnt-cfr=1,https://www.reddit.com/r/formula1/comments/1mzmhkt/paywall_red_bull_racing_interested_in_4time/,1756116588,2025-08-25T10:09:48Z,2025-08-25,FALSE,False,posts.part001.csv
submission,1mzlk9d,formula1,Shroft,' We don't want a chess game ' - FIA responds to claims F1’s 2026 cars are too complex,,2056,2056,0,297,0.98,:post-news: News,False,False,False,False,https://www.motorsport.com/f1/news/Like-chessFIA-responds-to-concerns-F1-2026-cars-too-complex/10753268/,https://www.reddit.com/r/formula1/comments/1mzlk9d/we_dont_want_a_chess_game_fia_responds_to_claims/,1756113104,2025-08-25T09:11:44Z,2025-08-25,FALSE,False,posts.part001.csv
submission,1mzl31g,formula1,MoneyLibrarian9032,Back To Business At Zandvoort! | 2025 Dutch GP Preview | F1 Nation Podcast,,61,61,0,4,0.86,:post-video: Video,False,False,False,False,https://youtu.be/paN0N49Vh4k?feature=shared,https://www.reddit.com/r/formula1/comments/1mzl31g/back_to_business_at_zandvoort_2025_dutch_gp/,1756111240,2025-08-25T08:40:40Z,2025-08-25,FALSE,False,posts.part001.csv
submission,1mzimrd,formula1,AutoModerator,Ask r/Formula1 Anything - Daily Discussion Thread,"# Welcome to the [r/formula1](https://www.reddit.com/r/formula1/) Daily Discussion / Q&A thread. This thread is a hub for general discussion and questions about Formula 1, that don't need threads of their own. Are you new to Formula 1? This is the place for you. Ever wondered why it's called a lollipop man? Why the cars don't refuel during pitstops? Or when Mika will be back from his sabbatical? Ask any question you might have here, and the community will answer. Also make sure you check out our [guide for new fans](https://www.reddit.com/r/formula1/wiki/newtof1), and our [FAQ for new fans](https://www.reddit.com/r/formula1/wiki/faq). Are you a veteran fan, longing for the days of lollipop men, refueling during pitstops, and Mika Häkkinen? This is the place to introduce new fans to your passion and knowledge of the sport. Remember to keep it civil and welcoming! Gatekeeping within the Daily Discussion will subject users to disciplinary action. Have a meta question about the subreddit? Please [direct these to the moderators](https://www.reddit.com/message/compose/?to=/r/formula1) instead.",25,25,0,59,0.89,:post-daily-discussion: Daily Discussion,False,False,False,False,https://www.reddit.com/r/formula1/comments/1mzimrd/ask_rformula1_anything_daily_discussion_thread/,https://www.reddit.com/r/formula1/comments/1mzimrd/ask_rformula1_anything_daily_discussion_thread/,1756101694,2025-08-25T06:01:34Z,2025-08-25,FALSE,True,posts.part001.csv
submission,1mzimfb,formula1,AutoModerator,MONDAY TRASH TALK THREAD,"TRASH TALK 101 FOR ANYONE NEW HERE - BEACAUSE. TRASH. TALK. IS. A. GENERATIONAL. THREAD. &#x200B; STEP ONE: LURK ON THE SUB VERY REGULARLY, MAKING SURE TO SORT BY “NEW”. &#x200B; STEP TWO: GET INSPIRED BY WHATEVER MAD NARRATIVE OR TREND GRIPS THE SUB THAT PARTICULAR DAY / WEEK. OFF SEASON IS QUITE SLOW BUT RACE WEEKS / WEEKENDS SHOULD YIELD A LOT OF SUBJECT MATTER. THE MORE INSANE AND UNREALISTIC, THE BETTER QUALITY SUBJECT MATTER IT IS. WATCH PEOPLES' OBSESSIVE BEHAVIOUR VERY CLOSELY - IT WILL YIELD SOME FASCINATING INSIGHT. &#x200B; STEP THREE: AT THIS STAGE YOU MAY BE FEELING SICK WITH THE AMOUNT OF NONSENSE YOU HAVE FORCED YOURSELF TO VIEW. FEEL FREE TO STEP OVER INTO r/f1circlejerk AND MAKE YOURSELF FEEL BETTER BY POSTING A MOCKING IMITATION OF THE NONSENSE. &#x200B; HOWEVER AS YOU BUILD YOUR TOLERANCE, YOU WILL FIND YOURSELF ABLE TO WAIT FOR MONDAY, THE HOLIEST OF DAYS. PEOPLE WILL TELL YOU RACE DAY SUNDAY IS THE BEST DAY, BUT THOSE PEOPLE ARE UNENLIGHTENED SAVAGES. &#x200B; STEP FOUR: &#x200B; (A) AS SOON AS THE TRASH TALK THREAD IS POSTED, UPVOTE IT. THIS IS IMPORTANT. &#x200B; (B) \[REDACTED\] &#x200B; (C) THEN - UNLOAD YOUR MOCKERY AND SCORN OF ALL THE VILE RUBBISH YOU HAVE WITNESSED FROM SUB USERS AND ""RESPECTED"" ""JOURNALISTS"". &#x200B; (D) SIT BACK AND WATCH THE UPVOTES GATHER. CLEVER PHOTOSHOPS AND META REFERENCES WILL YIELD MORE UPVOTES. &#x200B; STEP FIVE: REALISE THAT TRUTH AND SENSE ONLY EXIST IN THIS THREAD AND MAKE IT YOUR WEEKLY MISSION TO POST HERE. &#x200B; AND REMEMBER: FLAIR UP AND SMASH THAT CAPS LOCK! AAAAAAAAAAAAA! &#x200B; GOOD LUCK AND MAY THE TRASH TALK BE EVER IN YOUR FAVOUR. &#x200B; \---- &#x200B; /r/FORMULA1 \[POSTING GUIDELINES\](/r/formula1/wiki/userguide#wiki\_posting\_guidelines) STILL APPLY.",54,54,0,98,0.79,:post-discussion: Discussion,False,False,False,False,https://www.reddit.com/r/formula1/comments/1mzimfb/monday_trash_talk_thread/,https://www.reddit.com/r/formula1/comments/1mzimfb/monday_trash_talk_thread/,1756101664,2025-08-25T06:01:04Z,2025-08-25,FALSE,True,posts.part001.csv
submission,1mzhbi6,formula1,anthn885,"On this day in 1985, Niki Lauda won the Dutch Grand Prix, his 25th and final Formula 1 victory.",,1070,1070,0,34,0.99,:post-throwback: Throwback,False,False,False,False,https://streamain.com/en/7DL3o9u3Kv91daj/watch,https://www.reddit.com/r/formula1/comments/1mzhbi6/on_this_day_in_1985_niki_lauda_won_the_dutch/,1756097050,2025-08-25T04:44:10Z,2025-08-25,FALSE,False,posts.part001.csv
submission,1mzabaf,formula1,mysillyhighaccount,"Maranello, when Kimi became world champion",,428,428,0,35,0.96,:post-video: Video,False,False,False,False,https://youtu.be/639Ec6DzpOs?si=5OzVwaL722yPzM8w,https://www.reddit.com/r/formula1/comments/1mzabaf/maranello_when_kimi_became_world_champion/,1756076497,2025-08-24T23:01:37Z,2025-08-24,FALSE,False,posts.part001.csv
submission,1mz170d,formula1,PapiSurane,[OT] Final laps of the Coke Zero 400 at Daytona,,330,330,0,197,0.82,:post-video: Video,False,True,False,False,https://www.youtube.com/watch?v=czfUUubjngE,https://www.reddit.com/r/formula1/comments/1mz170d/ot_final_laps_of_the_coke_zero_400_at_daytona/,1756055212,2025-08-24T17:06:52Z,2025-08-24,FALSE,False,posts.part001.csv
submission,1myxqjt,formula1,turinturambar66,Dutch GP Venue Parts Ways With F1 for Potential NASCAR or IndyCar Deal,,1407,1407,0,237,0.96,:post-news: News,False,False,False,False,https://www.newsweek.com/sports/racing/dutch-gp-venue-parts-ways-f1-potential-nascar-indycar-deal-2118218,https://www.reddit.com/r/formula1/comments/1myxqjt/dutch_gp_venue_parts_ways_with_f1_for_potential/,1756047370,2025-08-24T14:56:10Z,2025-08-24,FALSE,False,posts.part001.csv
submission,1myxb5g,formula1,saponista,Surprises from rewatching 2010-2012,"Over the summer break I set out to re-watch the 2010-2012 seasons, and a bunch of things surprised me. In no particular order: * Most drivers survived a race with Kobayashi, Petrov, Maldonado, and Grosjean on the grid * The Michael still had it. That pole lap in Monaco was stunning. I don't remember him being that cursed; when the car wasn't committing seppuku he drove the wheels off it -- and, yes, occasionally into other people * Nico in the fluoro yellow helmet and gloves in the Mercedes was bizarre. I kept thinking it was Lewis * Bruno Senna was not terrible * Kubica was legit fast in that ~~Sauber~~ Renault * Perez was legit fast in that Sauber * The 2010 championship was decided in the last race (I have NO IDEA how I forgot that) * Alonso lost 2010 because of Ferrari strategy and didn't badmouth them afterwards * Charles Pic existed * Jenson Button was so, so good in 2011 * Baby Bono was skinny! * Rob Smedley was a total stud * Hamilton and Massa really did crash that often in 2011 * Ron Dennis looked happy several times * Seb wasn't nearly as big a jerk (he was sassy, but this time it seemed in a fun way). Multi-21 was a bigger outlier than I remembered * Jenson Button, Mark Webber, Jonathan Wheatley, Martin Whitmarsh, and Adrian Newey all look the same today * THAT podium of World Champions all engineered by Andrea Stella goes even harder * The stewards handed out grid drops and drive-throughs like candy (although it did not deter Kobayashi, Petrov, Maldonado, or Grosjean) * Engines exploded randomly all the time, not just the Renaults * The engines really did sound better EDIT: I'd also forgotten (a) how many different helmet designs Seb had and (b) that so many of them were gorgeous",722,722,0,145,0.96,:post-discussion: Discussion,False,False,False,False,https://www.reddit.com/r/formula1/comments/1myxb5g/surprises_from_rewatching_20102012/,https://www.reddit.com/r/formula1/comments/1myxb5g/surprises_from_rewatching_20102012/,1756046378,2025-08-24T14:39:38Z,2025-08-24,1756050594,True,posts.part001.csv
submission,1myw7n0,formula1,Slahinki,70 Minutes of Godly Fernando Alonso Performances,,327,327,0,44,0.88,:post-video: Video,False,False,False,False,https://www.youtube.com/watch?v=5w2FAdIuy50,https://www.reddit.com/r/formula1/comments/1myw7n0/70_minutes_of_godly_fernando_alonso_performances/,1756043678,2025-08-24T13:54:38Z,2025-08-24,FALSE,False,posts.part001.csv
submission,1myu1r6,formula1,randomseocb,10 of the best F1 bromances from over the years,,328,328,0,122,0.82,:post-news: News,False,False,False,False,https://www.formula1.com/en/latest/article/from-bonded-team-mates-to-rivals-turned-friends-10-of-f1s-best-bromances.7sCnTBlRTMowjswNAQosqf,https://www.reddit.com/r/formula1/comments/1myu1r6/10_of_the_best_f1_bromances_from_over_the_years/,1756037807,2025-08-24T12:16:47Z,2025-08-24,FALSE,False,posts.part001.csv
submission,1mytjmw,formula1,Vulphere,[OT] Last lap of 2025 Moto2 Hungarian GP,,237,237,0,30,0.88,:post-off-topic: Off-Topic,False,True,False,False,https://streamain.com/nnTTItumO9s1iQb/watch,https://www.reddit.com/r/formula1/comments/1mytjmw/ot_last_lap_of_2025_moto2_hungarian_gp/,1756036280,2025-08-24T11:51:20Z,2025-08-24,FALSE,False,posts.part001.csv
submission,1myphiq,formula1,anthn885,Rubens Barrichello won the 2002 United States Grand Prix at Indianapolis with a margin of 0.011 seconds over Michael Schumacher.,,915,915,0,65,0.96,:post-video: Video,False,False,False,False,https://streamain.com/en/7R9H2QoYh4rvYos/watch,https://www.reddit.com/r/formula1/comments/1myphiq/rubens_barrichello_won_the_2002_united_states/,1756021465,2025-08-24T07:44:25Z,2025-08-24,FALSE,False,posts.part001.csv
submission,1myowrj,formula1,Dangerous_Minute_625,Carlos Sainz believes that Red Bull has appointed the “perfect” replacement for Christian Horner in Formula 1 in the form of new Team Principal Laurent Mekies.,,1261,1261,0,73,0.97,:post-news: News,False,False,False,False,https://www.motorsportweek.com/2025/08/23/red-bulls-f1-rivals-regard-laurent-mekies-as-perfect-christian-horner-successor/,https://www.reddit.com/r/formula1/comments/1myowrj/carlos_sainz_believes_that_red_bull_has_appointed/,1756019269,2025-08-24T07:07:49Z,2025-08-24,FALSE,False,posts.part001.csv
submission,1myntmc,formula1,AutoModerator,Ask r/Formula1 Anything - Daily Discussion Thread,"# Welcome to the [r/formula1](https://www.reddit.com/r/formula1/) Daily Discussion / Q&A thread. This thread is a hub for general discussion and questions about Formula 1, that don't need threads of their own. Are you new to Formula 1? This is the place for you. Ever wondered why it's called a lollipop man? Why the cars don't refuel during pitstops? Or when Mika will be back from his sabbatical? Ask any question you might have here, and the community will answer. Also make sure you check out our [guide for new fans](https://www.reddit.com/r/formula1/wiki/newtof1), and our [FAQ for new fans](https://www.reddit.com/r/formula1/wiki/faq). Are you a veteran fan, longing for the days of lollipop men, refueling during pitstops, and Mika Häkkinen? This is the place to introduce new fans to your passion and knowledge of the sport. Remember to keep it civil and welcoming! Gatekeeping within the Daily Discussion will subject users to disciplinary action. Have a meta question about the subreddit? Please [direct these to the moderators](https://www.reddit.com/message/compose/?to=/r/formula1) instead.",28,28,0,62,0.79,:post-daily-discussion: Daily Discussion,False,False,False,False,https://www.reddit.com/r/formula1/comments/1myntmc/ask_rformula1_anything_daily_discussion_thread/,https://www.reddit.com/r/formula1/comments/1myntmc/ask_rformula1_anything_daily_discussion_thread/,1756015262,2025-08-24T06:01:02Z,2025-08-24,FALSE,True,posts.part001.csv
submission,1my5ljg,formula1,anthn885,"On this day in 2015, Max Verstappen overtook Felipe Nasr around the outside at Blanchimont, Spa-Francorchamps",,924,924,0,74,0.9,:post-throwback: Throwback,False,False,False,False,https://streamain.com/MQLF7Dxys9JSwMq/watch,https://www.reddit.com/r/formula1/comments/1my5ljg/on_this_day_in_2015_max_verstappen_overtook/,1755965661,2025-08-23T16:14:21Z,2025-08-23,FALSE,False,posts.part001.csv
submission,1my5a1u,formula1,turinturambar66,"[OT] [Nathan Brown] Talk about silly. Could Colton Herta jump to F2 in pursuit of the necessary Super License points to make a run at F1, opening a seat for Will Power or Dennis Hauger? Herta: “I’ve heard those rumors, too. That’s all it is right now, is rumors.”",,672,672,0,150,0.94,:post-social-media: Social Media,False,False,False,False,https://xcancel.com/By_NathanBrown/status/1959234465923784900?t=n9dNio0ISo02r4mCmo2gLw&s=19,https://www.reddit.com/r/formula1/comments/1my5a1u/ot_nathan_brown_talk_about_silly_could_colton/,1755964923,2025-08-23T16:02:03Z,2025-08-23,FALSE,False,posts.part001.csv
submission,1my2vby,formula1,CanonNi,Why Ocon believes Haas F1 team is 'healthier' than Alpine,,2302,2302,0,162,0.98,:post-news: News,False,False,False,False,https://www.autosport.com/f1/news/why-ocon-reckons-haas-f1-team-is-healthier-than-alpine/10752456/,https://www.reddit.com/r/formula1/comments/1my2vby/why_ocon_believes_haas_f1_team_is_healthier_than/,1755959183,2025-08-23T14:26:23Z,2025-08-23,FALSE,False,posts.part001.csv
submission,1mxxdmn,formula1,thefuzzybuddha,Cadillac complete F1 driver line-up with second signing,,4292,4292,0,424,0.95,:post-news: News,False,False,False,False,https://racingnews365.com/cadillac-complete-f1-driver-line-up-with-second-signing,https://www.reddit.com/r/formula1/comments/1mxxdmn/cadillac_complete_f1_driver_lineup_with_second/,1755943046,2025-08-23T09:57:26Z,2025-08-23,FALSE,False,posts.part001.csv
submission,1mxvttc,formula1,L1xi,AMUS: Will the 400 km/h barrier be broken? Top speed records are set to be smashed in 2026.,,1655,1655,0,255,0.95,:post-news: News,False,False,False,False,https://www.auto-motor-und-sport.de/formel-1/saison-2026-topspeed-rekorde-400-kmh/,https://www.reddit.com/r/formula1/comments/1mxvttc/amus_will_the_400_kmh_barrier_be_broken_top_speed/,1755937139,2025-08-23T08:18:59Z,2025-08-23,FALSE,False,posts.part001.csv
submission,1mxv45i,formula1,sppy1,The other way Ferrari's F1 ride height headache hurt its 2025,,487,487,0,38,0.97,:post-news: News,False,False,False,False,https://www.the-race.com/formula-1/ferrari-ride-height-issue-f1-2025-vasseur/,https://www.reddit.com/r/formula1/comments/1mxv45i/the_other_way_ferraris_f1_ride_height_headache/,1755934421,2025-08-23T07:33:41Z,2025-08-23,FALSE,False,posts.part001.csv
submission,1mxtldi,formula1,AutoModerator,Ask r/Formula1 Anything - Daily Discussion Thread,"# Welcome to the [r/formula1](https://www.reddit.com/r/formula1/) Daily Discussion / Q&A thread. This thread is a hub for general discussion and questions about Formula 1, that don't need threads of their own. Are you new to Formula 1? This is the place for you. Ever wondered why it's called a lollipop man? Why the cars don't refuel during pitstops? Or when Mika will be back from his sabbatical? Ask any question you might have here, and the community will answer. Also make sure you check out our [guide for new fans](https://www.reddit.com/r/formula1/wiki/newtof1), and our [FAQ for new fans](https://www.reddit.com/r/formula1/wiki/faq). Are you a veteran fan, longing for the days of lollipop men, refueling during pitstops, and Mika Häkkinen? This is the place to introduce new fans to your passion and knowledge of the sport. Remember to keep it civil and welcoming! Gatekeeping within the Daily Discussion will subject users to disciplinary action. Have a meta question about the subreddit? Please [direct these to the moderators](https://www.reddit.com/message/compose/?to=/r/formula1) instead.",24,24,0,48,0.82,:post-daily-discussion: Daily Discussion,False,False,False,False,https://www.reddit.com/r/formula1/comments/1mxtldi/ask_rformula1_anything_daily_discussion_thread/,https://www.reddit.com/r/formula1/comments/1mxtldi/ask_rformula1_anything_daily_discussion_thread/,1755928868,2025-08-23T06:01:08Z,2025-08-23,FALSE,True,posts.part001.csv
submission,1mxq64x,formula1,anthn885,Max Verstappen finishes P8 after early engine stall and pit lane restart - Singapore 2015,,619,619,0,23,0.91,:post-video: Video,False,False,False,False,https://streamain.com/en/2QxlBl4enN7arzq/watch,https://www.reddit.com/r/formula1/comments/1mxq64x/max_verstappen_finishes_p8_after_early_engine/,1755917558,2025-08-23T02:52:38Z,2025-08-23,FALSE,False,posts.part001.csv
submission,1mxnnpn,formula1,boostleaking,Songs that remind you of race series,,83,83,0,104,0.74,:post-off-topic: Off-Topic,False,False,False,False,/r/INDYCAR/comments/1mxnfsq/songs_that_remind_you_of_race_series/,https://www.reddit.com/r/formula1/comments/1mxnnpn/songs_that_remind_you_of_race_series/,1755910120,2025-08-23T00:48:40Z,2025-08-23,FALSE,False,posts.part001.csv
submission,1mxavq6,formula1,SwimmingFantastic564,"Seven F1 Legends, One Unmissable Chat! | F1 Legends Roundtable",,254,254,0,47,0.94,:post-video: Video,False,False,False,False,https://youtu.be/y-Pe1FbPMBY?si=BiJ0YofGGaCsaTsh,https://www.reddit.com/r/formula1/comments/1mxavq6/seven_f1_legends_one_unmissable_chat_f1_legends/,1755879391,2025-08-22T16:16:31Z,2025-08-22,FALSE,False,posts.part001.csv
submission,1mx940y,formula1,mango-yoyo,How Red Bull's 2025 season has played out so far,,263,263,0,80,0.91,:post-news: News,False,False,False,False,https://www.formula1.com/en/latest/article/half-term-report-red-bulls-best-and-worst-moments-from-2025-so-far-and.1FKkp7yCGRDgXwbdXPsI6l,https://www.reddit.com/r/formula1/comments/1mx940y/how_red_bulls_2025_season_has_played_out_so_far/,1755875396,2025-08-22T15:09:56Z,2025-08-22,FALSE,False,posts.part001.csv
submission,1mx3d38,formula1,splintersailor,"Max Verstappen exploring new racing lines in a golf cart, to the surprise of his family (source: afelixdacosta on Instagram)",,3013,3013,0,144,0.97,:post-video: Video,False,False,False,False,https://streamain.com/cQx6DHPTwQRhDn2/watch,https://www.reddit.com/r/formula1/comments/1mx3d38/max_verstappen_exploring_new_racing_lines_in_a/,1755860398,2025-08-22T10:59:58Z,2025-08-22,FALSE,False,posts.part001.csv
submission,1mx3ahx,formula1,Rentta,FIA “surprised” by focus on lap times as it reveals just how slow 2026 F1 cars could be,,4557,4557,0,803,0.97,:post-news: News,False,False,False,False,https://www.motorsport.com/f1/news/FIA-reveals-just-how-slow-2026-F1-cars-could-be/10752329/,https://www.reddit.com/r/formula1/comments/1mx3ahx/fia_surprised_by_focus_on_lap_times_as_it_reveals/,1755860153,2025-08-22T10:55:53Z,2025-08-22,FALSE,False,posts.part001.csv
submission,1mx194l,formula1,0oodruidoo0,(OT) Got the summer break blues? Want to watch some racing this Sunday? How about the 4 Hours of Spa?,"If you want some racing to watch this weekend, there's the 4 Hours of Spa, a European Le Mans Series race, on for free on YouTube. There's two classes - LMGT3, which is road car based racing cars, and LMP2. LMP2 may be the second tier of sportscar closed roof prototype racing car, but they're basically as fast if unrestricted by power and simple aero tweak regulations (adding diveplanes mostly) as the top tier WEC Hypercar as they are lighter than Hypercars and have better aero. This is due to the Hypercar regulations being slower than LMP1 which LMP2 was originally measured against. The universally used Oreca 07 is an excellent racing car, both for drivers and to spectate on broadcast. The championship winning cars in both LMP2 subclasses and the winning car in LMGT3 are all automatically granted invites to compete at the 24 Hours of Le Mans the year following, so there are some real stakes in the championship battle. Le Mans invites and a shot at a class win at the biggest 24 hour race are coveted amongst everybody competing. There's one point in the LMP2 championship as we stand pre spa weekend. Four points in the LMP2 Pro/Am subclass. Six points in LMGT3, with the current championship leaders not having won yet. And the top 5 cars in LMGT3 are within nine points. Spa is an excellent circuit for sportscar racing. I think it suits sportscars and sportscar multiclass battling more than modern F1 cars. You definitely won't be left feeling like you didn't see what Spa really can do for battles on track. No DRS or overtake system in ELMS - every inch and overtake is earned. There's no guarantee it will be an all time classic but the grid is stacked with talent and I'm sure we'll have a lot to get excited about. [Click here](https://www.youtube.com/watch?v=GYc1fhDSNaU) and hit notify me if you're interested in watching! It also says when the race starts in your local time if you are curious.",151,151,0,31,0.92,:post-off-topic: Off-Topic,False,False,False,False,https://www.reddit.com/r/formula1/comments/1mx194l/ot_got_the_summer_break_blues_want_to_watch_some/,https://www.reddit.com/r/formula1/comments/1mx194l/ot_got_the_summer_break_blues_want_to_watch_some/,1755852733,2025-08-22T08:52:13Z,2025-08-22,FALSE,True,posts.part001.csv
submission,1mwykp4,formula1,AutoModerator,Ask r/Formula1 Anything - Daily Discussion Thread,"# Welcome to the [r/formula1](https://www.reddit.com/r/formula1/) Daily Discussion / Q&A thread. This thread is a hub for general discussion and questions about Formula 1, that don't need threads of their own. Are you new to Formula 1? This is the place for you. Ever wondered why it's called a lollipop man? Why the cars don't refuel during pitstops? Or when Mika will be back from his sabbatical? Ask any question you might have here, and the community will answer. Also make sure you check out our [guide for new fans](https://www.reddit.com/r/formula1/wiki/newtof1), and our [FAQ for new fans](https://www.reddit.com/r/formula1/wiki/faq). Are you a veteran fan, longing for the days of lollipop men, refueling during pitstops, and Mika Häkkinen? This is the place to introduce new fans to your passion and knowledge of the sport. Remember to keep it civil and welcoming! Gatekeeping within the Daily Discussion will subject users to disciplinary action. Have a meta question about the subreddit? Please [direct these to the moderators](https://www.reddit.com/message/compose/?to=/r/formula1) instead.",23,23,0,68,0.82,:post-daily-discussion: Daily Discussion,False,False,False,False,https://www.reddit.com/r/formula1/comments/1mwykp4/ask_rformula1_anything_daily_discussion_thread/,https://www.reddit.com/r/formula1/comments/1mwykp4/ask_rformula1_anything_daily_discussion_thread/,1755842477,2025-08-22T06:01:17Z,2025-08-22,FALSE,True,posts.part001.csv
submission,1mwy1y1,formula1,His_Holiness,"Foxtel may have lost its wow factor, but it’s holding on to F1",,334,334,0,110,0.95,:post-news: News,False,False,False,False,https://www.smh.com.au/business/companies/foxtel-may-have-lost-its-wow-factor-but-it-s-holding-on-to-f1-20250821-p5moom.html,https://www.reddit.com/r/formula1/comments/1mwy1y1/foxtel_may_have_lost_its_wow_factor_but_its/,1755840628,2025-08-22T05:30:28Z,2025-08-22,FALSE,False,posts.part001.csv
submission,1mwxc9r,formula1,OaklandWarrior,"1964 F1 British GP [HD 60fps, Extended] Onboard of Jim Clark in Lotus 25 - British Pathé",,270,270,0,31,0.98,:post-video: Video,False,False,False,False,https://www.youtube.com/watch?v=oGWnhmQZKII,https://www.reddit.com/r/formula1/comments/1mwxc9r/1964_f1_british_gp_hd_60fps_extended_onboard_of/,1755838201,2025-08-22T04:50:01Z,2025-08-22,FALSE,False,posts.part001.csv
submission,1mwxb2u,formula1,thugmuffin22,What happened to Ferrari in 2005?,"I’m in the middle of F1TV’s story of the season (the best thing on F1TV from 2000-2016), and while it does an amazing job of describing the F1 season week to week, I find it does a spotty job of describing the Ferraris’ step back in 2005. The story of the season focuses on Fernando’s rise but doesn’t spend much time on the decline of the Ferrari as a car, instead making Michael and Ferrari a secondary story on the season. The Ferrari returned to front row competitiveness in 2006, so what on earth happened in 2005?",383,383,0,82,0.94,:post-discussion: Discussion,False,False,False,False,https://www.reddit.com/r/formula1/comments/1mwxb2u/what_happened_to_ferrari_in_2005/,https://www.reddit.com/r/formula1/comments/1mwxb2u/what_happened_to_ferrari_in_2005/,1755838089,2025-08-22T04:48:09Z,2025-08-22,1755860201,True,posts.part001.csv
submission,1mwvxhh,formula1,Areco7,Which driver pairing can Win Both championships in the fastest Car ?,"Formula 1 has usually about who has the fastest car, some drivers define eras, while some don't even get the opportunity to show their true potential. From the current field, Which driver pairings do you think will seal both championships in the fastest car ? Now I understand the fastest car is a very vague terms, but let's assume this car will have superior qualifying performance and race pace by a decent margin. But not so good that it will just pull a 20 sec gap to 3rd position. (something the McLaren this year has been able to do.)",0,0,0,56,0.37,:post-discussion: Discussion,False,False,False,False,https://www.reddit.com/r/formula1/comments/1mwvxhh/which_driver_pairing_can_win_both_championships/,https://www.reddit.com/r/formula1/comments/1mwvxhh/which_driver_pairing_can_win_both_championships/,1755833632,2025-08-22T03:33:52Z,2025-08-22,FALSE,True,posts.part001.csv
submission,1mwu91c,formula1,anthn885,"On This Day 2005, Kimi Raikkonen’s Victory at the Turkish Grand Prix",,243,243,0,26,0.96,:post-throwback: Throwback,False,False,False,False,https://streamain.com/SHwejHFwR6EYiKI/watch,https://www.reddit.com/r/formula1/comments/1mwu91c/on_this_day_2005_kimi_raikkonens_victory_at_the/,1755828697,2025-08-22T02:11:37Z,2025-08-22,FALSE,False,posts.part001.csv
submission,1mwsjuq,formula1,Strange_Platform1328,Kuwaiti investor aiming for 2027 F1 entry with Caterham name,Seems a bit ambitious considering the difficulty Cadillac gave had getting in to F1.,928,928,0,180,0.97,:post-news: News,False,False,False,False,https://www.motorsportweek.com/2025/08/21/kuwaiti-investor-aiming-for-2027-f1-entry-with-caterham-name/,https://www.reddit.com/r/formula1/comments/1mwsjuq/kuwaiti_investor_aiming_for_2027_f1_entry_with/,1755823930,2025-08-22T00:52:10Z,2025-08-22,FALSE,False,posts.part001.csv
submission,1mwpz32,formula1,ALOIsFasterThanYou,Bottas still faces F1 comeback grid drop despite rule change,,2068,2068,0,101,0.98,:post-news: News,False,False,False,False,https://www.the-race.com/formula-1/valtteri-bottas-grid-penalty-f1-comeback-rule-change/,https://www.reddit.com/r/formula1/comments/1mwpz32/bottas_still_faces_f1_comeback_grid_drop_despite/,1755816999,2025-08-21T22:56:39Z,2025-08-21,FALSE,False,posts.part001.csv
submission,1mwmhfo,formula1,gggggenegenie,Finally got round to watching the F1 movie today (me being a seasoned F1 fan),"And I will go as far as saying it's woken up something in me that's been lacking between me and motorsport these past couple of years. I've been a bit down on the sport in recent times, a combination of not finding the racing as fun as I used to, of being ground down by DTS-focused media coverage and the shitty football-style fan factions. Having followed the sport for 40 odd years and spending a lifetime's fortune watching and reading it, I was getting to the point of jacking it all in. Yet I watched this today, expecting another cynical Liberty money grab, and I was delightfully surprised. Sure, it's a movie and must be taken as such. But it is a very good movie. The best I've seen this year, and I watch a hell of a lot of movies. I felt, at one point, that the use of Martin Donnelly's accident was crass. But I am thrilled they sought him out and had his blessing. I didn't expect to see the special thanks dedicated to him at the start of the credits, and this put a little tear in my eye. And then, very early in the credits too, seeing Craig Dolby down as a stunt/driving coordinator made we leap with happiness. He deserved so much more from his racing career and I am thrilled he is so highly thought of in this field. Craig, if you're reading this, well done mate. It makes a change from driving lorries at Tenerife Airport! In short they made F1 look great which it really is. Sure, it had buxton in it (ffs), but even that low is irrelevant when compared to all the highs. It's an 8 out of 10 for me, Clive.",1322,1322,0,430,0.88,:post-discussion: Discussion,False,False,False,False,https://www.reddit.com/r/formula1/comments/1mwmhfo/finally_got_round_to_watching_the_f1_movie_today/,https://www.reddit.com/r/formula1/comments/1mwmhfo/finally_got_round_to_watching_the_f1_movie_today/,1755808589,2025-08-21T20:36:29Z,2025-08-21,FALSE,True,posts.part001.csv
submission,1mwld7a,formula1,Racing5000,Cadillac closing in on race-winning line-up for F1 debut,,1614,1614,0,241,0.97,:post-news: News,False,False,False,False,https://www.the-race.com/formula-1/cadillac-closing-in-on-race-winning-line-up-for-f1-debut/,https://www.reddit.com/r/formula1/comments/1mwld7a/cadillac_closing_in_on_racewinning_lineup_for_f1/,1755806048,2025-08-21T19:54:08Z,2025-08-21,FALSE,False,posts.part001.csv
submission,1mwiz5t,formula1,Icy_Park_7919,Sauber F1 issue statement after sponsor criticism over streamer death,"Kick Sauber is coming under fire, and has started to distance itself from events linked to its title sponsor. This is a developing story. A French streamer died during a Kick stream, after being subject to abuse over multiple days. The events leading up to this tragedy were shown live during multiple days, and actively promoted in France by Kick itself. The French authorities have opened an investigation into the matter.",4187,4187,0,532,0.98,:post-news: News,False,False,False,False,https://www.gpfans.com/en/f1-news/1059416/sauber-f1-issue-statement-after-kick-criticism-over-streamer-jean-pormanove-death/,https://www.reddit.com/r/formula1/comments/1mwiz5t/sauber_f1_issue_statement_after_sponsor_criticism/,1755800646,2025-08-21T18:24:06Z,2025-08-21,FALSE,False,posts.part001.csv
submission,1mwko2d,formula1,kibitzer_01,25 Years Of Team Radio | F1 Youtube,,129,129,0,12,0.96,:post-video: Video,False,False,False,False,https://www.youtube.com/watch?v=Z4OpDCF8qME&pp=ygUCZjE%3D,https://www.reddit.com/r/formula1/comments/1mwko2d/25_years_of_team_radio_f1_youtube/,1755804444,2025-08-21T19:27:24Z,2025-08-21,FALSE,False,posts.part001.csv
submission,1mwdn15,formula1,l3w1s1234,Helmut Marko takes aim at Mercedes for Kimi Antonelli 'hype',,524,524,0,249,0.87,:post-news: News,False,False,False,False,https://www.motorsportweek.com/2025/08/21/helmut-marko-takes-aim-at-mercedes-for-kimi-antonelli-hype/,https://www.reddit.com/r/formula1/comments/1mwdn15/helmut_marko_takes_aim_at_mercedes_for_kimi/,1755788971,2025-08-21T15:09:31Z,2025-08-21,FALSE,False,posts.part001.csv
submission,1mw9qp4,formula1,RobbieJ4444,Which F1 season did you find to be the most boring?,"I'll offer my suggestions over the topic **2013:** People often say that 2013 was amazing in the first half and boring as hell in the second where Vettel won everything with only Grosjean of all people coming remotely close, but that second half of the season was such a drag. It didn't help that Webber had no answer to Vettel's race pace. He occasionally out qualified him, but he never beaten him to the win once in the year where the Red Bull won every race in the second half of the season. I remember begging and praying for rain in that time so that something interesting would happen, but if memory serves me correct, the only wet session for the remainder of that year was a single practise session in Brazil. A practise session that Red Bull topped anyway, so it probably wouldn't have made any difference. I know people always say to focus on the midfield when the same person is winning all the time, but the racing in the midfield wasn't any good either for the most part. The biggest culprit for this were the tyres. Way too many races this year had massive stints where the drivers were simply trying to nurse the tyres to safety. I remember the American grand prix in particular was aggravating as it felt that all the racing halted so that the drivers could all parade around managing the tyres. **2015:** I will now provide a list of everything I remembered from this season: * Rosberg throwing his cap at Lewis after he won the title. * Vettel winning at Malaysia. * The Hungarian Grand Prix. * Mercedes' pace vanishing in Singapore * Felipe Massa's duel with Felipe Nasr in Canada That is it. Max Verstappen debuted in 2015, and I can't remember anything he did. **2016:** This was supposed to be the year where Ferrari really took the fight to Mercedes, there was so much hype around the Mercedes vs Ferrari battle prior to Melbourne, and then Ted Kravitz says this. *""Ferrari reckon the reason why they're not catching Mercedes, is because Mercedes is simply better than them.""* I will never forget the disappointment in his voice when he said that. But it was the midfield racing that cemented this season's spot here. Manor being at the back was the norm, but Sauber were just as bad as them this year, and Renault too weren't much further ahead of them. Haas were good in the first half of the year, but were nowhere in the second, not to mention that Gutierrez didn't score any points at all. Probably not the worst season in F1, it had its moments, but the gaps between the cars were still way too big, and too many teams we want to see fighting for points were simply unable to. **2020:** I'll admit that a lot of the races in 2020 were fun to watch, but I would argue that they were fun to watch because this year had plenty of chaos. If it didn't rain or if somebody didn't crash, the actual racing itself wasn't that great. People remember the first Silverstone race for Hamilton somehow winning on just three wheels, but tend to forget that the race was pretty dull beforehand, and this was not the only case of this happening. One of the biggest disasters this seasons had was Ferrari dropping back massively, which meant that only Mercedes and Red Bull (Max) were at the front. People joke about this year being HAM BOT VER for a reason. No one could catch them, let alone beat Hamilton. Only eight races the entire year didn't have that podium lineup and none of them were based on genuine pace. But I think the biggest problem with this year was with just how one sided the teammate battles were this year. Lance Stroll vs Sergio Perez was genuienly one of the closer team battles, because Hamilton thrashed Bottas, Verstappen thrashed Albon, Leclerc thrashed Vettel, Ricciardo thrashed Ocon, Gasly thrashed Kvyat and Russell thrashed Latifi. 2020 season, fun for chaos, boring for actual competitive racing. **2023:** Red Bull were ridiculously dominant all year long, and Verstappen crushed Perez into the dirt. It didn't matter what upgrades everyone else brought, none of them worked in the slightest. It got really tiring after two races, and honestly the one race Red Bull didn't win (Singapore) wasn't a particularly good race, and really Las Vegas was the only one where Red Bull even had to fight for it. Not every race was terrible, but I'd argue that none of them were exciting, mainly because that there was never any competition for Red Bull. It was cool to see Aston Martin and McLaren make a step forward, but all that really did was make it less likely for everyone else to score points. Another thing to point out this year was that every single driver was kept for the exact same team for 2024. There was no transfer at all. No discussions, no rumours. As boring as 2013 got, at least the transfer gossip was fun. **My own thoughts:** Personally since watching F1 since 2012, the most bored I've been with it was the first half of 2024, but once the Red Bull domination ended, it was fun to watch. For me the worst has got to be 2023, simply because of how nothing the whole season ended up being, but if 2013 started how it ended, it would've been number one instead, simply because of how bad the actual racing got at times. Then again I barely remember 2015 at all, so maybe that's the most boring?",425,425,0,451,0.87,:post-discussion: Discussion,False,False,False,False,https://www.reddit.com/r/formula1/comments/1mw9qp4/which_f1_season_did_you_find_to_be_the_most_boring/,https://www.reddit.com/r/formula1/comments/1mw9qp4/which_f1_season_did_you_find_to_be_the_most_boring/,1755779823,2025-08-21T12:37:03Z,2025-08-21,FALSE,True,posts.part001.csv
submission,1mw8hs4,formula1,dac2199,"Franco Colapinto's future at Alpine for 2026 is in jeopardy, according to German media reports.",,1699,1699,0,393,0.97,:post-news: News,False,False,False,False,https://soymotor.com/f1/noticias/peligra-la-continuidad-de-franco-colapinto-en-alpine-para-2026-segun-prensa-alemana,https://www.reddit.com/r/formula1/comments/1mw8hs4/franco_colapintos_future_at_alpine_for_2026_is_in/,1755776342,2025-08-21T11:39:02Z,2025-08-21,FALSE,False,posts.part001.csv
submission,1mw5gc1,formula1,Auelogic,What would happen if every F1 driver had the exact same car and made no mistakes?,"The summer break feels so long and boring, so here’s a thought. What if all 20 drivers on the grid had the same car, the same skill level, and didn’t make a single mistake during the race? Would we still see overtakes just from slipstream, track conditions, or even wind? I know you can run simulations in games, but it’s never quite the same as real life. What would qualifying and the races be like?",0,0,0,70,0.29,:post-discussion: Discussion,False,False,False,False,https://www.reddit.com/r/formula1/comments/1mw5gc1/what_would_happen_if_every_f1_driver_had_the/,https://www.reddit.com/r/formula1/comments/1mw5gc1/what_would_happen_if_every_f1_driver_had_the/,1755765783,2025-08-21T08:43:03Z,2025-08-21,FALSE,True,posts.part001.csv
submission,1mw56ag,formula1,l3w1s1234,How different will 2026 F1 cars be to drive?,,330,330,0,69,0.96,:post-news: News,False,False,False,False,https://www.the-race.com/formula-1/what-to-expect-from-f1-2026s-so-different-driving-styles/,https://www.reddit.com/r/formula1/comments/1mw56ag/how_different_will_2026_f1_cars_be_to_drive/,1755764700,2025-08-21T08:25:00Z,2025-08-21,FALSE,False,posts.part001.csv
submission,1mw4xqy,formula1,Xanthon,"No plans to bring Formula 1 GP back to Malaysia, sports minister says",,1655,1655,0,215,0.98,:post-news: News,False,False,False,False,https://www.reuters.com/sports/formula1/no-plans-bring-formula-1-gp-back-malaysia-sports-minister-says-2025-08-21/,https://www.reddit.com/r/formula1/comments/1mw4xqy/no_plans_to_bring_formula_1_gp_back_to_malaysia/,1755763772,2025-08-21T08:09:32Z,2025-08-21,FALSE,False,posts.part001.csv
submission,1mw2vpa,formula1,AutoModerator,Ask r/Formula1 Anything - Daily Discussion Thread,"# Welcome to the [r/formula1](https://www.reddit.com/r/formula1/) Daily Discussion / Q&A thread. This thread is a hub for general discussion and questions about Formula 1, that don't need threads of their own. Are you new to Formula 1? This is the place for you. Ever wondered why it's called a lollipop man? Why the cars don't refuel during pitstops? Or when Mika will be back from his sabbatical? Ask any question you might have here, and the community will answer. Also make sure you check out our [guide for new fans](https://www.reddit.com/r/formula1/wiki/newtof1), and our [FAQ for new fans](https://www.reddit.com/r/formula1/wiki/faq). Are you a veteran fan, longing for the days of lollipop men, refueling during pitstops, and Mika Häkkinen? This is the place to introduce new fans to your passion and knowledge of the sport. Remember to keep it civil and welcoming! Gatekeeping within the Daily Discussion will subject users to disciplinary action. Have a meta question about the subreddit? Please [direct these to the moderators](https://www.reddit.com/message/compose/?to=/r/formula1) instead.",36,36,0,44,0.9,:post-daily-discussion: Daily Discussion,False,False,False,False,https://www.reddit.com/r/formula1/comments/1mw2vpa/ask_rformula1_anything_daily_discussion_thread/,https://www.reddit.com/r/formula1/comments/1mw2vpa/ask_rformula1_anything_daily_discussion_thread/,1755756066,2025-08-21T06:01:06Z,2025-08-21,FALSE,True,posts.part001.csv
submission,1mw25wm,formula1,Accomplished-Gap8064,Williams insists Alex Albon ‘a completely different animal’ from Red Bull F1 spell,,1596,1596,0,76,0.97,:post-news: News,False,False,False,False,https://www.motorsportweek.com/2025/08/20/williams-insists-alex-albon-a-completely-different-animal-from-red-bull-f1-spell/,https://www.reddit.com/r/formula1/comments/1mw25wm/williams_insists_alex_albon_a_completely/,1755753586,2025-08-21T05:19:46Z,2025-08-21,FALSE,False,posts.part001.csv
submission,1mw0gjt,formula1,anthn885,"San Marino GP 2005 (Imola), 23-year-old Alonso defends against Schumacher to take victory despite engine problems",,465,465,0,55,0.97,:post-video: Video,False,False,False,False,https://streamain.com/d8u7juwYlzj3OaC/watch,https://www.reddit.com/r/formula1/comments/1mw0gjt/san_marino_gp_2005_imola_23yearold_alonso_defends/,1755748093,2025-08-21T03:48:13Z,2025-08-21,FALSE,False,posts.part001.csv
submission,1mvuk72,formula1,Ok-Anxiety-3561,Most Impactful Race Win for a Driver?,"With Helmut Marko recently saying Hulk was perhaps headed to Red Bull until Checo’s win at Sakhir, I was wondering if there are other moments of a single race win completely changing/impacting a career (aside from championship clenching, though that is important). If Checo doesn’t win Sakhir, he might’ve been out of a seat for 2021, and with it he was at a top team for several years. The stint at Red Bull is surely helping his candidacy for Cadillac. In a certain way, that one win extended his career by 5+ years. Pretty incredible. I was wondering if there were other examples such as this where one race seemingly changes so much.",919,919,0,245,0.97,:post-discussion: Discussion,False,False,False,False,https://www.reddit.com/r/formula1/comments/1mvuk72/most_impactful_race_win_for_a_driver/,https://www.reddit.com/r/formula1/comments/1mvuk72/most_impactful_race_win_for_a_driver/,1755731619,2025-08-20T23:13:39Z,2025-08-20,FALSE,True,posts.part001.csv
submission,1mvikmm,formula1,enesracing,Verstappen wants more consistency from Red Bull ahead of 2026,,653,653,0,104,0.95,:post-news: News,False,False,False,False,https://racer.com/2025/08/20/verstappen-wants-more-consistency-from-red-bull-ahead-of-2026,https://www.reddit.com/r/formula1/comments/1mvikmm/verstappen_wants_more_consistency_from_red_bull/,1755705007,2025-08-20T15:50:07Z,2025-08-20,FALSE,False,posts.part001.csv
submission,1mvicfz,formula1,wyxegake,Spot The Mistake | Grill The Grid 2025 | Episode 3,,274,274,0,66,0.95,:post-video: Video,False,False,False,False,https://youtu.be/ecPoPCvKDOA?si=PQ1iBFC-ynufVU_h,https://www.reddit.com/r/formula1/comments/1mvicfz/spot_the_mistake_grill_the_grid_2025_episode_3/,1755704518,2025-08-20T15:41:58Z,2025-08-20,FALSE,False,posts.part001.csv
submission,1mvevx1,formula1,NumberSixretro,Swiss karting champion Chiara Battig added to Red Bull Junior Team,,2051,2051,0,66,0.98,:post-news: News,False,False,False,False,https://formulascout.com/swiss-karting-champion-chiara-battig-added-to-red-bull-junior-team/133942,https://www.reddit.com/r/formula1/comments/1mvevx1/swiss_karting_champion_chiara_battig_added_to_red/,1755696674,2025-08-20T13:31:14Z,2025-08-20,FALSE,False,posts.part001.csv
submission,1mvalmu,formula1,FewCollar227,Cadillac sign first F1 driver for 2026 season,,6361,6361,0,557,0.96,:post-news: News,False,False,False,False,https://racingnews365.com/cadillac-sign-first-f1-driver-for-2026-season,https://www.reddit.com/r/formula1/comments/1mvalmu/cadillac_sign_first_f1_driver_for_2026_season/,1755684200,2025-08-20T10:03:20Z,2025-08-20,FALSE,False,posts.part001.csv
submission,1mvaj6c,formula1,hawlc,Bearman shocked by confidence change since Haas upgrade at F1 British GP,,579,579,0,23,0.97,:post-news: News,False,False,False,False,https://www.autosport.com/f1/news/bearman-shocked-by-confidence-change-since-haas-upgrade-at-f1-british-gp/10751882/,https://www.reddit.com/r/formula1/comments/1mvaj6c/bearman_shocked_by_confidence_change_since_haas/,1755683968,2025-08-20T09:59:28Z,2025-08-20,FALSE,False,posts.part001.csv
submission,1mv9rwa,formula1,CilanEAmber,Sho Tsuboi's Lap Of Fuji Speedway,,104,104,0,15,0.93,:post-video: Video,False,False,False,False,https://youtu.be/cf8Bmcv27yU?si=Qw1lRI-QHM18b0P9,https://www.reddit.com/r/formula1/comments/1mv9rwa/sho_tsubois_lap_of_fuji_speedway/,1755681188,2025-08-20T09:13:08Z,2025-08-20,FALSE,False,posts.part001.csv
submission,1mv9an9,formula1,sppy1,The two big tech war obsessions of F1 2025,,141,141,0,32,0.89,:post-news: News,False,False,False,False,https://www.the-race.com/formula-1/two-areas-crucial-to-f1s-unusual-development-war/,https://www.reddit.com/r/formula1/comments/1mv9an9/the_two_big_tech_war_obsessions_of_f1_2025/,1755679400,2025-08-20T08:43:20Z,2025-08-20,FALSE,False,posts.part001.csv
submission,1mv96jx,formula1,RobbieJ4444,Looking back at the criticism regarding Sauber promoting Zhou into F1,"It seems like a long time ago, but I remember back in 2021 when the rumours that Zhou would be promoted to Sauber began. I remember the fury that people possessed in this very sub that he would be getting the drive over other drivers. To be fair, it wasn't without reason. 2020 saw Nicholas Latifi get promoted to Williams, whilst 2021 saw Mazepin get promoted to Haas. Pay drivers in F1 is nothing new, but here we have two drivers severely underdeliver in their rookie seasons, and the prospect of a third rookie driver there to yet again underdeliver spectacularly wasn't very promising. What makes it even worse were that other drivers with more convincing resumes weren't being considered for F1 at all. The most obvious example being Oscar Piastri not getting the seat, despite him winning F2 in his rookie year. People were furious that Zhou got the Sauber seat over him. Granted, by Piastri's own admission, he was never in contention for that seat, but you could certainly understand why people were annoyed. It wasn't just Piastri though. I remember people being disappointed that Theo Pourchaire wasn't given a crack at the whip, with many people touting him at the time of being a star of the future. Nick De Vries was also a name that came up a bunch in the initial Sauber 2022 rumours, and I remember people really hoping that he'd get the seat over Zhou. The point being, Zhou getting promoted to Sauber wasn't a very popular decision, and many expected him to be on the level as Latifi and Mazepin. I even recall a few comments on this sub predicting him to be *worse* than Mazepin. All of this made me all the more happy for Zhou when he scored a point in his very first race, and proceeded to be a perfectly competent driver for the rest of his career. Don't get me wrong, I'm not touting Zhou to be a wonder kid or anything, but he was nowhere close to being considered one of the worse drivers in F1, and he was miles better than Mazepin and Latifi. Zhou was able to score points in all three of his seasons for Sauber, which isn't anything to snub at considering the quality of the car in 2024 in particular, and whilst Bottas was definitely better than him, he didn't completely annihilate him the way a bunch of us were expecting. I think another thing to point out is that a lot of the fury of all the other drivers not making it to that Sauber seat doesn't really exist anymore. Piastri made it to F1 the following year with McLaren with very little else needing to be said about that move. De Vries did eventually make it to F1, but he undeniably underdelivered, and whilst Pourchairre sadly didn't make it to F1, I'd argue he never really grew as a driver as much as he was expected to, following his initial F2 season. Yes he was talented enough for F1, but I'd argue he wouldn't have been the superstar that everyone at the time was predicting him to be. Throughout Zhou's career in F1, the quote ""he's proven that he deserves to be in F1"" was spoken out a lot, and the main reason for that is that prior to his debut in 2022, a lot of people didn't believe that. He may not have been the very best, but for China's first F1 driver, he did a remarkable job representing his country, and he was a whole lot better than many other drivers that proceeded and succeeded him, which had far more compelling resumes.",316,316,0,127,0.83,:post-discussion: Discussion,False,False,False,False,https://www.reddit.com/r/formula1/comments/1mv96jx/looking_back_at_the_criticism_regarding_sauber/,https://www.reddit.com/r/formula1/comments/1mv96jx/looking_back_at_the_criticism_regarding_sauber/,1755678952,2025-08-20T08:35:52Z,2025-08-20,FALSE,True,posts.part001.csv
submission,1mv7h14,formula1,racingplaybook,[OC] An overview of the partners and sponsors fuelling the Formula 1 teams in 2025,,2800,2800,0,129,0.99,:post-statistics: Statistics,False,False,False,False,https://www.reddit.com/gallery/1mv7h14,https://www.reddit.com/r/formula1/comments/1mv7h14/oc_an_overview_of_the_partners_and_sponsors/,1755672501,2025-08-20T06:48:21Z,2025-08-20,FALSE,False,posts.part001.csv
submission,1mv7pix,formula1,CanonNi,James Vowles outlines the hidden gains highlighting Williams' F1 transformation,,311,311,0,21,0.97,:post-news: News,False,False,False,False,https://www.motorsport.com/f1/news/wedsthe-hidden-gains-that-convince-williams-its-f1-transformation-is-working/10751795/,https://www.reddit.com/r/formula1/comments/1mv7pix/james_vowles_outlines_the_hidden_gains/,1755673361,2025-08-20T07:02:41Z,2025-08-20,FALSE,False,posts.part001.csv
submission,1mv6zcf,formula1,anthn885,Markus Winkelhock led the early laps in his only F1 race at the 2007 European GP thanks to a last-minute wet tyre change,,535,535,0,73,0.97,:post-video: Video,False,False,False,False,https://streamain.com/IxdSzgfMQ898z5N/watch,https://www.reddit.com/r/formula1/comments/1mv6zcf/markus_winkelhock_led_the_early_laps_in_his_only/,1755670701,2025-08-20T06:18:21Z,2025-08-20,FALSE,False,posts.part001.csv
submission,1mv6otd,formula1,AutoModerator,Ask r/Formula1 Anything - Daily Discussion Thread,"# Welcome to the [r/formula1](https://www.reddit.com/r/formula1/) Daily Discussion / Q&A thread. This thread is a hub for general discussion and questions about Formula 1, that don't need threads of their own. Are you new to Formula 1? This is the place for you. Ever wondered why it's called a lollipop man? Why the cars don't refuel during pitstops? Or when Mika will be back from his sabbatical? Ask any question you might have here, and the community will answer. Also make sure you check out our [guide for new fans](https://www.reddit.com/r/formula1/wiki/newtof1), and our [FAQ for new fans](https://www.reddit.com/r/formula1/wiki/faq). Are you a veteran fan, longing for the days of lollipop men, refueling during pitstops, and Mika Häkkinen? This is the place to introduce new fans to your passion and knowledge of the sport. Remember to keep it civil and welcoming! Gatekeeping within the Daily Discussion will subject users to disciplinary action. Have a meta question about the subreddit? Please [direct these to the moderators](https://www.reddit.com/message/compose/?to=/r/formula1) instead.",33,33,0,55,0.86,:post-daily-discussion: Daily Discussion,False,False,False,False,https://www.reddit.com/r/formula1/comments/1mv6otd/ask_rformula1_anything_daily_discussion_thread/,https://www.reddit.com/r/formula1/comments/1mv6otd/ask_rformula1_anything_daily_discussion_thread/,1755669639,2025-08-20T06:00:39Z,2025-08-20,FALSE,True,posts.part001.csv
submission,1mv6hhh,formula1,randomseocb,"Hinchcliffe:""When people talk about Lando’s mental strength, I think there’s something he can clean when he’s putting pressure on himself, but what’s impressive and what's arguably harder to get better at, is dealing with that pressure on the racetrack inside the car and he’s doing that really well""","“Everybody loves talking about his mental strength, you know, Is he strong enough to do this? What I think I’ve learned about him, and just kind of watching how this all has unfolded over the last six months, the issues that Lando has are so much more with internal pressure than external pressure. So when people start talking about, ‘Oh he makes all these mistakes, he can’t take the pressure’ I think it’s when he’s exclusively putting pressure on himself.” “What’s really been impressive about Lando is he’s had a few races where’s he’s had incredible pressure in the car from somebody else, and he has not faltered. The first stint of the season, in Australia in the wet, He had the lead but Piastri was absolutely hounding him, in some of the most difficult conditions you could have possibly imagined, and he didn’t make a mistake, at least he made the same mistake that Oscar did and it worked out worse for Oscar, but like he withstood the pressure.” “Then you go all the way to this most recent race, you had Oscar catching him with a massive tire advantage the last 10 laps, he had to be picture perfect and he did not falter, and there’s a bunch of examples in between. So when people talk about Lando’s mental strength, I think there’s some things he can clean up when he’s putting pressure on himself, but what’s really impressive and what arguably harder to get better at as a driver, is dealing with that pressure on the racetrack inside the race car, and he’s doing that really well. So if he can keep putting himself in the position to be in front, I think he’s going to be really hard to beat.” [full clip](https://youtube.com/shorts/fDpeV8KHUGw?si=mAZMW7pAkurr-tK5)",854,854,0,164,0.87,:post-video: Video,False,False,False,False,https://streamain.com/txmTRn0pisGiZ0h/watch,https://www.reddit.com/r/formula1/comments/1mv6hhh/hinchcliffewhen_people_talk_about_landos_mental/,1755668864,2025-08-20T05:47:44Z,2025-08-20,FALSE,False,posts.part001.csv
submission,1musypy,formula1,Ok-Distance6320,Lando talks about how his Monaco pole was emotional because of qualifying doubts this year,"Transcript: You know, actually the only emotional moment I had was pole in Monaco."" Interviewer: ""Why was it so emotional?"" ""Um...just because sometimes proving to myself that I can do it is, like - that's how I've always been my whole life. A majority of things are mental, and that's the tough side. So for me, the happiness comes from when I prove something to myself. That's how I've always been driven and how I feel like I've succeeded. Because I've never had any false beliefs. So when you have a trend of certain things - like, this year, some of my qualifyings have been a bit worse than they have been in previous years and I've struggled just that little bit more. Then of course every now and then you question yourself a little bit - I do. That's just the honest side. I'm like ""damn, am I just not as good as what I was last year, or have I lost a little bit, or is it because I'm not getting the correct feelings?"" And when I'm realistic then it's like *I'm against the best drivers in the world*. If things aren't perfect, I'm not going to be on pole - I'm not going to be in the position I want to be. And I question myself - it's not that I don't believe in myself, it's just that I question. The thought's there. And I don't think that's a bad question to have - as long as you turn it into a positive thing. Like let's look into it, see what you're doing differently to last year or why are things not as good. And I had those questions for a little while, so when I went to Monaco - the trickiest one of the year, so many things can so easily go wrong, that one place qualifying's the most important thing in the world - and I went out and improved...like *ah, I've still got it.""* \[Later in the interview, he also mentions how this was especially a struggle because qualifying had always been a strength of his since karting days\] [Full interview here](https://www.youtube.com/watch?v=Kd0wwoar5us)",468,468,0,67,0.83,:post-video: Video,False,False,False,False,https://streamain.com/i6A5aylRpk1GJSE/watch,https://www.reddit.com/r/formula1/comments/1musypy/lando_talks_about_how_his_monaco_pole_was/,1755632936,2025-08-19T19:48:56Z,2025-08-19,FALSE,False,posts.part001.csv
submission,1mup0wx,formula1,workandlearn,How to get a job in F1,,943,943,0,57,0.95,:post-technical: Technical,False,False,False,False,/r/F1Technical/comments/1muorku/i_work_at_an_f1_team_a_guide_to_getting_a_job_in/,https://www.reddit.com/r/formula1/comments/1mup0wx/how_to_get_a_job_in_f1/,1755624516,2025-08-19T17:28:36Z,2025-08-19,FALSE,False,posts.part001.csv
submission,1mumiiz,formula1,Dangerous_Minute_625,Nico Hulkenberg narrowly missed out on being Max Verstappen’s teammate,,2002,2002,0,170,0.97,:post-news: News,False,False,False,False,https://www.crash.net/f1/news/1079614/1/how-nico-hulkenberg-narrowly-missed-out-being-max-verstappens-f1-teammate,https://www.reddit.com/r/formula1/comments/1mumiiz/nico_hulkenberg_narrowly_missed_out_on_being_max/,1755619108,2025-08-19T15:58:28Z,2025-08-19,FALSE,False,posts.part001.csv
submission,1muj3jj,formula1,Leather-Elderberry35,Algarve celebrates potential return of F1 in 2027,,270,270,0,31,0.96,:post-news: News,False,False,False,False,https://www.portugalresident.com/algarve-celebrates-potential-return-of-f1-in-2027/,https://www.reddit.com/r/formula1/comments/1muj3jj/algarve_celebrates_potential_return_of_f1_in_2027/,1755611636,2025-08-19T13:53:56Z,2025-08-19,FALSE,False,posts.part001.csv
submission,1mud9sg,formula1,kpopsns28,[Stake F1 Team KICK Sauber via IG] Happy Birthday Nico! The Hulk celebrates his 38th birthday today,[https://www.instagram.com/p/DNh-BtCsy-l/](https://www.instagram.com/p/DNh-BtCsy-l/),1424,1424,0,48,0.99,:post-social-media: Social Media,False,False,False,False,https://i.redd.it/wsscehmdzxjf1.jpeg,https://www.reddit.com/r/formula1/comments/1mud9sg/stake_f1_team_kick_sauber_via_ig_happy_birthday/,1755594401,2025-08-19T09:06:41Z,2025-08-19,FALSE,False,posts.part001.csv
submission,1mugfgt,formula1,Matunguito,"Renault and Franco Colapinto Release Free ""Fake Collection"" for Fans to Create Their Own Merch","Do you remember when Franco said: ""don't go broke, buy fake merchandise""? Well Renault took that concept and released this site: has just launched something pretty cool and unique. They've created a special space called ""The Originals Fake Collection"" specifically for his supporters. It's essentially a free resource hub where you can download official assets to create your own personal Franco merch.",2223,2223,0,109,0.98,:post-news: News,False,False,False,False,https://theoriginalsfakecollection.com.ar/,https://www.reddit.com/r/formula1/comments/1mugfgt/renault_and_franco_colapinto_release_free_fake/,1755604913,2025-08-19T12:01:53Z,2025-08-19,FALSE,False,posts.part001.csv
submission,1mugeau,formula1,Stumpy493,History of F1 Qualifying Formats - Which Was Your Favourite?,"# Pre War - Drawing Lots Yep, before the war F1 grids were often decided by drawing lots, absolute random chance! # 1950 - 1996 - 2 x 1 Hour Sessions This format was pretty simple and around for most of F1's history. All cars had an hour on Friday and an hour on Saturday to set times as they wished. The fastest time a car managed in either session was used to decide the grid. At it's worst it could all be decided on Friday if the weather turned for Saturday and there was no changes. A lot of down time as teams waited for optimum conditions. But usually guaranteed the fastest drivers would deservedly get their place on the grid and was a fair system of deciding the pace of drivers. # 1977-1992 - Pre Qualifying The top teams from the previous season (26 cars) ( or half season as pre quali elligibility was recalculated mid season)were exempt from pre qualifying and pre qualifying would only take place when the grid was over 30 cars. 1 hour session was held (usually) on Friday morning for the lower teams and the fastest 4 from this session would be allowed to enter full qualifying, the other cars were done for the weekend there and then. Many teams used to go around and pretty much only compete for this 1 hour session then head home. # 1996 - 2002 - One Hour Shootout One hour on Saturday, 12 laps for each car (including in laps and outlaps). Usually we saw each car do 4 runs with 1 hot lap in each run, sometimes 3 runs if the tyres needed some more warm up. Fastest time from each car set the grid. Led to some fantastic excitement in the last 15 minutes with cars fighting for optimal track conditions and often pole was set by the last man over the line. Usually also led to the first half hour being almost exclusively used so the lower teams could get some TV time or nothing happening at all. # 2003 - 2004 - Single Lap Quali 2 Sessions On Friday cars would go out one at a time and complete a single fast lap, running order was reverse championship order, this would set the running order for Saturday. Slowest car from Friday would go first for a single lap and then every subsequent car in reverse order from Friday's session. For 04 this was changed to all be done on Saturday. Concept was TV gets to see every corner of every lap and no one would be complaining about traffic or dirty air and no down time. Downside was track conditions varied a lot and people realistically could be out of contention just by dumb luck. Starts raining just before your lap? Tough. Also drivers could purposefully go slow or spin on their first session to get better track position if it was advantageous to go early (weather coming in for example). # 2005 6 Races - Aggregate Qualifying For the first 6 races of 05 we were back to Single Lap Qualifying, but we had low fuel runs on Saturday added to a race start fuel lap (which varied because of refueling) on Sunday morning. Absurdly complicated to follow and made qualifying lack drama and tension. # 2005 13 Races - 1 Lap Race Fuel 1 Session single lap qualifying for 1 session only, race fuel onboard the cars with starting order set by reverse finishing position of the previous race. # 2006 - 2007 - Fuel Burn Elmination This format saw the introduction of the now familiar 3 knockout sessions eliminating the slowest drivers after each session to leave us with the top 10 for Q3. But in Q3 you had to start with your race fuel, but you topped it back up for the race. So we had the 'spectacle' of F1 cars trundling around trying to use as much fuel as physically possible to get down to a quali weight for a fast lap at the end. All while F1 was starting to try and have green credentials. # 2008 - 2009 - Race Fuel Knockout Same as the format before, but with no refueling before the race, so the fuel you ended Q3 with was your race fuel. This eliminated the fuel burn phase and meant we got down to fast laps quicker, but meant cars were fastest in Q2 and not for pole position and grid position relied a lot on fuel strategy rather than outright pace. # 2010 - Current - Knockout Quali Our current system of 3 knockout sessions with low fuel and as many laps as you can do in the time limit. # 2016 2 Races - Elimination Quali Again, 3 sessions, but this time after an initial period of a few minutes (5-7 minutes depending on session) the driver with the slowest time would be eliminated every 90 seconds. Designed to add tension but had the opposite effect as it was pointless to go out once initial laps had been set. # 2023 2 Races - Mandatory Tyre Knockout Quali For a 2 race experiement F1 mandated the use of Hard tyres in Q1, Mediums in Q2 and Softs in Q3, otherwise the same as the 2010 onwards system. # 2023 Onwards - Sprint Quali A condensed standard knockout qualifying session with shorter time limits and mandatory tyre usage for each session (usually Mediums Q1 and 2 and Softs Q3) tldr - F1 largely left qualifying alone until the 2000s then have fucked about with it endlessly to get where we are today. So what is your favourite Qualifying format? And did I miss any?",116,116,0,99,0.89,:post-discussion: Discussion,False,False,False,False,https://www.reddit.com/r/formula1/comments/1mugeau/history_of_f1_qualifying_formats_which_was_your/,https://www.reddit.com/r/formula1/comments/1mugeau/history_of_f1_qualifying_formats_which_was_your/,1755604833,2025-08-19T12:00:33Z,2025-08-19,1755605363,True,posts.part001.csv
submission,1muex4h,formula1,RobbieJ4444,Let's dissect the horrendous 2016 Elimination Qualifying system,"Possibly the biggest blunder in F1 qualifying has got to be this terrible attempt to make qualifying more exciting. I'm all for coming up with new ideas, but it only took one attempt for everyone to realise that the new system was garbage. We're fast approaching the 10th anniversary of this farce, so I decided to look back on this horrible HORRIBLE qualifying format. For those of you who forgot, how it worked was that after the first five minutes of the session, a car would be eliminated after every ninety seconds, until only one car remains who would then receive pole position. **What Formula One were expecting to come out of this:** * They clearly wanted this format to work as a pass the parcel/ticking time bomb system where cars were constantly on the edge, trying to set new fastest lap times in order to avoid being the next car to be eliminated. * They were hoping for massive OMG moments where Lewis Hamilton locked up into the first corner, and the clock is ticking down, he has to set a quicker lap time quick or else he's going to get eliminated in P17 **What actually happened:** * There was no pass the parcel tension because the teams that started at the bottom, stayed at the bottom. * Cars were perfectly fine to just stay in the garage because they were either contempt with their position on the grid, or because they knew they were going to get eliminated anyway. * Pole position was decided long before the session actually ended, as there were no cars on track in the last few minutes. **Why did this happen:** * F1 cars especially during this time were only really designed for one glory lap, meaning that they were incapable of setting fastest lap after fastest lap. * Once the cars were getting eliminated, there wasn't enough time for the other drivers in danger to get onto the track and set a fastest time, so what's the point in going out. * Because the drivers in danger weren't going out, the drivers further up the timing grid weren't in any danger of getting eliminated, so there weren't any incentives for them to go out either. * Because Mercedes were so strong, Ferrari knew they weren't going to beat them, so when qualifying reached the final four, what reason was there to send the drivers out. They weren't going to beat Mercedes, and nobody was going to overtake them for the second row, because they were all out. * Likewise, once Mercedes were guaranteed for P1 and P2, they had no reason to hit the track either. All these different factors meant that the qualifying was quickly scrapped, which is probably for the best, as this system had even more flaws that we never got to see with the system. * Q1 and Q2 in Australia were rather chaotic, but over time, the engineers would've better understood the system, and they would've ended up just like the disastrous Q3. * Even if Lewis Hamilton made a major error in Q2 which put him in P8 at the end of his run, because drivers were being eliminated every three minutes, there would be less cars on track that could possibly overtake him, which in turn would big qualifying upsets even less likely to happen. * Because eliminations occur once the clock reaches zero, unless a driver in danger of being eliminated is super close to the finish line anyway, you're almost never going to have an instance of a qualifying session being decided by the end of it. So qualifying was a disaster, but was it always destined to be? Was Formula One's vision of a ticking time bomb/pass the parcel system ever going to be good? I started to think about the possibilities: * First of all, you would have to ban cars from sitting in the pits, which they would do if there was no danger of them being eliminated. * Because of this, the cars will need to be fuelled up for full distance, and will need tyres that don't degrade anywhere near as much as the Pirelli rubber. Son now all the cars are on track at all times, but will this still be enough? * The next problem that has to be tackled is actually getting the cars to push at all times. This system is supposed to be encouraging drivers to be setting fastest laps all the time, but Mercedes were so much better than everyone else in 2016. Why wouldn't they set one massive lap right at the beginning, and then just coast the next few laps whilst the rest of the slower cars get eliminated one by one. * The only way to solve this is by having the drivers getting eliminated after every lap or so, and having the times getting reset after each elimination. Then the drivers will need to be constantly pushing at all times, right? * All these changes are needed to get the ticking time bomb system F1 was pushing for to work, however because of this, the cars are essentially being fuelled up for a standard F1 race stint, so it's not unreasonable to presume that the cars that will be quickest through my proposals, are the ones that have the strongest race pace. * This will result in the starting grid for the race being in the order of which cars have the fastest racing pace as oppose to one lap pace, which would then increase the likelihood of the main race itself being boring with little to no overtaking, due to the cars being fastest on race pace already being at the front of the grid. So in conclusion, the elimination qualifying format was always doomed for failure, and there was about zero chance of it ever being better than the one it replaced. I understand that why people like the idea of the ticking time bomb that needs to be passed on, but it just doesn't work for F1.",480,480,0,138,0.92,:post-discussion: Discussion,False,False,False,False,https://www.reddit.com/r/formula1/comments/1muex4h/lets_dissect_the_horrendous_2016_elimination/,https://www.reddit.com/r/formula1/comments/1muex4h/lets_dissect_the_horrendous_2016_elimination/,1755600346,2025-08-19T10:45:46Z,2025-08-19,FALSE,True,posts.part001.csv
submission,1mue5oi,formula1,TheKaiserSarp,"People who opposed/had different opinions about halo, what do you think of it now and what made you change it ?","For my experience I started watching F1 while they already had halos so it’s the “normal” for me I’d say. But I know there had been different opinions about it and from what I see people disliked it quite a lot I’d say. Because until Grosjean’s crash in 2020 f1’s halo explanation video had around 4x more dislikes than likes but after that crash the ratio changed the other way around it has a lot more likes than dislikes. Also I saw a screenshot from Massa’s Facebook account kinda mocking the halo because when you look from the above it reminds you a flip-flop. Finally, I can see that the narrative about halo changed overwhelmingly positive, people love it now. Which is extremely nice I’d say. Anyways what do you people thought about halo, and if your opinion changed about it what was the reason ? It’d be nice to see what others thought about it. Thanks",212,212,0,407,0.78,:post-discussion: Discussion,False,False,False,False,https://www.reddit.com/r/formula1/comments/1mue5oi/people_who_opposedhad_different_opinions_about/,https://www.reddit.com/r/formula1/comments/1mue5oi/people_who_opposedhad_different_opinions_about/,1755597719,2025-08-19T10:01:59Z,2025-08-19,FALSE,True,posts.part001.csv
submission,1mubryf,formula1,workandlearn,Which universities did Formula One team members go to?,,635,635,0,84,0.95,:post-statistics: Statistics,False,False,False,False,/r/F1Technical/comments/1jksgch/which_universities_did_team_members_go_to/,https://www.reddit.com/r/formula1/comments/1mubryf/which_universities_did_formula_one_team_members/,1755588683,2025-08-19T07:31:23Z,2025-08-19,FALSE,False,posts.part001.csv
submission,1muczhv,formula1,Racing5000,Inside Schumacher's unusual pre-F1 comeback test,,545,545,0,75,0.94,:post-news: News,False,False,False,False,https://www.the-race.com/formula-1/inside-michael-schumacher-controversial-gp2-test/,https://www.reddit.com/r/formula1/comments/1muczhv/inside_schumachers_unusual_pref1_comeback_test/,1755593308,2025-08-19T08:48:28Z,2025-08-19,FALSE,False,posts.part001.csv
submission,1muco6j,formula1,TechnoVirtuoso,Monaco GP on a budget: video of my 2025 experience,,197,197,0,29,0.93,:post-video: Video,False,False,False,False,https://www.youtube.com/watch?v=6VtaUBu9mxY,https://www.reddit.com/r/formula1/comments/1muco6j/monaco_gp_on_a_budget_video_of_my_2025_experience/,1755592087,2025-08-19T08:28:07Z,2025-08-19,FALSE,False,posts.part001.csv
submission,1muafvh,formula1,CanonNi,How 2026 rules will level the playing field for F1's rookie class,,185,185,0,18,0.93,:post-news: News,False,False,False,False,https://www.motorsport.com/f1/news/how-2026-rules-will-level-the-playing-field-for-f1s-rookie-class/10751692/,https://www.reddit.com/r/formula1/comments/1muafvh/how_2026_rules_will_level_the_playing_field_for/,1755583842,2025-08-19T06:10:42Z,2025-08-19,FALSE,False,posts.part001.csv
submission,1mua9u0,formula1,AutoModerator,Ask r/Formula1 Anything - Daily Discussion Thread,"# Welcome to the [r/formula1](https://www.reddit.com/r/formula1/) Daily Discussion / Q&A thread. This thread is a hub for general discussion and questions about Formula 1, that don't need threads of their own. Are you new to Formula 1? This is the place for you. Ever wondered why it's called a lollipop man? Why the cars don't refuel during pitstops? Or when Mika will be back from his sabbatical? Ask any question you might have here, and the community will answer. Also make sure you check out our [guide for new fans](https://www.reddit.com/r/formula1/wiki/newtof1), and our [FAQ for new fans](https://www.reddit.com/r/formula1/wiki/faq). Are you a veteran fan, longing for the days of lollipop men, refueling during pitstops, and Mika Häkkinen? This is the place to introduce new fans to your passion and knowledge of the sport. Remember to keep it civil and welcoming! Gatekeeping within the Daily Discussion will subject users to disciplinary action. Have a meta question about the subreddit? Please [direct these to the moderators](https://www.reddit.com/message/compose/?to=/r/formula1) instead.",22,22,0,56,0.77,:post-daily-discussion: Daily Discussion,False,False,False,False,https://www.reddit.com/r/formula1/comments/1mua9u0/ask_rformula1_anything_daily_discussion_thread/,https://www.reddit.com/r/formula1/comments/1mua9u0/ask_rformula1_anything_daily_discussion_thread/,1755583264,2025-08-19T06:01:04Z,2025-08-19,FALSE,True,posts.part001.csv
submission,1mu8rua,formula1,eeshanzaman,F1 vs WEC: which era had the smallest performance gap?,"When was the last time (or right now, under the regs) that F1 cars and WEC prototypes (GTP/C, LMP1, LMDh) were actually pretty close in performance? I get that F1 is the top of the food chain, but WEC is usually the next fastest series. Just wondering which era/year they were the closest in lap times or overall pace. And bonus question: with current-gen LMP1s, which generation of F1 cars could they realistically beat?",164,164,0,56,0.91,:post-discussion: Discussion,False,False,False,False,https://www.reddit.com/r/formula1/comments/1mu8rua/f1_vs_wec_which_era_had_the_smallest_performance/,https://www.reddit.com/r/formula1/comments/1mu8rua/f1_vs_wec_which_era_had_the_smallest_performance/,1755578124,2025-08-19T04:35:24Z,2025-08-19,FALSE,True,posts.part001.csv
submission,1mtz6xk,formula1,Njobz,What was one of the biggest what if… moments in Formula 1?,https://preview.redd.it/oly3dp5iiujf1.jpg?width=1280&format=pjpg&auto=webp&s=9f8eeb92dcd9bbbd8c53081efbf4680496bf32f5 I think it has to be what if Kubica didn’t injure himself and actually went to Ferrari in 2012? Could have Ferrari won the constructors in 2012 with an Alonso-Kubica lineup? Maybe even Kubica could get the 2012 title. Alonso and Hamilton even praised his driving ability. It’s a shame we never saw his peak in F1. At least he’s doing well in WEC and Le Mans.,1115,1115,0,637,0.94,:post-discussion: Discussion,False,False,False,False,https://www.reddit.com/r/formula1/comments/1mtz6xk/what_was_one_of_the_biggest_what_if_moments_in/,https://www.reddit.com/r/formula1/comments/1mtz6xk/what_was_one_of_the_biggest_what_if_moments_in/,1755552616,2025-08-18T21:30:16Z,2025-08-18,FALSE,True,posts.part001.csv
submission,1mtt751,formula1,Blapstap,Dan Fallows: Is F1 ‘throwing it all away’ with 2026 rules overhaul?,,711,711,0,182,0.91,:post-news: News,False,False,False,False,https://www.raceteq.com/articles/2025/07/dan-fallows-2026-f1-regulations,https://www.reddit.com/r/formula1/comments/1mtt751/dan_fallows_is_f1_throwing_it_all_away_with_2026/,1755539446,2025-08-18T17:50:46Z,2025-08-18,FALSE,False,posts.part001.csv
submission,1mtr9iq,formula1,punchinglines,Valtteri Bottas: The Ultimate Onboard Collection | Best Onboards | Qatar Airways,,183,183,0,23,0.9,:post-video: Video,False,False,False,False,https://www.youtube.com/watch?v=FuF557TixLY,https://www.reddit.com/r/formula1/comments/1mtr9iq/valtteri_bottas_the_ultimate_onboard_collection/,1755535279,2025-08-18T16:41:19Z,2025-08-18,FALSE,False,posts.part001.csv
submission,1mtqtcs,formula1,wokwok__,[P1 with Matt & Tommy] Ranking EVERY 2025 F1 Circuit with Alex Albon,,291,291,0,67,0.88,:post-video: Video,False,False,False,False,https://youtu.be/3rqr1zYX3Ag,https://www.reddit.com/r/formula1/comments/1mtqtcs/p1_with_matt_tommy_ranking_every_2025_f1_circuit/,1755534295,2025-08-18T16:24:55Z,2025-08-18,FALSE,False,posts.part001.csv
submission,1mtjnnu,formula1,anthn885,"On this day in 1985, De Cesaris flips at the Austrian GP – he walks away unscathed",,566,566,0,41,0.98,:post-throwback: Throwback,True,False,False,False,https://streamain.com/Y6tO6ST0CTY2NPz/watch,https://www.reddit.com/r/formula1/comments/1mtjnnu/on_this_day_in_1985_de_cesaris_flips_at_the/,1755517395,2025-08-18T11:43:15Z,2025-08-18,FALSE,False,posts.part001.csv
submission,1mtiyod,formula1,FewCollar227,Oscar Piastri announces 2026 Australian GP grandstand as ticket release date confirmed,,2582,2582,0,116,0.98,:post-news: News,False,False,False,False,https://www.motorsport.com/f1/news/oscar-piastri-announces-2026-australian-gp-grandstand-as-ticket-release-date-confirmed/10751562/,https://www.reddit.com/r/formula1/comments/1mtiyod/oscar_piastri_announces_2026_australian_gp/,1755515286,2025-08-18T11:08:06Z,2025-08-18,FALSE,False,posts.part001.csv
submission,1mtiyfj,formula1,sensualcurl,"F1 2026 rules still ""evolving"" to prevent ""unnatural things"" on track, says FIA",,2732,2732,0,334,0.98,:post-news: News,False,False,False,False,https://www.autosport.com/f1/news/f1-2026-rules-still-evolving-to-prevent-unnatural-things-on-track-says-fia/10751555/,https://www.reddit.com/r/formula1/comments/1mtiyfj/f1_2026_rules_still_evolving_to_prevent_unnatural/,1755515265,2025-08-18T11:07:45Z,2025-08-18,FALSE,False,posts.part001.csv
submission,1mtdw0v,formula1,AutoModerator,Ask r/Formula1 Anything - Daily Discussion Thread,"# Welcome to the [r/formula1](https://www.reddit.com/r/formula1/) Daily Discussion / Q&A thread. This thread is a hub for general discussion and questions about Formula 1, that don't need threads of their own. Are you new to Formula 1? This is the place for you. Ever wondered why it's called a lollipop man? Why the cars don't refuel during pitstops? Or when Mika will be back from his sabbatical? Ask any question you might have here, and the community will answer. Also make sure you check out our [guide for new fans](https://www.reddit.com/r/formula1/wiki/newtof1), and our [FAQ for new fans](https://www.reddit.com/r/formula1/wiki/faq). Are you a veteran fan, longing for the days of lollipop men, refueling during pitstops, and Mika Häkkinen? This is the place to introduce new fans to your passion and knowledge of the sport. Remember to keep it civil and welcoming! Gatekeeping within the Daily Discussion will subject users to disciplinary action. Have a meta question about the subreddit? Please [direct these to the moderators](https://www.reddit.com/message/compose/?to=/r/formula1) instead.",19,19,0,72,0.76,:post-daily-discussion: Daily Discussion,False,False,False,False,https://www.reddit.com/r/formula1/comments/1mtdw0v/ask_rformula1_anything_daily_discussion_thread/,https://www.reddit.com/r/formula1/comments/1mtdw0v/ask_rformula1_anything_daily_discussion_thread/,1755496883,2025-08-18T06:01:23Z,2025-08-18,FALSE,True,posts.part001.csv
submission,1mtdvo5,formula1,AutoModerator,MONDAY TRASH TALK THREAD,"TRASH TALK 101 FOR ANYONE NEW HERE - BEACAUSE. TRASH. TALK. IS. A. GENERATIONAL. THREAD. &#x200B; STEP ONE: LURK ON THE SUB VERY REGULARLY, MAKING SURE TO SORT BY “NEW”. &#x200B; STEP TWO: GET INSPIRED BY WHATEVER MAD NARRATIVE OR TREND GRIPS THE SUB THAT PARTICULAR DAY / WEEK. OFF SEASON IS QUITE SLOW BUT RACE WEEKS / WEEKENDS SHOULD YIELD A LOT OF SUBJECT MATTER. THE MORE INSANE AND UNREALISTIC, THE BETTER QUALITY SUBJECT MATTER IT IS. WATCH PEOPLES' OBSESSIVE BEHAVIOUR VERY CLOSELY - IT WILL YIELD SOME FASCINATING INSIGHT. &#x200B; STEP THREE: AT THIS STAGE YOU MAY BE FEELING SICK WITH THE AMOUNT OF NONSENSE YOU HAVE FORCED YOURSELF TO VIEW. FEEL FREE TO STEP OVER INTO r/f1circlejerk AND MAKE YOURSELF FEEL BETTER BY POSTING A MOCKING IMITATION OF THE NONSENSE. &#x200B; HOWEVER AS YOU BUILD YOUR TOLERANCE, YOU WILL FIND YOURSELF ABLE TO WAIT FOR MONDAY, THE HOLIEST OF DAYS. PEOPLE WILL TELL YOU RACE DAY SUNDAY IS THE BEST DAY, BUT THOSE PEOPLE ARE UNENLIGHTENED SAVAGES. &#x200B; STEP FOUR: &#x200B; (A) AS SOON AS THE TRASH TALK THREAD IS POSTED, UPVOTE IT. THIS IS IMPORTANT. &#x200B; (B) \[REDACTED\] &#x200B; (C) THEN - UNLOAD YOUR MOCKERY AND SCORN OF ALL THE VILE RUBBISH YOU HAVE WITNESSED FROM SUB USERS AND ""RESPECTED"" ""JOURNALISTS"". &#x200B; (D) SIT BACK AND WATCH THE UPVOTES GATHER. CLEVER PHOTOSHOPS AND META REFERENCES WILL YIELD MORE UPVOTES. &#x200B; STEP FIVE: REALISE THAT TRUTH AND SENSE ONLY EXIST IN THIS THREAD AND MAKE IT YOUR WEEKLY MISSION TO POST HERE. &#x200B; AND REMEMBER: FLAIR UP AND SMASH THAT CAPS LOCK! AAAAAAAAAAAAA! &#x200B; GOOD LUCK AND MAY THE TRASH TALK BE EVER IN YOUR FAVOUR. &#x200B; \---- &#x200B; /r/FORMULA1 \[POSTING GUIDELINES\](/r/formula1/wiki/userguide#wiki\_posting\_guidelines) STILL APPLY.",56,56,0,91,0.75,:post-discussion: Discussion,False,False,False,False,https://www.reddit.com/r/formula1/comments/1mtdvo5/monday_trash_talk_thread/,https://www.reddit.com/r/formula1/comments/1mtdvo5/monday_trash_talk_thread/,1755496853,2025-08-18T06:00:53Z,2025-08-18,FALSE,True,posts.part001.csv
submission,1mt7bi5,formula1,sadicarnot,David Coulthard Drives Alfetta 158 at Silverstone,"Edit: redid post because I mispelled Alfetta in the title. Poor little Alfa (sad). This is one of the cars from the Bernie Ecclestone Collection. Red Bull purchased the entire collection and plans to build a museum at the Red Bull Ring to display them. if you do not know, Bernie had put together a collection of some of the most important cars in the history of F1. In addition to this 158, he has early Ferraris and Vanwalls. He has the Brabhams from his years of owning the team including the only known surviving fan car. While Bernie owned the collection few of the cars were seen. It is nice to see that Red Bull are dusting them off for people to see.",303,303,0,28,0.94,:post-video: Video,False,False,False,False,https://www.youtube.com/watch?v=YQ1yoWEw0j8,https://www.reddit.com/r/formula1/comments/1mt7bi5/david_coulthard_drives_alfetta_158_at_silverstone/,1755476863,2025-08-18T00:27:43Z,2025-08-18,FALSE,False,posts.part001.csv
submission,1msvy8t,formula1,mrbitterpants,[CBC News] “Why Formula 1 romances have us racing to the bookstores”,,1176,1176,0,323,0.85,:post-off-topic: Off-Topic,False,False,False,False,https://www.cbc.ca/books/formula-1-romances-1.7609726,https://www.reddit.com/r/formula1/comments/1msvy8t/cbc_news_why_formula_1_romances_have_us_racing_to/,1755449366,2025-08-17T16:49:26Z,2025-08-17,FALSE,False,posts.part001.csv
submission,1msj9qv,formula1,CanonNi,Russell: Fresh start in F1 2025 was good for both Mercedes and Hamilton,,973,973,0,175,0.95,:post-news: News,False,False,False,False,https://www.autosport.com/f1/news/russell-fresh-start-in-f1-2025-was-good-for-both-mercedes-and-hamilton/10750441/,https://www.reddit.com/r/formula1/comments/1msj9qv/russell_fresh_start_in_f1_2025_was_good_for_both/,1755411077,2025-08-17T06:11:17Z,2025-08-17,FALSE,False,posts.part001.csv
submission,1msj3fj,formula1,AutoModerator,Ask r/Formula1 Anything - Daily Discussion Thread,"# Welcome to the [r/formula1](https://www.reddit.com/r/formula1/) Daily Discussion / Q&A thread. This thread is a hub for general discussion and questions about Formula 1, that don't need threads of their own. Are you new to Formula 1? This is the place for you. Ever wondered why it's called a lollipop man? Why the cars don't refuel during pitstops? Or when Mika will be back from his sabbatical? Ask any question you might have here, and the community will answer. Also make sure you check out our [guide for new fans](https://www.reddit.com/r/formula1/wiki/newtof1), and our [FAQ for new fans](https://www.reddit.com/r/formula1/wiki/faq). Are you a veteran fan, longing for the days of lollipop men, refueling during pitstops, and Mika Häkkinen? This is the place to introduce new fans to your passion and knowledge of the sport. Remember to keep it civil and welcoming! Gatekeeping within the Daily Discussion will subject users to disciplinary action. Have a meta question about the subreddit? Please [direct these to the moderators](https://www.reddit.com/message/compose/?to=/r/formula1) instead.",30,30,0,164,0.8,:post-daily-discussion: Daily Discussion,False,False,False,False,https://www.reddit.com/r/formula1/comments/1msj3fj/ask_rformula1_anything_daily_discussion_thread/,https://www.reddit.com/r/formula1/comments/1msj3fj/ask_rformula1_anything_daily_discussion_thread/,1755410461,2025-08-17T06:01:01Z,2025-08-17,FALSE,True,posts.part001.csv
submission,1msdx0r,formula1,randomseocb,"Lando:""I did horse riding, i hated that. Quad biking, he said it was stolen but my dad sold it cause it was too dangerous. Then, i went to motocross. I loved dirt motorsport before F1 [..] that's actually what I wanted to do before everything but then motorbikes was where a lot of my love started""",,3390,3390,0,169,0.96,:post-video: Video,False,False,False,False,https://streamain.com/QVmFNuRUPYQg0Ep/watch,https://www.reddit.com/r/formula1/comments/1msdx0r/landoi_did_horse_riding_i_hated_that_quad_biking/,1755393974,2025-08-17T01:26:14Z,2025-08-17,FALSE,False,posts.part001.csv
submission,1ms4qpo,formula1,wyxegake,2025 F1 Moments You May Have Missed So Far!,,192,192,0,15,0.93,:post-video: Video,False,False,False,False,https://youtu.be/FqG-BPS4Chc,https://www.reddit.com/r/formula1/comments/1ms4qpo/2025_f1_moments_you_may_have_missed_so_far/,1755371637,2025-08-16T19:13:57Z,2025-08-16,FALSE,False,posts.part001.csv
submission,1mrvl41,formula1,t0mm96,Danny Ricciardo injured in motorbike accident,,4737,4737,0,242,0.89,:post-moderator-comment: He's OK,False,False,False,False,https://www.vg.no/nyheter/i/OoMd3A/daniel-ricciardo-innlagt-paa-sykehus-etter-motorsykkelulykke,https://www.reddit.com/r/formula1/comments/1mrvl41/danny_ricciardo_injured_in_motorbike_accident/,1755351648,2025-08-16T13:40:48Z,2025-08-16,FALSE,False,posts.part001.csv
submission,1mrpsjv,formula1,TheRoboteer,From Tapes to Terabytes — Formula 1’s Electronic Revolution,,349,349,0,12,0.94,:post-throwback: Throwback,False,False,False,False,https://medium.com/@F1Buff/from-tapes-to-terabytes-formula-1s-electronic-revolution-c7d9b8bb1ec7,https://www.reddit.com/r/formula1/comments/1mrpsjv/from_tapes_to_terabytes_formula_1s_electronic/,1755334874,2025-08-16T09:01:14Z,2025-08-16,FALSE,False,posts.part001.csv
submission,1mrp45d,formula1,anthn885,Kimi Raikkonen overtakes 10 cars on the opening lap at Portimao 2020,,4065,4065,0,123,0.98,:post-video: Video,False,False,False,False,https://streamain.com/en/QOcdJykQBnHoXLX/watch,https://www.reddit.com/r/formula1/comments/1mrp45d/kimi_raikkonen_overtakes_10_cars_on_the_opening/,1755332576,2025-08-16T08:22:56Z,2025-08-16,FALSE,False,posts.part001.csv
submission,1mrmgmh,formula1,AutoModerator,Ask r/Formula1 Anything - Daily Discussion Thread,"# Welcome to the [r/formula1](https://www.reddit.com/r/formula1/) Daily Discussion / Q&A thread. This thread is a hub for general discussion and questions about Formula 1, that don't need threads of their own. Are you new to Formula 1? This is the place for you. Ever wondered why it's called a lollipop man? Why the cars don't refuel during pitstops? Or when Mika will be back from his sabbatical? Ask any question you might have here, and the community will answer. Also make sure you check out our [guide for new fans](https://www.reddit.com/r/formula1/wiki/newtof1), and our [FAQ for new fans](https://www.reddit.com/r/formula1/wiki/faq). Are you a veteran fan, longing for the days of lollipop men, refueling during pitstops, and Mika Häkkinen? This is the place to introduce new fans to your passion and knowledge of the sport. Remember to keep it civil and welcoming! Gatekeeping within the Daily Discussion will subject users to disciplinary action. Have a meta question about the subreddit? Please [direct these to the moderators](https://www.reddit.com/message/compose/?to=/r/formula1) instead.",42,42,0,73,0.9,:post-daily-discussion: Daily Discussion,False,False,False,False,https://www.reddit.com/r/formula1/comments/1mrmgmh/ask_rformula1_anything_daily_discussion_thread/,https://www.reddit.com/r/formula1/comments/1mrmgmh/ask_rformula1_anything_daily_discussion_thread/,1755324059,2025-08-16T06:00:59Z,2025-08-16,FALSE,True,posts.part001.csv
submission,1mrbvtp,formula1,nifeorbs,Ryō Hirakawa's Lap Of Fuji Speedway,,419,419,0,81,0.98,:post-video: Video,False,False,False,False,https://www.youtube.com/watch?v=D7_IK57HpjU,https://www.reddit.com/r/formula1/comments/1mrbvtp/ryō_hirakawas_lap_of_fuji_speedway/,1755295381,2025-08-15T22:03:01Z,2025-08-15,FALSE,False,posts.part001.csv
submission,1mr7qqv,formula1,Deadlydog1998,[OT] First Shakedown for the GMR-001 Hypercar,,155,155,0,14,0.9,:post-video: Video,False,False,False,False,https://www.youtube.com/watch?v=lZ5jKCelH_c,https://www.reddit.com/r/formula1/comments/1mr7qqv/ot_first_shakedown_for_the_gmr001_hypercar/,1755286101,2025-08-15T19:28:21Z,2025-08-15,FALSE,False,posts.part001.csv
submission,1mr06hr,formula1,l3w1s1234,Sustainable V8 hybrids - Domenicali's F1 engine vision,,475,475,0,162,0.94,:post-news: News,False,False,False,False,https://www.the-race.com/formula-1/sustainable-v8-hybrids-domenicali-f1-engine-vision/,https://www.reddit.com/r/formula1/comments/1mr06hr/sustainable_v8_hybrids_domenicalis_f1_engine/,1755269694,2025-08-15T14:54:54Z,2025-08-15,FALSE,False,posts.part001.csv
submission,1mqydga,formula1,Aratho,12 Times Title Dreams Ended in Formula 1,,404,404,0,158,0.92,:post-video: Video,False,False,False,False,https://www.youtube.com/watch?v=efNVXzDupls,https://www.reddit.com/r/formula1/comments/1mqydga/12_times_title_dreams_ended_in_formula_1/,1755265711,2025-08-15T13:48:31Z,2025-08-15,FALSE,False,posts.part001.csv
submission,1mqx05s,formula1,enesracing,"Inconsistency holding Ferrari back, Vasseur says",,434,434,0,103,0.97,:post-news: News,False,False,False,False,https://racer.com/2025/08/15/inconsistency-holding-ferrari-back-vasseur-says,https://www.reddit.com/r/formula1/comments/1mqx05s/inconsistency_holding_ferrari_back_vasseur_says/,1755262458,2025-08-15T12:54:18Z,2025-08-15,FALSE,False,posts.part001.csv
submission,1mqvj12,formula1,Dmacthegoat,[ESPN] “State of the silly season: Who will drive where in F1 2026?”,,383,383,0,109,0.91,:post-news: News,False,False,False,False,https://www.espn.com/racing/f1/story/_/id/45965617/state-silly-season-drive-where-f1-2026,https://www.reddit.com/r/formula1/comments/1mqvj12/espn_state_of_the_silly_season_who_will_drive/,1755258622,2025-08-15T11:50:22Z,2025-08-15,FALSE,False,posts.part001.csv
submission,1mqu6sz,formula1,potatetoe_tractor,"F1 tycoon fined $23,000 in Singapore gift scandal",,1316,1316,0,74,0.98,:post-news: News,False,False,False,False,https://www.bbc.com/news/articles/crkzl3ly1mgo?xtor=AL-72-%5Bpartner%5D-%5Byahoo.north.america%5D-%5Bheadline%5D-%5Bnews%5D-%5Bbizdev%5D-%5Bisapi%5D,https://www.reddit.com/r/formula1/comments/1mqu6sz/f1_tycoon_fined_23000_in_singapore_gift_scandal/,1755254688,2025-08-15T10:44:48Z,2025-08-15,FALSE,False,posts.part001.csv
submission,1mqsgwp,formula1,guihmds,2025 Formula 1 mid-season driver rankings #12: Gabriel Bortoleto,,372,372,0,75,0.94,:post-news: News,False,False,False,False,https://www.racefans.net/2025/08/15/2025-formula-1-mid-season-driver-rankings-12-gabriel-bortoleto/,https://www.reddit.com/r/formula1/comments/1mqsgwp/2025_formula_1_midseason_driver_rankings_12/,1755249041,2025-08-15T09:10:41Z,2025-08-15,FALSE,False,posts.part001.csv
submission,1mqs6kw,formula1,turinturambar66,Lawson blames set-up gamble for Red Bull demotion,,1961,1961,0,250,0.95,:post-news: News,False,False,False,False,https://speedcafe.com/f1-news-2025-liam-lawson-red-bull-demotion-blame-racing-bulls/,https://www.reddit.com/r/formula1/comments/1mqs6kw/lawson_blames_setup_gamble_for_red_bull_demotion/,1755248058,2025-08-15T08:54:18Z,2025-08-15,FALSE,False,posts.part001.csv
submission,1mqrp7i,formula1,anthn885,Max Verstappen’s first lap overtake – Imola 2025 (multiple angles),,450,450,0,49,0.9,:post-video: Video,False,False,False,False,https://streamain.com/Rq5XS1023GoY1Yl/watch,https://www.reddit.com/r/formula1/comments/1mqrp7i/max_verstappens_first_lap_overtake_imola_2025/,1755246356,2025-08-15T08:25:56Z,2025-08-15,FALSE,False,posts.part001.csv
submission,1mqp5ho,formula1,AutoModerator,Ask r/Formula1 Anything - Daily Discussion Thread,"# Welcome to the [r/formula1](https://www.reddit.com/r/formula1/) Daily Discussion / Q&A thread. This thread is a hub for general discussion and questions about Formula 1, that don't need threads of their own. Are you new to Formula 1? This is the place for you. Ever wondered why it's called a lollipop man? Why the cars don't refuel during pitstops? Or when Mika will be back from his sabbatical? Ask any question you might have here, and the community will answer. Also make sure you check out our [guide for new fans](https://www.reddit.com/r/formula1/wiki/newtof1), and our [FAQ for new fans](https://www.reddit.com/r/formula1/wiki/faq). Are you a veteran fan, longing for the days of lollipop men, refueling during pitstops, and Mika Häkkinen? This is the place to introduce new fans to your passion and knowledge of the sport. Remember to keep it civil and welcoming! Gatekeeping within the Daily Discussion will subject users to disciplinary action. Have a meta question about the subreddit? Please [direct these to the moderators](https://www.reddit.com/message/compose/?to=/r/formula1) instead.",29,29,0,80,0.9,:post-daily-discussion: Daily Discussion,False,False,False,False,https://www.reddit.com/r/formula1/comments/1mqp5ho/ask_rformula1_anything_daily_discussion_thread/,https://www.reddit.com/r/formula1/comments/1mqp5ho/ask_rformula1_anything_daily_discussion_thread/,1755237681,2025-08-15T06:01:21Z,2025-08-15,FALSE,True,posts.part001.csv
submission,1mqjmam,formula1,cwebss,"Dogs, Cats & F1: Alex Albon's Adorable Battersea Visit!",,219,219,0,10,0.93,:post-video: Video,False,False,False,False,https://youtu.be/HgvK1eJ8Tlg?si=INvmixGk4cAZmBiU,https://www.reddit.com/r/formula1/comments/1mqjmam/dogs_cats_f1_alex_albons_adorable_battersea_visit/,1755221129,2025-08-15T01:25:29Z,2025-08-15,FALSE,False,posts.part001.csv
submission,1mqdz0a,formula1,RayTracerX,Portuguese Prime Minister Montenegro reveals Portimão F1 race return in 2027,,2408,2408,0,157,0.98,:post-news: News,False,False,False,False,https://rr-pt.cdn.ampproject.org/v/s/rr.pt/bola-branca/noticia/amp/especial-de-corrida/2025/08/14/montenegro-anuncia-o-regresso-da-formula-1-ao-algarve-em-2027/436235/?amp_gsa=1&amp_js_v=a9&usqp=mq331AQIUAKwASCAAgM%3D#amp_tf=De%20%251%24s&aoh=17552069415741&referrer=https%3A%2F%2Fwww.google.com&ampshare=https%3A%2F%2Frr.pt%2Fbola-branca%2Fnoticia%2Fespecial-de-corrida%2F2025%2F08%2F14%2Fmontenegro-anuncia-regresso-da-formula-1-ao-algarve-em-2027%2F436235%2F,https://www.reddit.com/r/formula1/comments/1mqdz0a/portuguese_prime_minister_montenegro_reveals/,1755207158,2025-08-14T21:32:38Z,2025-08-14,FALSE,False,posts.part001.csv
submission,1mq7uua,formula1,4_max_4,[Formula1] Rating the Rookies: How the new kids on the block are faring in their first F1 season so far,,171,171,0,51,0.92,:post-news: News,False,False,False,False,https://www.formula1.com/en/latest/article/rating-the-rookies-how-the-new-kids-on-the-block-are-faring-in-their-first.70iORd0XCU4A4dPSSX5DN6,https://www.reddit.com/r/formula1/comments/1mq7uua/formula1_rating_the_rookies_how_the_new_kids_on/,1755193905,2025-08-14T17:51:45Z,2025-08-14,FALSE,False,posts.part001.csv
submission,1mq3rkk,formula1,Mogus00,What caused the shift in the front wings and aero of 2004 to 2005 cars?,,3408,3408,0,88,0.99,:post-discussion: Discussion,False,False,False,False,https://www.reddit.com/gallery/1mq3rkk,https://www.reddit.com/r/formula1/comments/1mq3rkk/what_caused_the_shift_in_the_front_wings_and_aero/,1755185107,2025-08-14T15:25:07Z,2025-08-14,FALSE,False,posts.part001.csv
submission,1mq2ik3,formula1,United-Response-6183,Need books about F1 cars,What books would you recommend me to read to know everything about F1 cars? I mean about the technical side. I already know about adrian newey’s book. What other books would you recommend me? Idc about it being a boring textbook or whatever. I wnat to spend my time with this in summer. Thank you guys very much. Btw I already tried to post to F1Technical but it didnt allow me,114,114,0,27,0.92,:post-discussion: Discussion,False,False,False,False,https://www.reddit.com/r/formula1/comments/1mq2ik3/need_books_about_f1_cars/,https://www.reddit.com/r/formula1/comments/1mq2ik3/need_books_about_f1_cars/,1755182329,2025-08-14T14:38:49Z,2025-08-14,FALSE,True,posts.part001.csv
submission,1mq19im,formula1,joeyducci,The History of F1: A Retrospective,"Amid the exhilaration of team victories and the angst of driver rivalries, the rich history of Formula One (F1) racing is built on adrenaline, new technology, and the power of aerodynamics. Let’s explore 75 years of F1, including its creation 75 years ago, several milestone achievements in the sport, and how the past is shaping the future of Formula 1 for years to come.",52,52,0,1,0.91,:post-news: News,False,False,False,False,https://www.cmcmotorsports.com/blogs/the-drift/the-history-of-f1-a-retrospective,https://www.reddit.com/r/formula1/comments/1mq19im/the_history_of_f1_a_retrospective/,1755179470,2025-08-14T13:51:10Z,2025-08-14,FALSE,False,posts.part001.csv
submission,1mpzm4g,formula1,Randomguy7317,LEGO Mercedes F1 car at Ušće shopping centre in Belgrade Serbia,,2207,2207,0,33,0.99,:post-misc: Misc,False,False,False,False,https://www.reddit.com/gallery/1mpzm4g,https://www.reddit.com/r/formula1/comments/1mpzm4g/lego_mercedes_f1_car_at_ušće_shopping_centre_in/,1755175446,2025-08-14T12:44:06Z,2025-08-14,FALSE,False,posts.part001.csv
submission,1mq39x9,formula1,AFAN74,Palou gains massive momentum for F1 move after securing fourth Indycar title,,0,0,0,104,0.47,:post-news: News,False,False,False,False,/r/INDYCAR/comments/1mq39i5/palou_gains_massive_momentum_for_f1_move_after/,https://www.reddit.com/r/formula1/comments/1mq39x9/palou_gains_massive_momentum_for_f1_move_after/,1755184011,2025-08-14T15:06:51Z,2025-08-14,FALSE,False,posts.part001.csv
submission,1mq0twm,formula1,Sauerz,"[Thomas Maher] As listed in Companies House, Christian Horner is no longer a director of Red Bull Technology or Red Bull Racing.",,2297,2297,0,161,0.97,:post-news: News,False,False,False,False,https://bsky.app/profile/thomasmaheronf1.bsky.social/post/3lweh25ejes2v,https://www.reddit.com/r/formula1/comments/1mq0twm/thomas_maher_as_listed_in_companies_house/,1755178446,2025-08-14T13:34:06Z,2025-08-14,FALSE,False,posts.part001.csv
submission,1mpzmze,formula1,CilanEAmber,Oscar Piastri Exclusive: From Rookie to F1 Title Contender in His Own Words,,169,169,0,22,0.86,:post-video: Video,False,False,False,False,https://youtu.be/k1Y1JiIDvlM?si=3GYEjMHU0eH8i8ys,https://www.reddit.com/r/formula1/comments/1mpzmze/oscar_piastri_exclusive_from_rookie_to_f1_title/,1755175507,2025-08-14T12:45:07Z,2025-08-14,FALSE,False,posts.part001.csv
submission,1mpz8yw,formula1,HkF1WEC,$5.5M Formula One Settlement Ends Class Action Lawsuit Over Alleged Illegal Data Sharing,"Formula One Digital Media was sued over allegedly sharing user personally identifiable information and video viewing history with unrelated third parties. The settlement includes anyone in the U.S. who had a F1 account and watched a pre-recorded video on the F1 website, F1TV website, or any of the F1 apps between May 1, 2022 and June 24, 2025. The deadline to submit the claim form is September 22, 2025. I only found out about this after checking my spam folder in my email and seeing an email about it.",779,779,0,42,0.98,:post-news: News,False,False,False,False,https://www.classaction.org/news/5.5m-formula-one-settlement-ends-class-action-lawsuit-over-alleged-illegal-data-sharing,https://www.reddit.com/r/formula1/comments/1mpz8yw/55m_formula_one_settlement_ends_class_action/,1755174486,2025-08-14T12:28:06Z,2025-08-14,FALSE,False,posts.part001.csv
submission,1mpwehm,formula1,F1Fan2004,"Number of Q1, Q2 & Q3 Eliminations per driver","Some interesting things: \- Norris, Piastri and Verstappen are the only drivers with 100% Q3 rate \- Hadjar hasn't been knocked out in Q1 yet \- Hülkenberg hasn't made a single Q3 appearance despite being P9 in the WDC",552,552,0,31,0.98,:post-statistics: Statistics,False,False,False,False,https://i.redd.it/thnxgis2lyif1.png,https://www.reddit.com/r/formula1/comments/1mpwehm/number_of_q1_q2_q3_eliminations_per_driver/,1755165926,2025-08-14T10:05:26Z,2025-08-14,FALSE,False,posts.part001.csv
submission,1mpxqt3,formula1,SkySports,What have you been most surprised about this season so far?,,3528,3528,0,838,0.95,:post-discussion: Discussion,False,False,False,False,https://i.redd.it/zrh07qe9yyif1.jpeg,https://www.reddit.com/r/formula1/comments/1mpxqt3/what_have_you_been_most_surprised_about_this/,1755170279,2025-08-14T11:17:59Z,2025-08-14,FALSE,False,posts.part001.csv
submission,1mpeu4i,formula1,Special-Grade5315,On this day: Alan Jones fumed at the “Happy Birthday” tune played at podium after his first F1 win in Austria 1977—before not realizing it was Australia’s new national anthem.,,631,631,0,15,0.98,:post-throwback: Throwback,False,False,False,False,https://i.redd.it/d19hzln9duif1.png,https://www.reddit.com/r/formula1/comments/1mpeu4i/on_this_day_alan_jones_fumed_at_the_happy/,1755115049,2025-08-13T19:57:29Z,2025-08-13,FALSE,False,posts.part001.csv
submission,1mp1ctu,formula1,FishCake9T4,F1: The Movie is now the highest-grossing sports film of all time,,1248,1248,0,137,0.97,:post-misc: Misc,False,False,False,False,https://www.express.co.uk/sport/f1-autosport/2094301/f1-movie-makes-history-weeks,https://www.reddit.com/r/formula1/comments/1mp1ctu/f1_the_movie_is_now_the_highestgrossing_sports/,1755082998,2025-08-13T11:03:18Z,2025-08-13,FALSE,False,posts.part001.csv
submission,1mpj1ze,formula1,Other-Deer-4286,Who is your favorite F1 team that no longer exists?,"Since we’re in a dead period, I thought this would be a fun discussion. For me, it was Jaguar. I was a kid who fell in love with F1. during the late 90’s and early 2000’s. I just thought that these were the coolest cars, even if they never performed well. Even today, I still have an appreciation for the team.",1510,1510,0,680,0.99,:post-discussion: Discussion,False,False,False,False,https://i.redd.it/jfp2l7d57vif1.jpeg,https://www.reddit.com/r/formula1/comments/1mpj1ze/who_is_your_favorite_f1_team_that_no_longer_exists/,1755124803,2025-08-13T22:40:03Z,2025-08-13,FALSE,False,posts.part001.csv
submission,1mpvr6x,formula1,pafpajpav,tickets.formula1.com overcharged me €500+ – be cautious,"Bought Austrian GP general admission tickets in January. Asked their customer support what tickets my kids (2 & 5) needed – they said full-price. So I paid €195 + €8 handling each. Two weeks before the race, tickets arrived showing €150 each. At the track, I learned kids under 14 are free. I overpaid €500+ on tickets for €300! Post-race, I tried email – always got “undeliverable” after 24h. On WhatsApp, they instantly refused any refund, no apology. We enjoyed the weekend and don’t regret going, but we could have saved €500 or used that money for much better seats. So my advice is to buy directly from the circuit or better resellers to avoid overpaying.",1277,1277,0,129,0.95,:post-discussion: Discussion,False,False,False,False,https://www.reddit.com/r/formula1/comments/1mpvr6x/ticketsformula1com_overcharged_me_500_be_cautious/,https://www.reddit.com/r/formula1/comments/1mpvr6x/ticketsformula1com_overcharged_me_500_be_cautious/,1755163650,2025-08-14T09:27:30Z,2025-08-14,FALSE,True,posts.part001.csv
submission,1mpt6qf,formula1,PerceptionOk4625,What an Oscar Piastri WDC would mean for Australian Motorsport.,"If Oscar Piastri maintains a lead over Lando Norris to secure the 2025 Formula One Driver's Championship: * He becomes the first Australian since Alan Jones in 1980 (45 years of F1's 75) to win the WDC * He becomes one of just 3 Australians to do it, alongside Jones and Jack Brabham * He wins only Australia's fifth ever WDC * He defies his manager's Mark Webber's ""almost seasons"" at Red Bull * He achieves it as an Australian surrounded by a British team While everyone wants to see a fair battle between Lando and Oscar this season, with the best driver getting the win, the signs seem to point to Oscar's potential championship being the more historically significant of the two, since we know Britain has a long, proud but highly decorated F1 history. Even if he doesn't he is still the first Australian to: * Lead an F1 Driver's Championship since Mark Webber in 2010 * Secure more than 10 podiums in one season (and counting) * Secure more than 4 consecutive podiums (his 8 in 2025 matches Senna in equal P2 for Mclaren) * Win more than 5 races within a single season And yes it's as much the car as the driver, but this is potentially a historically massive occasion for a proud motorsporting nation. I wonder if this side of the championship battle is lost a little in all the noise and excitement around it?",2301,2301,0,241,0.92,:post-discussion: Discussion,False,False,False,False,https://www.reddit.com/r/formula1/comments/1mpt6qf/what_an_oscar_piastri_wdc_would_mean_for/,https://www.reddit.com/r/formula1/comments/1mpt6qf/what_an_oscar_piastri_wdc_would_mean_for/,1755154264,2025-08-14T06:51:04Z,2025-08-14,FALSE,True,posts.part001.csv
submission,1mpp77x,formula1,3nt0,2025 Free Practice Championship - Summer Break,,163,163,0,8,0.91,:post-statistics: Statistics,False,False,False,False,https://www.reddit.com/gallery/1mpp77x,https://www.reddit.com/r/formula1/comments/1mpp77x/2025_free_practice_championship_summer_break/,1755141255,2025-08-14T03:14:15Z,2025-08-14,FALSE,False,posts.part001.csv
submission,1mpvb82,formula1,anthn885,2010 Hungarian GP – Barrichello said he expected a black flag after Schumacher’s defensive move,,989,989,0,260,0.97,:post-video: Video,False,False,False,False,https://streamain.com/GwuhhIvK5F0yaUr/watch,https://www.reddit.com/r/formula1/comments/1mpvb82/2010_hungarian_gp_barrichello_said_he_expected_a/,1755162058,2025-08-14T09:00:58Z,2025-08-14,FALSE,False,posts.part001.csv
submission,1mpsb9c,formula1,AutoModerator,Ask r/Formula1 Anything - Daily Discussion Thread,"# Welcome to the [r/formula1](https://www.reddit.com/r/formula1/) Daily Discussion / Q&A thread. This thread is a hub for general discussion and questions about Formula 1, that don't need threads of their own. Are you new to Formula 1? This is the place for you. Ever wondered why it's called a lollipop man? Why the cars don't refuel during pitstops? Or when Mika will be back from his sabbatical? Ask any question you might have here, and the community will answer. Also make sure you check out our [guide for new fans](https://www.reddit.com/r/formula1/wiki/newtof1), and our [FAQ for new fans](https://www.reddit.com/r/formula1/wiki/faq). Are you a veteran fan, longing for the days of lollipop men, refueling during pitstops, and Mika Häkkinen? This is the place to introduce new fans to your passion and knowledge of the sport. Remember to keep it civil and welcoming! Gatekeeping within the Daily Discussion will subject users to disciplinary action. Have a meta question about the subreddit? Please [direct these to the moderators](https://www.reddit.com/message/compose/?to=/r/formula1) instead.",24,24,0,62,0.81,:post-daily-discussion: Daily Discussion,False,False,False,False,https://www.reddit.com/r/formula1/comments/1mpsb9c/ask_rformula1_anything_daily_discussion_thread/,https://www.reddit.com/r/formula1/comments/1mpsb9c/ask_rformula1_anything_daily_discussion_thread/,1755151268,2025-08-14T06:01:08Z,2025-08-14,FALSE,True,posts.part001.csv
submission,1mpq8zq,formula1,FalloutNewTokyo,"According to Red Bull, the RB17 can do a 1:38 at Spa according to their simulations, making it seconds faster than any F1 car.",,773,773,0,105,0.95,:post-video: Video,False,False,False,False,https://youtu.be/ZJ0A9oO4GOk,https://www.reddit.com/r/formula1/comments/1mpq8zq/according_to_red_bull_the_rb17_can_do_a_138_at/,1755144450,2025-08-14T04:07:30Z,2025-08-14,FALSE,False,posts.part001.csv
submission,1mpoyl6,formula1,Its4MeitSnot4U,"McLaren to Auction its 2026 F1 car, before it’s raced. Delivery 2028","McLaren are auctioning their 2026 F1 car, at the end of 2025, with delivery to the winning bidder in 2028. McLaren to sell F1 car before it has even raced in bizarre first. McLaren will give fans and collectors a rare opportunity to own a future Formula 1 car, putting its 2026 racer up for auction.",2884,2884,0,180,0.99,:post-news: News,False,False,False,False,https://speedcafe.com/f1-news-2025-mclaren-2026-car-sale-auction-motorsport-triple-crown/,https://www.reddit.com/r/formula1/comments/1mpoyl6/mclaren_to_auction_its_2026_f1_car_before_its/,1755140541,2025-08-14T03:02:21Z,2025-08-14,FALSE,False,posts.part001.csv
submission,1mpg2wu,formula1,GooseyDuckDuck,12 Month rolling championship (Drivers rankings),"After messing up the table last time, reposting again (3rd attempt :) ) * Tried to do something a little different, and display the drivers championship as a rolling 12 months (using points scored in those last 12 months) * Lando on top, mainly due to his 3 wins vs Oscar's 1 in the later stages of 2024 * Max, Charles, and George all close * Carlos losing out with the Ferrari exit |Position|Driver|25th Aug to 31st Dec| 2025 YTD|Current Points| |:-|:-|:-|:-|:-| |1| Lando Norris|175|275|450| |2|Oscar Piastri|125|284|409| |3| Max Verstappen|160|187|347| |4| Charles Leclerc|179|151|330| |5| George Russell|129|172|301| |6| Lewis Hamilton|73|109|182| |7| Carlos Sainz|128|16|144| |8| Kimi Antonelli|0|64|64| |9| Alexander Albon|8|54|62| |10| Pierre Gasly|36|20|56| |11| Nico Hulkenberg|19|37|56| |12| Fernando Alonso|21|26|47| |13| Esteban Ocon|18|27|45| |14| Lance Stroll|0|26|26| |15| Liam Lawson|4|20|24| |16| Isack Hadjar|0|22|22| |17| Sergio Perez|21|0|21| |18| Yuki Tsunoda|8|10|18| |19| Gabriel Bortoleto|0|14|14| |20| Kevin Magnussen|11|0|11| |21| Oliver Bearman|1|8|9| |22| Franco Colapinto|5|0|5| |23| Zhou Guanyu|4|0|4| |24| Jack Doohan|0|0|0| |25| Logan Sargeant|0|0|0| |26| Daniel Ricciardo|0|0|0| |27| Valtteri Bottas|0|0|0|",113,113,0,24,0.84,:post-statistics: Statistics,False,False,False,False,https://www.reddit.com/r/formula1/comments/1mpg2wu/12_month_rolling_championship_drivers_rankings/,https://www.reddit.com/r/formula1/comments/1mpg2wu/12_month_rolling_championship_drivers_rankings/,1755117839,2025-08-13T20:43:59Z,2025-08-13,1755246585,True,posts.part001.csv
submission,1mp7ja4,formula1,randomseocb,The Mystery Track Challenge! | Grill The Grid 2025 | Episode 2,,340,340,0,99,0.96,:post-video: Video,False,False,False,False,https://www.youtube.com/watch?v=O_RZlmfgl48,https://www.reddit.com/r/formula1/comments/1mp7ja4/the_mystery_track_challenge_grill_the_grid_2025/,1755098843,2025-08-13T15:27:23Z,2025-08-13,FALSE,False,posts.part001.csv
submission,1mp5rmv,formula1,DeliciousBanana1059,"In your opinion, which Formula 1 season had the ugliest cars?","For me, the 2014 Formula 1 season had the ugliest cars. I find all of them, except the Red Bull, ugly (sorry for my bad english...😓)",3285,3285,0,630,0.97,:post-discussion: Discussion,False,False,False,False,https://www.reddit.com/gallery/1mp5rmv,https://www.reddit.com/r/formula1/comments/1mp5rmv/in_your_opinion_which_formula_1_season_had_the/,1755094750,2025-08-13T14:19:10Z,2025-08-13,FALSE,False,posts.part001.csv
submission,1mp5nny,formula1,mango-yoyo,Where do the drivers rank halfway through the season?,,229,229,0,125,0.87,:post-news: News,False,False,False,False,https://www.formula1.com/en/latest/article/power-rankings-where-do-the-drivers-rank-at-the-halfway-stage-of-the-2025-season.1LI5Rz2Py10IyY9NtiTzAl,https://www.reddit.com/r/formula1/comments/1mp5nny/where_do_the_drivers_rank_halfway_through_the/,1755094493,2025-08-13T14:14:53Z,2025-08-13,FALSE,False,posts.part001.csv
submission,1mp3j7v,formula1,XsStreamMonsterX,[Honda Racing Global]The last Honda V10 raced by Senna - Part 4 - pistons,,101,101,0,4,0.91,:post-video: Video,False,False,False,False,https://youtube.com/watch?v=XCc3hpAx3BI&si=PLbOtxgCOF6IEvYm,https://www.reddit.com/r/formula1/comments/1mp3j7v/honda_racing_globalthe_last_honda_v10_raced_by/,1755089352,2025-08-13T12:49:12Z,2025-08-13,FALSE,False,posts.part001.csv
submission,1mp1gpt,formula1,sarahhhhhhc,When Lando met Alayah,,717,717,0,137,0.85,:post-video: Video,False,False,False,False,https://youtu.be/YXFqYuU96MM?si=4KSyD-Vsrc1xRQxf,https://www.reddit.com/r/formula1/comments/1mp1gpt/when_lando_met_alayah/,1755083332,2025-08-13T11:08:52Z,2025-08-13,FALSE,False,posts.part001.csv
submission,1mp0jqe,formula1,l3w1s1234,Where Schumacher fits into Cadillac F1 plans,,0,0,0,62,0.34,:post-news: News,False,False,False,False,https://www.the-race.com/formula-1/where-schumacher-fits-into-cadillac-f1-plans/,https://www.reddit.com/r/formula1/comments/1mp0jqe/where_schumacher_fits_into_cadillac_f1_plans/,1755080217,2025-08-13T10:16:57Z,2025-08-13,FALSE,False,posts.part001.csv
submission,1mp083y,formula1,cafk,Explained: How the FIA plans to avoid a repeat of Mercedes' 2014 scenario in F1,,1884,1884,0,291,0.97,:post-technical: Technical,False,False,False,False,https://www.autosport.com/f1/news/explained-how-the-fia-plans-to-avoid-a-repeat-of-mercedes-2014-scenario-in-f1/10750344/,https://www.reddit.com/r/formula1/comments/1mp083y/explained_how_the_fia_plans_to_avoid_a_repeat_of/,1755079102,2025-08-13T09:58:22Z,2025-08-13,FALSE,False,posts.part001.csv
submission,1moyxs4,formula1,anthn885,Mika Hakkinen overtakes Michael Schumacher while lapping Ricardo Zonta to take the lead and eventually win Belgian GP 2000,,823,823,0,55,0.97,:post-video: Video,False,False,False,False,https://streamain.com/en/3SqjRVbbJFpt8TV/watch,https://www.reddit.com/r/formula1/comments/1moyxs4/mika_hakkinen_overtakes_michael_schumacher_while/,1755074198,2025-08-13T08:36:38Z,2025-08-13,FALSE,False,posts.part001.csv
submission,1moytdd,formula1,NumberSixretro,Silverstone Autosport BRDC Award to not take place in 2025,,310,310,0,18,0.97,:post-news: News,False,False,False,False,https://formulascout.com/silverstone-autosport-brdc-award-to-not-take-place-in-2025/133820,https://www.reddit.com/r/formula1/comments/1moytdd/silverstone_autosport_brdc_award_to_not_take/,1755073720,2025-08-13T08:28:40Z,2025-08-13,FALSE,False,posts.part001.csv
submission,1mowh97,formula1,AutoModerator,Ask r/Formula1 Anything - Daily Discussion Thread,"# Welcome to the [r/formula1](https://www.reddit.com/r/formula1/) Daily Discussion / Q&A thread. This thread is a hub for general discussion and questions about Formula 1, that don't need threads of their own. Are you new to Formula 1? This is the place for you. Ever wondered why it's called a lollipop man? Why the cars don't refuel during pitstops? Or when Mika will be back from his sabbatical? Ask any question you might have here, and the community will answer. Also make sure you check out our [guide for new fans](https://www.reddit.com/r/formula1/wiki/newtof1), and our [FAQ for new fans](https://www.reddit.com/r/formula1/wiki/faq). Are you a veteran fan, longing for the days of lollipop men, refueling during pitstops, and Mika Häkkinen? This is the place to introduce new fans to your passion and knowledge of the sport. Remember to keep it civil and welcoming! Gatekeeping within the Daily Discussion will subject users to disciplinary action. Have a meta question about the subreddit? Please [direct these to the moderators](https://www.reddit.com/message/compose/?to=/r/formula1) instead.",29,29,0,103,0.81,:post-daily-discussion: Daily Discussion,False,False,False,False,https://www.reddit.com/r/formula1/comments/1mowh97/ask_rformula1_anything_daily_discussion_thread/,https://www.reddit.com/r/formula1/comments/1mowh97/ask_rformula1_anything_daily_discussion_thread/,1755064858,2025-08-13T06:00:58Z,2025-08-13,FALSE,True,posts.part001.csv
submission,1mochu4,formula1,jovanmilic97,[Thomas Maher] Confirmation of Sergio Perez making his F1 comeback (at Cadillac) is expected shortly after the summer break.,,5560,5560,0,615,0.97,:post-news: News,False,False,False,False,https://bsky.app/profile/thomasmaheronf1.bsky.social/post/3lw7cj5mbvc2k,https://www.reddit.com/r/formula1/comments/1mochu4/thomas_maher_confirmation_of_sergio_perez_making/,1755014018,2025-08-12T15:53:38Z,2025-08-12,FALSE,False,posts.part001.csv
submission,1mobnen,formula1,lady_peace,I shoot Spa gp with experied film,,4697,4697,0,80,0.98,:post-photo: Photo,False,False,False,False,https://www.reddit.com/gallery/1mo7zl4,https://www.reddit.com/r/formula1/comments/1mobnen/i_shoot_spa_gp_with_experied_film/,1755012103,2025-08-12T15:21:43Z,2025-08-12,FALSE,False,posts.part001.csv
submission,1mo0sle,formula1,AutoModerator,Ask r/Formula1 Anything - Daily Discussion Thread,"# Welcome to the [r/formula1](https://www.reddit.com/r/formula1/) Daily Discussion / Q&A thread. This thread is a hub for general discussion and questions about Formula 1, that don't need threads of their own. Are you new to Formula 1? This is the place for you. Ever wondered why it's called a lollipop man? Why the cars don't refuel during pitstops? Or when Mika will be back from his sabbatical? Ask any question you might have here, and the community will answer. Also make sure you check out our [guide for new fans](https://www.reddit.com/r/formula1/wiki/newtof1), and our [FAQ for new fans](https://www.reddit.com/r/formula1/wiki/faq). Are you a veteran fan, longing for the days of lollipop men, refueling during pitstops, and Mika Häkkinen? This is the place to introduce new fans to your passion and knowledge of the sport. Remember to keep it civil and welcoming! Gatekeeping within the Daily Discussion will subject users to disciplinary action. Have a meta question about the subreddit? Please [direct these to the moderators](https://www.reddit.com/message/compose/?to=/r/formula1) instead.",47,47,0,105,0.84,:post-daily-discussion: Daily Discussion,False,False,False,False,https://www.reddit.com/r/formula1/comments/1mo0sle/ask_rformula1_anything_daily_discussion_thread/,https://www.reddit.com/r/formula1/comments/1mo0sle/ask_rformula1_anything_daily_discussion_thread/,1754978462,2025-08-12T06:01:02Z,2025-08-12,FALSE,True,posts.part001.csv
submission,1mnyjf4,formula1,anthn885,Lighthearted moments from F1 track marshals,,316,316,0,15,0.95,:post-video: Video,False,False,False,False,https://streamain.com/m2OaYeQhHKoVgAD/watch,https://www.reddit.com/r/formula1/comments/1mnyjf4/lighthearted_moments_from_f1_track_marshals/,1754970977,2025-08-12T03:56:17Z,2025-08-12,FALSE,False,posts.part001.csv
submission,1mnn0pp,formula1,bwoah07_gp2,[@f1] Meet the race engineers of the grid!,,8134,8134,0,298,0.99,:post-social-media: Social Media,False,False,False,False,https://www.reddit.com/gallery/1mnn0pp,https://www.reddit.com/r/formula1/comments/1mnn0pp/f1_meet_the_race_engineers_of_the_grid/,1754941460,2025-08-11T19:44:20Z,2025-08-11,FALSE,False,posts.part001.csv
submission,1mnfrtn,formula1,l3w1s1234,What Formula 1's boss has told us about F1's future,,475,475,0,145,0.89,:post-video: Video,False,False,False,False,https://youtu.be/Gwjq0ikKnQA?si=YFU9Ra3lNMacgwWf,https://www.reddit.com/r/formula1/comments/1mnfrtn/what_formula_1s_boss_has_told_us_about_f1s_future/,1754925422,2025-08-11T15:17:02Z,2025-08-11,FALSE,False,posts.part001.csv
submission,1mnaj85,formula1,Duncan_Dixon_Coffey,McLaren will ask drivers how to react when one loses the F1 title,,3675,3675,0,454,0.96,:post-news: News,False,False,False,False,https://www.the-race.com/formula-1/mclaren-will-ask-drivers-how-to-react-when-one-loses-the-f1-title/,https://www.reddit.com/r/formula1/comments/1mnaj85/mclaren_will_ask_drivers_how_to_react_when_one/,1754912126,2025-08-11T11:35:26Z,2025-08-11,FALSE,False,posts.part001.csv
submission,1mnadix,formula1,AnilP228,Domenicali moots reverse grids in F1 sprint race expansion plan,,516,516,0,192,0.93,:post-news: News,False,False,False,False,https://www.the-race.com/formula-1/domenicali-moots-reverse-grids-in-f1-sprint-race-expansion-plan/,https://www.reddit.com/r/formula1/comments/1mnadix/domenicali_moots_reverse_grids_in_f1_sprint_race/,1754911628,2025-08-11T11:27:08Z,2025-08-11,FALSE,False,posts.part001.csv
submission,1mn9e3s,formula1,Aratho,"F1 2026 cars need to be “easier” on drivers, but there’s time – James Vowles",,1327,1327,0,116,0.98,:post-news: News,False,False,False,False,https://www.motorsport.com/f1/news/f1-2026-cars-easier-driver-james-vowles/10749959/,https://www.reddit.com/r/formula1/comments/1mn9e3s/f1_2026_cars_need_to_be_easier_on_drivers_but/,1754908322,2025-08-11T10:32:02Z,2025-08-11,FALSE,False,posts.part001.csv
submission,1mn941x,formula1,turinturambar66,Brutal judgement on Mick Schumacher's wishful thinking of landing Cadillac seat,,0,0,0,72,0.38,:post-news: News,False,False,False,False,https://www.crash.net/f1/news/1078900/1/mick-schumacher-dismissed-cadillac-f1-option-no-reason-go-him,https://www.reddit.com/r/formula1/comments/1mn941x/brutal_judgement_on_mick_schumachers_wishful/,1754907336,2025-08-11T10:15:36Z,2025-08-11,FALSE,False,posts.part001.csv
submission,1mn831z,formula1,RickvB_28,PURE V10: Formula 1 Toro Rosso TT Circuit Assen POV!,"Building on last year’s experience, I had the opportunity last weekend to film once again with the Toro Rosso STR1! For this shoot, I had the same camera setup as last year but I placed a microphone under the engine cover near the sidepod, capturing an incredible, raw sound that makes this video truly come alive! Shot at BossGP, car driven by Ingo Gerstl",324,324,0,35,0.94,:post-video: Video,False,False,False,False,https://youtu.be/JYDbDk8BgF4?si=8ErA5bLTFK75YZuO,https://www.reddit.com/r/formula1/comments/1mn831z/pure_v10_formula_1_toro_rosso_tt_circuit_assen_pov/,1754903463,2025-08-11T09:11:03Z,2025-08-11,FALSE,False,posts.part001.csv
submission,1mn7hxv,formula1,Aratho,"Exclusive: The ""sickening"" moments pushing George Russell not to stay silent over F1 safety",,3184,3184,0,458,0.94,:post-news: News,False,False,False,False,https://www.motorsport.com/f1/news/exclusive-the-sickening-moments-pushing-russell-not-to-stay-silent-over-f1-safety/10749821/,https://www.reddit.com/r/formula1/comments/1mn7hxv/exclusive_the_sickening_moments_pushing_george/,1754901128,2025-08-11T08:32:08Z,2025-08-11,FALSE,False,posts.part001.csv
submission,1mn5668,formula1,AutoModerator,Ask r/Formula1 Anything - Daily Discussion Thread,"# Welcome to the [r/formula1](https://www.reddit.com/r/formula1/) Daily Discussion / Q&A thread. This thread is a hub for general discussion and questions about Formula 1, that don't need threads of their own. Are you new to Formula 1? This is the place for you. Ever wondered why it's called a lollipop man? Why the cars don't refuel during pitstops? Or when Mika will be back from his sabbatical? Ask any question you might have here, and the community will answer. Also make sure you check out our [guide for new fans](https://www.reddit.com/r/formula1/wiki/newtof1), and our [FAQ for new fans](https://www.reddit.com/r/formula1/wiki/faq). Are you a veteran fan, longing for the days of lollipop men, refueling during pitstops, and Mika Häkkinen? This is the place to introduce new fans to your passion and knowledge of the sport. Remember to keep it civil and welcoming! Gatekeeping within the Daily Discussion will subject users to disciplinary action. Have a meta question about the subreddit? Please [direct these to the moderators](https://www.reddit.com/message/compose/?to=/r/formula1) instead.",25,25,0,97,0.8,:post-daily-discussion: Daily Discussion,False,False,False,False,https://www.reddit.com/r/formula1/comments/1mn5668/ask_rformula1_anything_daily_discussion_thread/,https://www.reddit.com/r/formula1/comments/1mn5668/ask_rformula1_anything_daily_discussion_thread/,1754892091,2025-08-11T06:01:31Z,2025-08-11,FALSE,True,posts.part001.csv
submission,1mn55uj,formula1,AutoModerator,MONDAY TRASH TALK THREAD,"TRASH TALK 101 FOR ANYONE NEW HERE - BEACAUSE. TRASH. TALK. IS. A. GENERATIONAL. THREAD. &#x200B; STEP ONE: LURK ON THE SUB VERY REGULARLY, MAKING SURE TO SORT BY “NEW”. &#x200B; STEP TWO: GET INSPIRED BY WHATEVER MAD NARRATIVE OR TREND GRIPS THE SUB THAT PARTICULAR DAY / WEEK. OFF SEASON IS QUITE SLOW BUT RACE WEEKS / WEEKENDS SHOULD YIELD A LOT OF SUBJECT MATTER. THE MORE INSANE AND UNREALISTIC, THE BETTER QUALITY SUBJECT MATTER IT IS. WATCH PEOPLES' OBSESSIVE BEHAVIOUR VERY CLOSELY - IT WILL YIELD SOME FASCINATING INSIGHT. &#x200B; STEP THREE: AT THIS STAGE YOU MAY BE FEELING SICK WITH THE AMOUNT OF NONSENSE YOU HAVE FORCED YOURSELF TO VIEW. FEEL FREE TO STEP OVER INTO r/f1circlejerk AND MAKE YOURSELF FEEL BETTER BY POSTING A MOCKING IMITATION OF THE NONSENSE. &#x200B; HOWEVER AS YOU BUILD YOUR TOLERANCE, YOU WILL FIND YOURSELF ABLE TO WAIT FOR MONDAY, THE HOLIEST OF DAYS. PEOPLE WILL TELL YOU RACE DAY SUNDAY IS THE BEST DAY, BUT THOSE PEOPLE ARE UNENLIGHTENED SAVAGES. &#x200B; STEP FOUR: &#x200B; (A) AS SOON AS THE TRASH TALK THREAD IS POSTED, UPVOTE IT. THIS IS IMPORTANT. &#x200B; (B) \[REDACTED\] &#x200B; (C) THEN - UNLOAD YOUR MOCKERY AND SCORN OF ALL THE VILE RUBBISH YOU HAVE WITNESSED FROM SUB USERS AND ""RESPECTED"" ""JOURNALISTS"". &#x200B; (D) SIT BACK AND WATCH THE UPVOTES GATHER. CLEVER PHOTOSHOPS AND META REFERENCES WILL YIELD MORE UPVOTES. &#x200B; STEP FIVE: REALISE THAT TRUTH AND SENSE ONLY EXIST IN THIS THREAD AND MAKE IT YOUR WEEKLY MISSION TO POST HERE. &#x200B; AND REMEMBER: FLAIR UP AND SMASH THAT CAPS LOCK! AAAAAAAAAAAAA! &#x200B; GOOD LUCK AND MAY THE TRASH TALK BE EVER IN YOUR FAVOUR. &#x200B; \---- &#x200B; /r/FORMULA1 \[POSTING GUIDELINES\](/r/formula1/wiki/userguide#wiki\_posting\_guidelines) STILL APPLY.",121,121,0,106,0.85,:post-discussion: Discussion,False,False,False,False,https://www.reddit.com/r/formula1/comments/1mn55uj/monday_trash_talk_thread/,https://www.reddit.com/r/formula1/comments/1mn55uj/monday_trash_talk_thread/,1754892063,2025-08-11T06:01:03Z,2025-08-11,FALSE,True,posts.part001.csv
submission,1mmttax,formula1,k_shrpe5,Help for rules at the Italian GP,"Hello, we’re attending the Italian Grand Prix this year and seen on this site (linked below) that food is prohibited to take into the circuit. My wife has some food allergies with gluten and dairy so generally can’t eat out of the food trucks that I’ve seen at Barcelona last time I was there. Was hoping if anyone had any experience of being stopped taking in sandwiches/rolls at Monza specifically. Thanks in advance https://www.f1italy.com/en/monza-circuit",183,183,0,47,0.89,:post-discussion: Discussion,False,False,False,False,https://www.reddit.com/r/formula1/comments/1mmttax/help_for_rules_at_the_italian_gp/,https://www.reddit.com/r/formula1/comments/1mmttax/help_for_rules_at_the_italian_gp/,1754859186,2025-08-10T20:53:06Z,2025-08-10,FALSE,True,posts.part001.csv
submission,1mmr96j,formula1,getzisch,Alternative History - Standings with Best of Counts,"Over the years we had close championship fights in Formula 1 history, but until 1991 not all races were counted. From 1981 to 1990 only 11 out of 16 races were counted, which corresponds to 68.75% of the races ran. This was why between 1988-1990 Japan (second to last race) was the decider, even though under modern system the challenger would still have a chance in Adelaide (last race). But what if Formula 1 continued this policy to this day and adjusted counting races for driver standings according to the calendar size? I tried to find this by only adjusting best-of-race count corresponding to similar calendar percentages. For example for 18 races best of 13 would count, for 20 races best of 14 would count and so forth. Here are the yearly changes (with race count and total race number): 1991- Senna's 9 points don't count, but nothing else changes. (11/16) 1992- Mansell's one podium doesn't count, nothing changes (11/16) 1993- Prost loses 7 points, nothing else changes (11/16) 1994- Hill loses 1 point coming into the last race (92-90), he can go to maximum 94 (11th best was 6 points) but Schumi had only 10 points finishes. Therefore even if Hill wins Schumi can be 2nd and win (theoretical 96-94). So championship doesn't change and we won't have that infamous collision. (11/16) 1995- Stays the same, Schumi has 12 points finishes. (12/17) 1996- First big change : By finishing second at Portugal , Damon Hill wins before the final race of the season (Jacques could only gain 6 points instead of 10). (11/16) 1997- Schumi's win at Japan ties them on points but Villeneuve leads by 2 wins, so conditions for Jerez are the same, Schumi gets excluded, no changes. (12/17) 1998- Häkkinen and Schumi is tied with 2 races to go, then Mika wins and opens a 5 point gap (Schumi's 11th finish is 4 points). So situation in Japan is like real life, this time Mika can secure with 2nd place. Schumi retires, nothing else changes. (11/16) 1999- Irvine leads at final race by 2 points. If Schumi wins, Eddie can clinch it by finishing 3rd. Mika wins to make it double, nothing else changes. (11/16) 2000- Schumi can clinch the title by finishing 2nd at final 2 races, despite what Mika does. He wins at Japan anyway. Couple points drops for top 4 but everything else stays the same. (11/16) 2001- 9 wins, 3 runner-up places, Schumi was 12 points away from perfection. Same standings. (12/17) 2002- Even better, only 1 runner-up and 11 wins counted for Schumi, 4 points away from maximum. Everyone else (except Montoya) doesn't even have 12 points finishes. (12/17) 2003- Big points change bring massive competition. Coming into USA (Race 15) Schumi and Montoya is at 79, Kimi is at 75. Schumi wins, for last race it is Schumi 86, Kimi and Montoya 80. This time Kimi is mathematically out (can only gain 5) but Montoya can clinch it, if he wins and Schumi finishes lower than 4th. Barrichello wins anyway, so Schumi is still champion and Kimi is still 2nd. (11/16) 2004- First maximum points season over 40+ years, 13/13 for Schumi in second to last race. He wins the championship one round earlier, matching his record from 2002 (6 races to go). (13/18) 2005- Alonso still wins at Brazil, but his 11 points don't count so season finishes closer than real life (122-112) (14/19) 2006- Schumi's engine blow makes him go 6 points behind in Japan, but situation is not hopeless. If he wins and Massa finishes 2nd, he will be champion on countback regardless of what Alonso does (1 more win and Alonso's worst counted finish is 2nd). He faces problems, Massa wins, Alonso is the champion by 5 points (118-113). (13/18) 2007- Win in Japan makes Hamilton go 7 points clear but crashing out in China and win by Raikkonen makes an incredible final. Hamilton is on 98, Kimi and Alonso 95. Kimi can win by finishing in top 2 and have Massa win, but Alonso has to win because he will be identical to Lewis if Alonso finishes 2nd. Lewis can finish in top 2 if Kimi doesn't win. Final race happens, and I take a personal liberty. Ferrari made Kimi go in front IRL because they needed it, but here 2nd is enough so they let Massa win. Alonso is 3rd so Lewis has no chance of improving his points (worst is 4th). Final standings are Kimi 98 (1 more win), Lewis 98, Alonso 96, Massa 90. (12/17) 2008- FIRST CHANGE! Gap before the Brazilian race stays the same, but this time if Massa wins, Hamilton has to finish in top 3 (countback advantage Massa). Hamilton struggles, ""is that Glock"" is not important and Massa clinches the championship by 1 point because Lewis's 14th best finish (2 points) don't count (13/18) 2009- Button still wins in Brazil. However his 8 points don't count, so he finishes way way close to Vettel this time (87-84). (12/17) 2010- More points are distributed from this year. Before the final race Alonso is at 242, Webber 232, Vettel 231. Hamilton is already out at 222 (max 17 point gain in Abu Dhabi). Because of this, Ferrari focuses on leading Vettel. Alonso still bottles the start and still needs to pass Rosberg (like IRL) so in the end Vettel still wins. Final points are Vettel 250, Alonso 244, Webber 232, Hamilton 232. (14/19) 2011- 11 wins and 3 second places for Vettel (329/392), Button finishes second and closer, but biggest loser is Webber. He drops from third to fifth, Alonso and Hamilton (despite having 31 points less) jumps him. (14/19) 2012- Vettel goes 13 points in front at final race (255-242), but this time Alonso has to win or he's out. If he wins, Vettel needs to finish at least 4th for countback. Alonso comes really close but Button takes the victory in Brazil, Alonso loses it by 5 points (255-250). Hamilton jumps Raikkonen for third in WDC. (14/20) 2013- 13 wins, 1 second place, 7 points from perfection. Vettel clinches it one round before Indian GP (race 15), Raikkonen jumps Hamilton for fourth. (14/19) 2014- Despite double points, by finishing second in Brazilian GP Hamilton clinches on countback with one race to go. Nico was on 287 and at best he could achieve 319, which Lewis already was in. No other place changes. (14/19) 2015- 10 wins, 4 second places, Hamilton clinches the title one round before (hat throw doesn't happen at USA), Nico still finishes second. (14/19) 2016- Another change! At final race, Nico was on 327 and Lewis was on 324. Their worst finish was second place so whoever wins gets the championship. Lewis doesn't need to back Nico into the pack, he just files off and claims the third straight title (334-330) . Nico retires without one after chasing it for so long. (15/21) 2017- Lewis clinches one round early (at USA), his gap to Vettel shrinks to 34 points (209-275). Bottas is not so close to Vettel at 255, Ricciardo jumps Raikkonen for fourth. (14/20) 2018- After Vettel's awful results at Japan, Lewis claims fifth straight title with 4 rounds to go. Sadly Verstappen jumps Kimi for third so we wouldn't have ""drunk Kimi"" memes at FIA Gala. (15/21) 2019- Top 5 is so far ahead (because of Gasly/Albon switch), Lewis with 6th straight title, no position changes. (15/21) 2020- 11 wins, 1 runner-up, 14 points away from perfection (due to fastest laps). Lewis clinches 7th straight title before Turkish GP (4 rounds to go), Bottas barely edges Verstappen for 2nd place (215-214). (12/17) 2021- I added sprint race points to the race weekend results, so if a driver wins sprint + race (28 points) that would take priority. Verstappen leads Lewis by 5 points (350-345), and if Bottas wins & Lewis is P2, Lewis takes the title by 1 point. IRL situations happen so no change, Verstappen wins on final lap. Norris finishes P5, Leclerc P6, Sainz drops to P7. (16/22) 2022- 3 Sprint races but only best of 2 counts (66%, similar to race counts). Verstappen wins before Japan so we won't have that controversial event, with 15 wins and 1 second place. Sainz finishes in front of Russell on countback despite having 29 fewer total points (16/22, 2/3) 2023- 6 Sprint races, best of 4 counts. Verstappen maxes out stats with 19 wins and 4 sprints, clinching out the title with 6 races to go (equals the record). Only 8 fastest laps were missing. Alonso drops to P6 after missing 6 points from best-of finishes. (16/22, 4/6) 2024- No position changes, but there will be an epic event. In Brazil, from 17th on the grid, Verstappen clinches 4th straight title in heavy rain conditions, leading to an epic celebration in Sao Paulo. Before the race, Leclerc was already out with only Norris remaining in title challenge. (17/24, 4/6) As you can see, we have two championship changing events, and many more historical events missing or created. I wonder how 2025 will play out?",142,142,0,9,0.91,:post-statistics: Statistics,False,False,False,False,https://www.reddit.com/r/formula1/comments/1mmr96j/alternative_history_standings_with_best_of_counts/,https://www.reddit.com/r/formula1/comments/1mmr96j/alternative_history_standings_with_best_of_counts/,1754853199,2025-08-10T19:13:19Z,2025-08-10,1754853515,True,posts.part001.csv
submission,1mmeh5p,formula1,victor90martin,"Poster 1960 Formula One Australian Grand Prix Lowood, Queensland",,269,269,0,9,0.98,:post-poster: Poster,False,False,False,False,https://i.redd.it/q53iuteuy5if1.jpeg,https://www.reddit.com/r/formula1/comments/1mmeh5p/poster_1960_formula_one_australian_grand_prix/,1754819346,2025-08-10T09:49:06Z,2025-08-10,FALSE,False,posts.part001.csv
submission,1mmepz3,formula1,racingplaybook,"With McLaren becoming only the second team to reach 200 wins in the history of F1 (the other being Ferrari), here's the winning team of every race in the entire 75-year history of F1 in one image. Each square represents a race, and each colour the race winning team.",,3662,3662,0,152,0.98,:post-statistics: Statistics,False,False,False,False,https://i.redd.it/3avwyrwf16if1.jpeg,https://www.reddit.com/r/formula1/comments/1mmepz3/with_mclaren_becoming_only_the_second_team_to/,1754820246,2025-08-10T10:04:06Z,2025-08-10,FALSE,False,posts.part001.csv
submission,1mmk7yf,formula1,Vandirac,The grossest F1 practical joke,"In his autobiography, former F1 driver Riccardo Patrese goes into details about his time at Brabham, recounting the shenanigans of the team led by the charismatic Ecclestone and represented by Nelson Piquet, a hothead pilot and notorious prankster. This is his memory about a practical joke pulled by Piquet against Charlie Whiting. ""Nelson was used to peeing himself on purpose before a Grand Prix. Frankly disgusting. After a few minutes on track, on the grid, some liquid started dripping from the car. Mechanics and technicians scrambled to find the origin of the leak. Piquet nods to Whiting. 'What happens? A leak? Is it oil?'. There is no time, the race is starting... Charles lay on the tarmac, touches the liquid, try to identify it, smells it, *tastes* it. And understands. Piss, damn, the piss of a champion""",3904,3904,0,275,0.95,:post-throwback: Throwback,False,False,False,False,https://www.reddit.com/r/formula1/comments/1mmk7yf/the_grossest_f1_practical_joke/,https://www.reddit.com/r/formula1/comments/1mmk7yf/the_grossest_f1_practical_joke/,1754836672,2025-08-10T14:37:52Z,2025-08-10,1754836851,True,posts.part001.csv
submission,1mmjhsu,formula1,MoneyLibrarian9032,2025 F1 Season | The Story So far,,176,176,0,50,0.89,:post-video: Video,False,False,False,False,https://youtu.be/fb15ZVSe-uc?feature=shared,https://www.reddit.com/r/formula1/comments/1mmjhsu/2025_f1_season_the_story_so_far/,1754834838,2025-08-10T14:07:18Z,2025-08-10,FALSE,False,posts.part001.csv
submission,1mmhi43,formula1,ginnybin25,[OT] Xfinity Star Connor Zilisch Breaks Collarbone in Scary Fall in Victory Lane,,365,365,0,60,0.89,:post-off-topic: Off-Topic,False,False,False,False,https://www.foxsports.com/stories/nascar/connor-zilisch-fall-xfinity-series,https://www.reddit.com/r/formula1/comments/1mmhi43/ot_xfinity_star_connor_zilisch_breaks_collarbone/,1754829518,2025-08-10T12:38:38Z,2025-08-10,FALSE,False,posts.part001.csv
submission,1mmhfbd,formula1,Upbeat_County9191,Which qualifying format is your favourite?,"I was listening to bring back V10 about the 2005 season and they mentioned aggregate qualifying, and I had totally forgotten about this format. It made me think about all the different formats we had over the years. The changes were always made to improve excitement. Question is obviously did they. I grew watching F1 in the 90's drivers got 12 laps in an hour and the fastest lap would count. Problem was teams would wait untill the track was the fastest, leading to everyone getting out in the last half hour, meaning we were watching the first half hour at an empty track. Then they experimented with aggregate qualifying. Meaning 2 qualifying sessions over 2 days and the times would be aggregated. Wasn't a succes. We also had 1 lap qualifying. Everyone would get 1 timed lap. Didn't last either. The last few years we have had the 3 part qualifying with the knock out system. It brings some excitement, but im not a fan. Usually im not nostalgic, but the 12 lap qualifying is my favorite.",303,303,0,230,0.93,:post-discussion: Discussion,False,False,False,False,https://www.reddit.com/r/formula1/comments/1mmhfbd/which_qualifying_format_is_your_favourite/,https://www.reddit.com/r/formula1/comments/1mmhfbd/which_qualifying_format_is_your_favourite/,1754829294,2025-08-10T12:34:54Z,2025-08-10,FALSE,True,posts.part001.csv
submission,1mmhdur,formula1,MoneyLibrarian9032,Charles Leclerc: Ferrari willing to sacrifice extra F1 wind tunnel time for highest 2025 finish,,1625,1625,0,129,0.96,:post-news: News,False,False,False,False,https://www.motorsportweek.com/2025/08/10/charles-leclerc-ferrari-willing-to-sacrifice-extra-f1-wind-tunnel-time-for-highest-2025-finish/?feed_id=73600,https://www.reddit.com/r/formula1/comments/1mmhdur/charles_leclerc_ferrari_willing_to_sacrifice/,1754829176,2025-08-10T12:32:56Z,2025-08-10,FALSE,False,posts.part001.csv
submission,1mmgquv,formula1,anthn885,Charles Leclerc and Lewis Hamilton competing for the lead Monza 2019,,617,617,0,126,0.95,:post-video: Video,False,False,False,False,https://streamain.com/BLvOgGofZBui1Wk/watch,https://www.reddit.com/r/formula1/comments/1mmgquv/charles_leclerc_and_lewis_hamilton_competing_for/,1754827269,2025-08-10T12:01:09Z,2025-08-10,FALSE,False,posts.part001.csv
submission,1mmeaby,formula1,GlitteringPromise125,Edd Straw's mid-season 2025 F1 driver rankings,,299,299,0,301,0.82,:post-news: News,False,False,False,False,https://www.the-race.com/formula-1/edd-straws-mid-season-2025-f1-driver-rankings/,https://www.reddit.com/r/formula1/comments/1mmeaby/edd_straws_midseason_2025_f1_driver_rankings/,1754818623,2025-08-10T09:37:03Z,2025-08-10,FALSE,False,posts.part001.csv
submission,1mmaxp5,formula1,AutoModerator,Ask r/Formula1 Anything - Daily Discussion Thread,"# Welcome to the [r/formula1](https://www.reddit.com/r/formula1/) Daily Discussion / Q&A thread. This thread is a hub for general discussion and questions about Formula 1, that don't need threads of their own. Are you new to Formula 1? This is the place for you. Ever wondered why it's called a lollipop man? Why the cars don't refuel during pitstops? Or when Mika will be back from his sabbatical? Ask any question you might have here, and the community will answer. Also make sure you check out our [guide for new fans](https://www.reddit.com/r/formula1/wiki/newtof1), and our [FAQ for new fans](https://www.reddit.com/r/formula1/wiki/faq). Are you a veteran fan, longing for the days of lollipop men, refueling during pitstops, and Mika Häkkinen? This is the place to introduce new fans to your passion and knowledge of the sport. Remember to keep it civil and welcoming! Gatekeeping within the Daily Discussion will subject users to disciplinary action. Have a meta question about the subreddit? Please [direct these to the moderators](https://www.reddit.com/message/compose/?to=/r/formula1) instead.",29,29,0,81,0.81,:post-daily-discussion: Daily Discussion,False,False,False,False,https://www.reddit.com/r/formula1/comments/1mmaxp5/ask_rformula1_anything_daily_discussion_thread/,https://www.reddit.com/r/formula1/comments/1mmaxp5/ask_rformula1_anything_daily_discussion_thread/,1754805647,2025-08-10T06:00:47Z,2025-08-10,FALSE,True,posts.part001.csv
submission,1mlwo4w,formula1,Gifunta,Aintree/Adelaide: How were the crossings with the horse racing tracks managed?,"As you may know, both Aintree and Adelaide were Grand Prix tracks that had crossings with horse racing tracks. I cannot find any information on how those specific crossings - the parts were the F1 track crossed the horse racing track - were managed. There are only to options, both seem problematic: either the horse racing track was paved over or the GP circuit was covered with sand/earth/dirt/whatever it is that a horse racing circuit is made of. If they paved it, they had to remove the asphalt after every Grand Prix to make it useable for the horses again. If they put sand over persisting asphalt, wouldn't that still be noticeable during the horse races or maybe even be bad for the horse's legs? Any information on this topic would be much appreciated!",128,128,0,36,0.97,:post-throwback: Throwback,False,False,False,False,https://www.reddit.com/r/formula1/comments/1mlwo4w/aintreeadelaide_how_were_the_crossings_with_the/,https://www.reddit.com/r/formula1/comments/1mlwo4w/aintreeadelaide_how_were_the_crossings_with_the/,1754764423,2025-08-09T18:33:43Z,2025-08-09,FALSE,True,posts.part001.csv
submission,1mlv1tk,formula1,Thegen68,F1 US Viewership: 2025 season on pace to be the most watched season ever in America,,2194,2194,0,213,0.97,:post-statistics: Statistics,False,False,False,False,https://i.redd.it/uv4wznym31if1.jpeg,https://www.reddit.com/r/formula1/comments/1mlv1tk/f1_us_viewership_2025_season_on_pace_to_be_the/,1754760416,2025-08-09T17:26:56Z,2025-08-09,FALSE,False,posts.part001.csv
submission,1mlrp7f,formula1,Tywnis,"2025 F1 Endurance Rally Standing, adjusted for unraced laps + more data",,803,803,0,61,0.96,:post-misc: Misc,False,False,False,False,https://i.redd.it/l5pfxr9ke0if1.png,https://www.reddit.com/r/formula1/comments/1mlrp7f/2025_f1_endurance_rally_standing_adjusted_for/,1754752088,2025-08-09T15:08:08Z,2025-08-09,FALSE,False,posts.part001.csv
submission,1mlrok3,formula1,pumpkinspeedwagon86,[F1] Oliver Bearman: 'I hope (to be) fighting for a World Championship (in five years). I hope that I can prove that I deserve to belong here (and) be with a top team.',,1026,1026,0,139,0.98,:post-quotes: Quotes,False,False,False,False,https://www.formula1.com/en/latest/article/getting-to-know-the-real-ollie-bearman.5LllOCoC4bOLoHtPlgrML3,https://www.reddit.com/r/formula1/comments/1mlrok3/f1_oliver_bearman_i_hope_to_be_fighting_for_a/,1754752038,2025-08-09T15:07:18Z,2025-08-09,FALSE,False,posts.part001.csv
submission,1mlr85a,formula1,jackrazor95,Everything You Need To Know About F1's New Team Cadillac!,,200,200,0,81,0.82,:post-video: Video,False,False,False,False,https://www.youtube.com/watch?v=1zKa1cB1Kec,https://www.reddit.com/r/formula1/comments/1mlr85a/everything_you_need_to_know_about_f1s_new_team/,1754750889,2025-08-09T14:48:09Z,2025-08-09,FALSE,False,posts.part001.csv
submission,1mlba2c,formula1,eqc_22,Most impactful non-fatal crash,"Hey guys, I'm working on something and, like the title says, what do you guys think are some of the most important non-fatal crashes in F1 history? It can be cause they inspires rule/safety changes or had major championship implications, and bonus points if they also didn’t result in a drivers career ending injury. My mind jumps to Rosberg and Hamilton and Senna/Prost, but do any others come to mind?",396,396,0,315,0.96,:post-discussion: Discussion,False,False,False,False,https://www.reddit.com/r/formula1/comments/1mlba2c/most_impactful_nonfatal_crash/,https://www.reddit.com/r/formula1/comments/1mlba2c/most_impactful_nonfatal_crash/,1754698044,2025-08-09T00:07:24Z,2025-08-09,FALSE,True,posts.part001.csv
submission,1ml47jf,formula1,Jimijack,Points system change and would it work? If not why?,"So I have always thought about the points system, how would 1st place 20, 2nd 19, 3rd 18……… (you can work the rest out). That way apart from DNF’s each driver will receive points each race and the same for constructors. That way end of the season the money would be split and each team would receive something. More points equals more money. I have tried looking to see why this would not work, I’m sure there is a reason why but can someone explain. Or if it would work do you agree?",0,0,0,22,0.25,:post-discussion: Discussion,False,False,False,False,https://www.reddit.com/r/formula1/comments/1ml47jf/points_system_change_and_would_it_work_if_not_why/,https://www.reddit.com/r/formula1/comments/1ml47jf/points_system_change_and_would_it_work_if_not_why/,1754680367,2025-08-08T19:12:47Z,2025-08-08,FALSE,True,posts.part001.csv
submission,1ml7gxf,formula1,jshperky,How much did the teams spend in 2024?,"I'm wondering how much each of the teams actually spent last year. Ive been unable to find the information. Obviously there is the budget cap, which is usually the number I get when I search it. But, we know the budget cap is incredibly limited in scope, only applying to engineering, and most of the staff. Marketing, the 3 most paid staff, the drivers, catering, facilities, etc are not included in the cost cap. Also, just because you can spend up to the cap doesnt mean every team actually has the money to do so. What I'm interested in is how much the top teams like mclaren Ferrari red bull and Mercedes actually spend each year, but if you can provide numbers for all the teams thats even better. Thanks",44,44,0,11,0.85,:post-discussion: Discussion,False,False,False,False,https://www.reddit.com/r/formula1/comments/1ml7gxf/how_much_did_the_teams_spend_in_2024/,https://www.reddit.com/r/formula1/comments/1ml7gxf/how_much_did_the_teams_spend_in_2024/,1754688114,2025-08-08T21:21:54Z,2025-08-08,FALSE,True,posts.part001.csv
submission,1mlnh3q,formula1,beanbagreg,"Now it’s summer break, how do you think Helmut Marko’s rookie report card panned out?","Ahead of Australia, Helmut Marko offered his assessment of the 5 rookies who begun the season to Servus TV. As a reminder, he rated them as follows: Kimi Antonelli: “He is clearly an elite driver, although he is under enormous pressure. His performance is impressive: he has already driven around 10,000 test kilometres, but he has also had two serious accidents. You can feel the pressure on him. And, of course, Toto Wolff wants to repeat the Verstappen story at Mercedes. However, going straight to an elite team will be a challenge for him. But in terms of potential, he is certainly a top driver.” Oliver Bearman: “He is a very fast driver, although he had a lot of accidents in Formula 2 and Formula 3 because he takes big risks. He goes to the limit. Maybe he won’t get to the top as fast as Antonelli, but he’s definitely a standout.” Isack Hadjar: “Hadjar lost the championship by only four or five points [sic]. Our data analysts calculated that he lost about 80 points due to technical failures and other problems. So he is very fast. I would say that if he continues to develop well and learn to control his emotions, he has A-level potential as well.” Gabriel Bortoleto: “I would classify him as a ‘B’ driver. He’s a very intelligent driver: he won the Formula 3 championship, but with only one win and he usually stays out of trouble. In Formula 2 he only managed two victories. He is a driver who brings the car home safely, has a good command of strategy and tyre management, but I don’t see that pure speed in him.” Jack Doohan: “He is a ‘C’. I don’t think he will complete the season.” Obviously he was right about Doohan not completing the season, but what do you think of his assessments of the other rookies? They’re fairly detailed, which is why I think they warrant a bit of discussion now we’ve seen races from them all.",1070,1070,0,188,0.97,:post-discussion: Discussion,False,False,False,False,https://www.reddit.com/r/formula1/comments/1mlnh3q/now_its_summer_break_how_do_you_think_helmut/,https://www.reddit.com/r/formula1/comments/1mlnh3q/now_its_summer_break_how_do_you_think_helmut/,1754740032,2025-08-09T11:47:12Z,2025-08-09,FALSE,True,posts.part001.csv
submission,1mllpxm,formula1,XsStreamMonsterX,[Honda Racing Global]Reuniting Champions - the Story of the Restoration of Honda's Williams FW11,,93,93,0,16,0.95,:post-video: Video,False,False,False,False,https://youtube.com/watch?v=yjQiB8nEQ78&si=uS8Hr48-wBRvY40e,https://www.reddit.com/r/formula1/comments/1mllpxm/honda_racing_globalreuniting_champions_the_story/,1754733490,2025-08-09T09:58:10Z,2025-08-09,FALSE,False,posts.part001.csv
submission,1mll1ku,formula1,FewCollar227,"Baby Damon Hill surrounded by Bruce McLaren, Stirling Moss, Tony Brooks, Graham Hill, Jo Bonnier and Wolfgang von Trips",,7695,7695,0,184,0.99,:post-photo: Photo,False,False,False,False,https://i.redd.it/exzzwir6nyhf1.jpeg,https://www.reddit.com/r/formula1/comments/1mll1ku/baby_damon_hill_surrounded_by_bruce_mclaren/,1754730671,2025-08-09T09:11:11Z,2025-08-09,FALSE,False,posts.part001.csv
submission,1mljm0g,formula1,mangusta123,Is the 2006 grid the best ever in terms of manufactures engagement?,"Ferrari aside, you basically had other 5 factory teams from some of the most important OEMs in the world ( Renault, BMW sauber, Toyota, Honda, Mclaren-Mercedes), and a legendary name in motorsport like Cosworth as well. I don't think we will ever see a lineup like this again in the near future, at least with official factory teams, even though I'm excited for Audi/Redbull-Ford/ Aston Martin-Honda next year (rip Reanult)",3437,3437,0,206,0.99,:post-discussion: Discussion,False,False,False,False,https://www.reddit.com/gallery/1mljm0g,https://www.reddit.com/r/formula1/comments/1mljm0g/is_the_2006_grid_the_best_ever_in_terms_of/,1754724860,2025-08-09T07:34:20Z,2025-08-09,FALSE,False,posts.part001.csv
submission,1mljr5k,formula1,MoneyLibrarian9032,Lewis Hamilton applauded by Mercedes for being fantastic ally to Kimi Antonelli,,1113,1113,0,27,0.95,:post-news: News,False,False,False,False,https://www.motorsportweek.com/2025/08/09/lewis-hamilton-applauded-by-mercedes-for-being-fantastic-ally-to-kimi-antonelli/?feed_id=73555,https://www.reddit.com/r/formula1/comments/1mljr5k/lewis_hamilton_applauded_by_mercedes_for_being/,1754725427,2025-08-09T07:43:47Z,2025-08-09,FALSE,False,posts.part001.csv
submission,1mljh6z,formula1,Dizzy_Procedure_3,is Aston Martin's potential being hidden by its drivers?,"Lance Stroll is not without his qualities - particularly in wet races - but it's pretty clear that he's not a top quality driver and is only got the seat because of his father. If he was the only driver at Aston Martin, we would have great difficulty in assessing how good the car actually was. but one of Stroll's biggest defenders is Fernando Alonso, and I don't think that's a coincidence. Stroll makes Alonso look good. Alonso is able to consistently outperform his team mate (at least on track position) and so looks like he's doing a decent job, but I seriously doubt that Alonso is the same driver he was 20 years ago. In short, Aston Martin have two seriously below par drivers. Could it be possible that the current AM car is much better than anyone has suspected? With Adrian Newey on board, it would be interesting if Verstappen were to jump ship and join him",0,0,0,134,0.34,:post-discussion: Discussion,False,False,False,False,https://www.reddit.com/r/formula1/comments/1mljh6z/is_aston_martins_potential_being_hidden_by_its/,https://www.reddit.com/r/formula1/comments/1mljh6z/is_aston_martins_potential_being_hidden_by_its/,1754724347,2025-08-09T07:25:47Z,2025-08-09,FALSE,True,posts.part001.csv
submission,1mlinis,formula1,MoneyLibrarian9032,Carlos Sainz details ‘completely different’ aspect between Ferrari and Williams F1 cars,,1147,1147,0,89,0.98,:post-news: News,False,False,False,False,https://www.motorsportweek.com/2025/08/09/carlos-sainz-details-completely-different-aspect-between-ferrari-and-williams-f1-cars/?feed_id=73540,https://www.reddit.com/r/formula1/comments/1mlinis/carlos_sainz_details_completely_different_aspect/,1754721227,2025-08-09T06:33:47Z,2025-08-09,FALSE,False,posts.part001.csv
submission,1mli4fz,formula1,AutoModerator,Ask r/Formula1 Anything - Daily Discussion Thread,"# Welcome to the [r/formula1](https://www.reddit.com/r/formula1/) Daily Discussion / Q&A thread. This thread is a hub for general discussion and questions about Formula 1, that don't need threads of their own. Are you new to Formula 1? This is the place for you. Ever wondered why it's called a lollipop man? Why the cars don't refuel during pitstops? Or when Mika will be back from his sabbatical? Ask any question you might have here, and the community will answer. Also make sure you check out our [guide for new fans](https://www.reddit.com/r/formula1/wiki/newtof1), and our [FAQ for new fans](https://www.reddit.com/r/formula1/wiki/faq). Are you a veteran fan, longing for the days of lollipop men, refueling during pitstops, and Mika Häkkinen? This is the place to introduce new fans to your passion and knowledge of the sport. Remember to keep it civil and welcoming! Gatekeeping within the Daily Discussion will subject users to disciplinary action. Have a meta question about the subreddit? Please [direct these to the moderators](https://www.reddit.com/message/compose/?to=/r/formula1) instead.",24,24,0,79,0.85,:post-daily-discussion: Daily Discussion,False,False,False,False,https://www.reddit.com/r/formula1/comments/1mli4fz/ask_rformula1_anything_daily_discussion_thread/,https://www.reddit.com/r/formula1/comments/1mli4fz/ask_rformula1_anything_daily_discussion_thread/,1754719266,2025-08-09T06:01:06Z,2025-08-09,FALSE,True,posts.part001.csv
submission,1mli149,formula1,melvinlee88,Charles Leclerc and Lewis Hamilton Play Retro Video Games,,460,460,0,56,0.95,:post-video: Video,False,False,False,False,https://youtu.be/s7o4lyPX9_0?si=Mo-mroRXkbvdXSw2,https://www.reddit.com/r/formula1/comments/1mli149/charles_leclerc_and_lewis_hamilton_play_retro/,1754718935,2025-08-09T05:55:35Z,2025-08-09,FALSE,False,posts.part001.csv
submission,1ml10j4,formula1,TheKaiserSarp,How does the dirty air and downforce mechanic effect wet racing ?,"As you all know we can’t really see much racing in F1 in ground effect era. They usually get red flagged due to visibility and safety issues. But I remember/know them being much less frequent in previous eras. But how do they affect it ? I know that Pirelli tried and tested using tyre arches to reduces spray but I’ve also read that they weren’t as successful as they want it to be and the main issue was the floor. But I don’t really know how that works since I’m not educated in technical areas. While I was looking for some answers I found out that the dirty air mechanic changed quite a bit (and also loopholes are exploited) and they’re the reason but there weren’t any explanations that I coul find. Can anyone explain it please TL,DR : I don‘t know how ground effect floor effects wet racing and couldn’t find any explanation and I’m asking here for one Thanks",152,152,0,35,0.89,:post-discussion: Discussion,False,False,False,False,https://www.reddit.com/r/formula1/comments/1ml10j4/how_does_the_dirty_air_and_downforce_mechanic/,https://www.reddit.com/r/formula1/comments/1ml10j4/how_does_the_dirty_air_and_downforce_mechanic/,1754673084,2025-08-08T17:11:24Z,2025-08-08,FALSE,True,posts.part001.csv
submission,1mkzbem,formula1,Draconicplayer,What Makes Max Verstappen One Of The F1 Greats? | Behind The Charge,,298,298,0,52,0.76,:post-video: Video,False,False,False,False,https://youtu.be/Oih0M79hVxc?si=rj9VGFi0yjAF1vn1,https://www.reddit.com/r/formula1/comments/1mkzbem/what_makes_max_verstappen_one_of_the_f1_greats/,1754669250,2025-08-08T16:07:30Z,2025-08-08,FALSE,False,posts.part001.csv
submission,1mky2ut,formula1,ajinxed,Which driver you thought would never win WDC,"There is always discussion about great drivers not winning WDC, but which driver WDC surprised you? For me, it is Jenson Button. He looked like a great midfield driver till 2009 with occasional great drives as he was mostly driving mid cars. He found himself at right place and right time and won himself WDC proving me completely wrong.",1146,1146,0,444,0.97,:post-off-topic: Off-Topic,False,False,False,False,https://www.reddit.com/r/formula1/comments/1mky2ut/which_driver_you_thought_would_never_win_wdc/,https://www.reddit.com/r/formula1/comments/1mky2ut/which_driver_you_thought_would_never_win_wdc/,1754666470,2025-08-08T15:21:10Z,2025-08-08,FALSE,True,posts.part001.csv
submission,1mkwj5u,formula1,cheekymonon,F1 and other category graphics,"Just been watching the DTM practice to fill the f1 shaped hole and noticed the sector graphics for each driver. I’d love to see something like this in f1 during quali and practice, would really help visualise who’s on track and if they’re doing a fast lap or not. What do you guys think and are there any other graphics you’ve seen that you’d add?",3474,3474,0,157,0.99,:post-discussion: Discussion,False,False,False,False,https://i.redd.it/zk0zh4zj1thf1.jpeg,https://www.reddit.com/r/formula1/comments/1mkwj5u/f1_and_other_category_graphics/,1754662860,2025-08-08T14:21:00Z,2025-08-08,FALSE,False,posts.part001.csv
submission,1mkowxp,formula1,Bistoleum,Happy 72nd birthday Nigel Mansell!,,1314,1314,0,54,0.99,:post-misc: Misc,False,False,False,False,https://i.redd.it/fi9322rb1rhf1.jpeg,https://www.reddit.com/r/formula1/comments/1mkowxp/happy_72nd_birthday_nigel_mansell/,1754638569,2025-08-08T07:36:09Z,2025-08-08,FALSE,False,posts.part001.csv
submission,1mktgtx,formula1,DataOperator,F1 movie income per person in selected countries (highlighted blue are Grand Prix countries),,1562,1562,0,202,0.92,:post-statistics: Statistics,False,False,False,False,https://i.redd.it/6tpqwue1eshf1.png,https://www.reddit.com/r/formula1/comments/1mktgtx/f1_movie_income_per_person_in_selected_countries/,1754654997,2025-08-08T12:09:57Z,2025-08-08,FALSE,False,posts.part001.csv
submission,1mku8b4,formula1,PotatoGem11,"[@McLaren] Debriefing Spa, Budapest and celebrating our hard work in the first half of the season",,2007,2007,0,77,0.97,:post-photo: Photo,False,False,False,False,https://i.redd.it/q7e85swkkshf1.jpeg,https://www.reddit.com/r/formula1/comments/1mku8b4/mclaren_debriefing_spa_budapest_and_celebrating/,1754657154,2025-08-08T12:45:54Z,2025-08-08,FALSE,False,posts.part001.csv
submission,1mkvyh2,formula1,nekomamushi03,What unique mannerism/habit did you observe from the drivers?,"Inspired by this [post](https://www.reddit.com/r/nba/comments/1lqkmdm/what_are_rare_mannerisms_that_you_noticed_about/) that i saw on r/nba Some examples that i can think of : 1. During interviews, Sebastian Vettel frequently uses the word ""Obviously"" 2. Lewis Hamilton rest his left hand on the steering wheel during the start (Don't know if he still does this). 3. Alex Wurz used to have his racing boots in different color for each feet (mismatched) So, what other examples that you can think of for other drivers (both current and former)?",1045,1045,0,587,0.95,:post-discussion: Discussion,False,False,False,False,https://www.reddit.com/r/formula1/comments/1mkvyh2/what_unique_mannerismhabit_did_you_observe_from/,https://www.reddit.com/r/formula1/comments/1mkvyh2/what_unique_mannerismhabit_did_you_observe_from/,1754661512,2025-08-08T13:58:32Z,2025-08-08,FALSE,True,posts.part001.csv
submission,1mkvmzc,formula1,memloh,"Ferrari targeting second in 2025, first into the future - Vasseur",,783,783,0,98,0.98,:post-news: News,False,False,False,False,https://www.racefans.net/2025/08/08/ferrari-targeting-second-in-2025-first-in-2026-vasseur/,https://www.reddit.com/r/formula1/comments/1mkvmzc/ferrari_targeting_second_in_2025_first_into_the/,1754660734,2025-08-08T13:45:34Z,2025-08-08,FALSE,False,posts.part001.csv
submission,1mkszvc,formula1,zantkiller,FIA Launches Pioneering Medical Guidelines to Support Driver Health and Wellbeing,,238,238,0,47,0.95,:post-news: News,False,False,False,False,https://www.fia.com/news/fia-launches-pioneering-medical-guidelines-support-driver-health-and-wellbeing,https://www.reddit.com/r/formula1/comments/1mkszvc/fia_launches_pioneering_medical_guidelines_to/,1754653600,2025-08-08T11:46:40Z,2025-08-08,FALSE,False,posts.part001.csv
submission,1mksm6t,formula1,turinturambar66,Will Hamilton retire? The Race F1 Podcast on your questions,,0,0,0,62,0.19,:post-news: News,False,False,False,False,https://www.the-race.com/formula-1/will-hamilton-retire-the-race-f1-podcast-on-your-questions/,https://www.reddit.com/r/formula1/comments/1mksm6t/will_hamilton_retire_the_race_f1_podcast_on_your/,1754652387,2025-08-08T11:26:27Z,2025-08-08,FALSE,False,posts.part001.csv
submission,1mkrror,formula1,Witty_Error_1877,Would you increase pre season testing (in a cost realistic way)?,"Given it was not all that long ago there were 2 4 day long tests and in 2010 (still in the testing ban era) there was 15 days. - Modern cars are very complex and next year even more so. - Good experienced drivers in their prime like Sainz need half a year to get up to speed with a new team in the same regulations era. - Rookies get 1.5 days to prepare for the top level assuming no red flags, reliability issues, everything goes smoothly etc. Would you increase pre season testing but in a realistic way? (Not 15 days) If they allowed 2 car running",324,324,0,136,0.94,:post-discussion: Discussion,False,False,False,False,https://www.reddit.com/r/formula1/comments/1mkrror/would_you_increase_pre_season_testing_in_a_cost/,https://www.reddit.com/r/formula1/comments/1mkrror/would_you_increase_pre_season_testing_in_a_cost/,1754649569,2025-08-08T10:39:29Z,2025-08-08,FALSE,True,posts.part001.csv
submission,1mkndix,formula1,AutoModerator,Ask r/Formula1 Anything - Daily Discussion Thread,"# Welcome to the [r/formula1](https://www.reddit.com/r/formula1/) Daily Discussion / Q&A thread. This thread is a hub for general discussion and questions about Formula 1, that don't need threads of their own. Are you new to Formula 1? This is the place for you. Ever wondered why it's called a lollipop man? Why the cars don't refuel during pitstops? Or when Mika will be back from his sabbatical? Ask any question you might have here, and the community will answer. Also make sure you check out our [guide for new fans](https://www.reddit.com/r/formula1/wiki/newtof1), and our [FAQ for new fans](https://www.reddit.com/r/formula1/wiki/faq). Are you a veteran fan, longing for the days of lollipop men, refueling during pitstops, and Mika Häkkinen? This is the place to introduce new fans to your passion and knowledge of the sport. Remember to keep it civil and welcoming! Gatekeeping within the Daily Discussion will subject users to disciplinary action. Have a meta question about the subreddit? Please [direct these to the moderators](https://www.reddit.com/message/compose/?to=/r/formula1) instead.",25,25,0,87,0.75,:post-daily-discussion: Daily Discussion,False,False,False,False,https://www.reddit.com/r/formula1/comments/1mkndix/ask_rformula1_anything_daily_discussion_thread/,https://www.reddit.com/r/formula1/comments/1mkndix/ask_rformula1_anything_daily_discussion_thread/,1754632882,2025-08-08T06:01:22Z,2025-08-08,FALSE,True,posts.part001.csv
submission,1mkfcvp,formula1,canibanoglu,75 years of innovation: How F1 has evolved since 1950 and where it's headed,,270,270,0,29,0.92,:post-social-media: Social Media,False,False,False,False,https://www.espn.com/espn/feature/story/_/id/43832710/how-f1-evolved-1950-where-headed-2026,https://www.reddit.com/r/formula1/comments/1mkfcvp/75_years_of_innovation_how_f1_has_evolved_since/,1754608881,2025-08-07T23:21:21Z,2025-08-07,FALSE,False,posts.part001.csv
submission,1mk99dp,formula1,InquisitiveExplorer_,[Red Bull] World First! Jumping Over A Moving F1 Car,"Featuring David Coulthard, pro BMX rider Kriss Kyle and cameos by Verstappen, Tsunoda, Lawson and Hadjar.",239,239,0,67,0.83,:post-video: Video,False,False,False,False,https://youtu.be/8o40mSS05iE?si=1ZCCQSNjcKVzPbsp,https://www.reddit.com/r/formula1/comments/1mk99dp/red_bull_world_first_jumping_over_a_moving_f1_car/,1754594283,2025-08-07T19:18:03Z,2025-08-07,FALSE,False,posts.part001.csv
submission,1mk88xn,formula1,Holyjumper,Revealed: Two teams approached George Russell,,2356,2356,0,390,0.97,:post-news: News,False,False,False,False,https://www.sport.de/news/ne11654813/formel-1--enthuellt-zwei-teams-klopften-bei-george-russell-an/,https://www.reddit.com/r/formula1/comments/1mk88xn/revealed_two_teams_approached_george_russell/,1754591986,2025-08-07T18:39:46Z,2025-08-07,FALSE,False,posts.part001.csv
submission,1mk4yzd,formula1,MoneyLibrarian9032,Formula One Group Sees Revenue Boost From Apple’s ‘F1’ Movie,,1195,1195,0,157,0.97,:post-off-topic: Off-Topic,False,False,False,False,https://www.hollywoodreporter.com/business/business-news/formula-one-group-revenue-boost-f1-movie-1236339485/,https://www.reddit.com/r/formula1/comments/1mk4yzd/formula_one_group_sees_revenue_boost_from_apples/,1754584634,2025-08-07T16:37:14Z,2025-08-07,FALSE,False,posts.part001.csv
submission,1mk49qz,formula1,XsStreamMonsterX,[B Sport]Ferrari's Mysterious Hungary Problem - EXPLAINED,,0,0,0,22,0.44,:post-video: Video,False,False,False,False,https://youtu.be/Dyi_K7Px17Q?si=WgHoh_-8VrikCLpB,https://www.reddit.com/r/formula1/comments/1mk49qz/b_sportferraris_mysterious_hungary_problem/,1754583051,2025-08-07T16:10:51Z,2025-08-07,FALSE,False,posts.part001.csv
submission,1mk3ron,formula1,jianh1989,Jenson Button: The Ultimate Onboard Collection | Best Onboards | Qatar Airways,,102,102,0,17,0.93,:post-video: Video,False,False,False,False,https://www.youtube.com/watch?v=Dvr_iY_9yxQ,https://www.reddit.com/r/formula1/comments/1mk3ron/jenson_button_the_ultimate_onboard_collection/,1754581931,2025-08-07T15:52:11Z,2025-08-07,FALSE,False,posts.part001.csv
submission,1mk12l0,formula1,TheKaiserSarp,People who's favourite driver retired/lost his seat did you stopped watching it or started supporting someone else or just what happened ? Can you tell what happened afterwards,"I haven't get this feeling yet since Max is still racing and will continue to race in 2026. So I'm gonna tell my friends experience to give some more context. A friend of mine is a very big Seb fan and while Seb was still racing if he had a free time he used to watch every practice session spending some time in F1 related communities in social media etc. He was die-hard fan. Anyways when he retired my friend was obviously sad, also he gradually quit F1 like first he just started to watch Quali and Race also stopped spending time in f1 communities afterwards he only started to watch races and nowadays he usually just looks up to race results and watches some races if they're promising to be exciting (Silverstone this year for example) So what happend to you it'd be nice to hear other people's experience too Thanks Edit : There are looooots of answers/comments to this question, I really can’t thank individually so I’m thanking from there, thanks everybody",269,269,0,423,0.81,:post-discussion: Discussion,False,False,False,False,https://www.reddit.com/r/formula1/comments/1mk12l0/people_whos_favourite_driver_retiredlost_his_seat/,https://www.reddit.com/r/formula1/comments/1mk12l0/people_whos_favourite_driver_retiredlost_his_seat/,1754575679,2025-08-07T14:07:59Z,2025-08-07,1755075350,True,posts.part001.csv
submission,1mjyzdz,formula1,FlaeNorm,What are the technical reasons behind McLaren’s dominance in such a short period of time,"McLaren obviously have the best car— 7 1-2 finishes so far, and it feels like their car is the best at EVERYTHING (slow corners, straights, high speed corners, tyre management, dirty air.) What are the technical reasons behind this dominance. Just last season, it seemed liked their car wasn’t the best until at least after Miami. How were they able to create such a good car in every aspect so quick?",1025,1025,0,374,0.94,:post-discussion: Discussion,False,False,False,False,https://www.reddit.com/r/formula1/comments/1mjyzdz/what_are_the_technical_reasons_behind_mclarens/,https://www.reddit.com/r/formula1/comments/1mjyzdz/what_are_the_technical_reasons_behind_mclarens/,1754570416,2025-08-07T12:40:16Z,2025-08-07,FALSE,True,posts.part001.csv
submission,1mjyayu,formula1,CautionClock20,"[OT] Former Jumbo supermarkets director, WEC LMP2 Pro-Am champion and Max Verstappen sponsor Frits van Eerd has been sentenced to 2 years in prison for money laundering, corruption and forgery",,804,804,0,70,0.95,:post-off-topic: Off-Topic,False,False,False,False,https://www.ad.nl/binnenland/twee-jaar-cel-voor-oud-jumbobaas-frits-van-eerd-straf-hoger-dan-geeist~ada2e9f7/,https://www.reddit.com/r/formula1/comments/1mjyayu/ot_former_jumbo_supermarkets_director_wec_lmp2/,1754568470,2025-08-07T12:07:50Z,2025-08-07,FALSE,False,posts.part001.csv
submission,1mjxpio,formula1,No_Reference_5976,Just wanted to post this here,,4823,4823,0,68,0.99,:post-photo: Photo,False,False,False,False,https://i.redd.it/u4fvz97n3lhf1.jpeg,https://www.reddit.com/r/formula1/comments/1mjxpio/just_wanted_to_post_this_here/,1754566709,2025-08-07T11:38:29Z,2025-08-07,FALSE,False,posts.part001.csv
submission,1mjxmit,formula1,Tohannes,2025 Mid-Season Driver Ratings,"Summer break means time to look at how the model’s driver ratings are shaping up. 2025 has so far not delivered what the second half of 2024 promised. McLaren have been dominant with little chance of anyone else getting involved in the fight. However, 2025 offers some interesting new teammate pairings. The mathematical model seeks to eliminate the factor car by only measuring drivers against their teammates.",317,317,0,564,0.79,:post-statistics: Statistics,False,False,False,False,https://f1mathematicalmodel.com/2025/08/07/2025-mid-season-f1-driver-ratings/,https://www.reddit.com/r/formula1/comments/1mjxmit/2025_midseason_driver_ratings/,1754566447,2025-08-07T11:34:07Z,2025-08-07,FALSE,False,posts.part001.csv
submission,1mjwmsn,formula1,Luffy710j,world drivers championship without McLaren,,5991,5991,0,369,0.95,:post-statistics: Statistics,False,False,False,False,https://www.reddit.com/gallery/1mjwmsn,https://www.reddit.com/r/formula1/comments/1mjwmsn/world_drivers_championship_without_mclaren/,1754563157,2025-08-07T10:39:17Z,2025-08-07,FALSE,False,posts.part001.csv
submission,1mju46c,formula1,DataOperator,"Mid-season leaders vs Champions from the same year since summer break was introduced. Out of 16 seasons so far, mid season leader became champion 10 times (62.5%)",,2065,2065,0,109,0.98,:post-statistics: Statistics,False,False,False,False,https://i.redd.it/sjsqmebx0khf1.png,https://www.reddit.com/r/formula1/comments/1mju46c/midseason_leaders_vs_champions_from_the_same_year/,1754553720,2025-08-07T08:02:00Z,2025-08-07,FALSE,False,posts.part001.csv
submission,1mjuprq,formula1,Aratho,Alex Albon reveals how F1 drivers can 'abuse the system' of 2026 regulations,,0,0,0,18,0.39,:post-news: News,False,False,False,False,https://www.motorsportweek.com/2025/08/07/alex-albon-reveals-how-f1-drivers-can-abuse-the-system-of-2026-regulations/,https://www.reddit.com/r/formula1/comments/1mjuprq/alex_albon_reveals_how_f1_drivers_can_abuse_the/,1754556030,2025-08-07T08:40:30Z,2025-08-07,FALSE,False,posts.part001.csv
submission,1mjrxau,formula1,Electronic-Video-984,Who is the “Failed Prodigy” of F1 ?,"I’m kind of new to F1 and seeing pictures of current drivers while they’re young like Hamilton, Russell, Leclerc, Albon…and then I learned they’re racing prodigy in their Karting days. So who is the “Boy Wonder” of F1, a person with great potential but never made it to the biggest stage. Edit: Many people mentioned Stoffel Vandoorne so I read about him a bit. His records and potential was incredible but he’s at the wrong place and wrong time every way possible. For me, McLaren a top tier team with a jet but people say Vandoorne’s MCL car was like a shopping cart",2506,2506,0,1051,0.93,:post-discussion: Discussion,False,False,False,False,https://www.reddit.com/r/formula1/comments/1mjrxau/who_is_the_failed_prodigy_of_f1/,https://www.reddit.com/r/formula1/comments/1mjrxau/who_is_the_failed_prodigy_of_f1/,1754545491,2025-08-07T05:44:51Z,2025-08-07,1754560706,True,posts.part001.csv
submission,1mjs744,formula1,AutoModerator,Ask r/Formula1 Anything - Daily Discussion Thread,"# Welcome to the [r/formula1](https://www.reddit.com/r/formula1/) Daily Discussion / Q&A thread. This thread is a hub for general discussion and questions about Formula 1, that don't need threads of their own. Are you new to Formula 1? This is the place for you. Ever wondered why it's called a lollipop man? Why the cars don't refuel during pitstops? Or when Mika will be back from his sabbatical? Ask any question you might have here, and the community will answer. Also make sure you check out our [guide for new fans](https://www.reddit.com/r/formula1/wiki/newtof1), and our [FAQ for new fans](https://www.reddit.com/r/formula1/wiki/faq). Are you a veteran fan, longing for the days of lollipop men, refueling during pitstops, and Mika Häkkinen? This is the place to introduce new fans to your passion and knowledge of the sport. Remember to keep it civil and welcoming! Gatekeeping within the Daily Discussion will subject users to disciplinary action. Have a meta question about the subreddit? Please [direct these to the moderators](https://www.reddit.com/message/compose/?to=/r/formula1) instead.",18,18,0,97,0.83,:post-daily-discussion: Daily Discussion,False,False,False,False,https://www.reddit.com/r/formula1/comments/1mjs744/ask_rformula1_anything_daily_discussion_thread/,https://www.reddit.com/r/formula1/comments/1mjs744/ask_rformula1_anything_daily_discussion_thread/,1754546461,2025-08-07T06:01:01Z,2025-08-07,FALSE,True,posts.part001.csv
submission,1mjrnc1,formula1,jithu7,[AMuS] Upgrade goes in the trash,,517,517,0,73,0.97,:post-news: News,False,False,False,False,https://www.auto-motor-und-sport.de/formel-1/mercedes-problem-hinterrad-aufhaengung-budapest-fortschritt/,https://www.reddit.com/r/formula1/comments/1mjrnc1/amus_upgrade_goes_in_the_trash/,1754544525,2025-08-07T05:28:45Z,2025-08-07,FALSE,False,posts.part001.csv
submission,1mjr6qk,formula1,Appropriate_Star3012,Why isn't the live track map up more?,"The Sky broadcast just puts it up every now and then. Its SO handy to see where everyone is, to the point that in conjunction with the timing tree you can actually tell where everyone is at all times. Am I missing something or is there some cool subscription that I can get where I get the live lap map",359,359,0,44,0.96,:post-discussion: Discussion,False,False,False,False,https://www.reddit.com/r/formula1/comments/1mjr6qk/why_isnt_the_live_track_map_up_more/,https://www.reddit.com/r/formula1/comments/1mjr6qk/why_isnt_the_live_track_map_up_more/,1754542949,2025-08-07T05:02:29Z,2025-08-07,FALSE,True,posts.part001.csv
submission,1mjgn30,formula1,NoTomato7,Track on Summer Brake,Using Circuit Gilles Villeneuve as a bike trak is always fun to do. Without the trak livery it looks naked.,99,99,0,8,0.89,:post-photo: Photo,False,False,False,False,https://www.reddit.com/gallery/1mjgn30,https://www.reddit.com/r/formula1/comments/1mjgn30/track_on_summer_brake/,1754514223,2025-08-06T21:03:43Z,2025-08-06,FALSE,False,posts.part001.csv
submission,1mjfd2k,formula1,NCH-69,Not even one day in Austria and I see this,,8089,8089,0,153,0.99,:post-off-topic: Off-Topic,False,False,False,False,https://www.reddit.com/gallery/1mjfd2k,https://www.reddit.com/r/formula1/comments/1mjfd2k/not_even_one_day_in_austria_and_i_see_this/,1754511265,2025-08-06T20:14:25Z,2025-08-06,FALSE,False,posts.part001.csv
submission,1mjhcis,formula1,Huuuuuuuuuuulkenberg,It’s officially been 31 years since active suspension was banned,"Active suspension was banned by the FIA in 1994, after first being developed by Lotus in the 1980s. It was a game changer for Aryton Senna in the Lotus 99T in 1987 and was used to great effect by Williams as well with the FW14B. (I’m not an AI, I just know things) My question to all of you is if you think it should be unbanned",386,386,0,63,0.91,:post-technical: Technical,False,False,False,False,https://www.reddit.com/r/formula1/comments/1mjhcis/its_officially_been_31_years_since_active/,https://www.reddit.com/r/formula1/comments/1mjhcis/its_officially_been_31_years_since_active/,1754515855,2025-08-06T21:30:55Z,2025-08-06,FALSE,True,posts.part001.csv
submission,1mjnp2i,formula1,MoneyLibrarian9032,Hamilton insists he ‘still loves racing’ despite struggles,,492,492,0,69,0.96,:post-news: News,False,False,False,False,https://www.formula1.com/en/latest/article/hamilton-insists-he-still-loves-racing-despite-recent-ferrari-struggles-and.68fHqDqTQyCtLquRAkbxlp,https://www.reddit.com/r/formula1/comments/1mjnp2i/hamilton_insists_he_still_loves_racing_despite/,1754532273,2025-08-07T02:04:33Z,2025-08-07,FALSE,False,posts.part001.csv
submission,1mja6df,formula1,jaysvw,The F1 test fans can watch for £6 explained,,169,169,0,23,0.89,:post-news: News,False,False,False,False,https://www.the-race.com/formula-1/haas-f1-test-fuji-fans-can-watch-for-six-pounds/,https://www.reddit.com/r/formula1/comments/1mja6df/the_f1_test_fans_can_watch_for_6_explained/,1754499556,2025-08-06T16:59:16Z,2025-08-06,FALSE,False,posts.part001.csv
